Date,Open,High,Low,Close,O-C Returns,H-L Returns,C-C Returns
2026-08-31 00:00:00-04:00,319.6000061035156,330.80999755859375,312.79998779296875,319.9700012207031,0.11576818214066675,5.757675980967489,1.1858832412636522
2026-08-24 00:00:00-04:00,311.4700012207031,322.3699951171875,308.2099914550781,319.70001220703125,2.6423125675260324,4.594271456048241,-0.08437947702655269
2026-08-17 00:00:00-04:00,306.2099914550781,320.2799987792969,302.94000244140625,309.3500061035156,1.0254448698804621,5.723904468920203,-3.2374118574675426
2026-08-10 00:00:00-04:00,306.8299865722656,309.9700012207031,300.57000732421875,305.92999267578125,-0.2933200586222382,3.1273891830280967,-1.105548201149853
2026-08-03 00:00:00-04:00,309.313228844601,316.0174689505616,301.0603670246513,313.05999755859375,1.211318613170322,4.9681404675513265,2.3306001547774846
2026-07-27 00:00:00-04:00,334.2517499678951,344.2731063334242,299.7415030462749,308.6438293457031,-7.661267480170738,14.856669108072904,-1.4106459615825129
2026-07-20 00:00:00-04:00,333.2226307372531,334.0818750563203,319.07482847232825,332.7330322265625,-0.14692834925628084,4.7033000553014634,7.8048548490103675
2026-07-13 00:00:00-04:00,316.7467996791822,334.7013154010385,311.6412178149259,333.452392578125,5.274115765609354,7.399565997013697,0.21619745618544073
2026-07-06 00:00:00-04:00,307.0951461699058,316.6369356310425,306.7354710025913,315.0483093261719,2.589804253000428,3.2280142221854615,-5.519253621082121
2026-06-29 00:00:00-04:00,286.4829225266114,309.15337194761725,279.60884646095855,308.3640441894531,7.637845030992799,10.56637723040854,-2.1216635477318113
2026-06-22 00:00:00-04:00,297.0538012082891,302.15941370241234,273.51410564235374,283.53546142578125,-4.5508051832768865,10.473064265839042,-8.051711355950975
2026-06-15 00:00:00-04:00,293.8665418559601,301.80970326551375,291.4486443278618,297.7532043457031,1.3225944216705234,3.5550204604816686,5.014449638301599
2026-06-08 00:00:00-04:00,308.47396195776577,317.12650365860503,287.1323816080534,290.879150390625,-5.7038238999081985,10.446095241007951,-2.30864147043639
2026-06-01 00:00:00-04:00,309.36320006430657,316.6668986772518,304.7571565958632,307.0751647949219,-0.739595164812455,3.9079450059255123,5.567953008164062
2026-05-25 00:00:00-04:00,309.2932613338499,314.7285763294451,307.40490573134,311.7911071777344,0.8075978872324385,2.382418257340918,1.5357615735424268
2026-05-18 00:00:00-04:00,299.98127043944976,311.13165741506583,294.655876769788,308.55389404296875,2.8577196139481473,5.591533020110173,-1.038263459169242
2026-05-11 00:00:00-04:00,291.72842220779347,302.93875555297063,289.9799301204788,299.9713134765625,2.825535889299723,4.4688697687139225,-2.78154991141063
2026-05-04 00:00:00-04:00,279.16181569968694,294.2349225642168,274.370348169768,292.7974853515625,4.884503855836918,7.240058747950949,-2.3915047215208207
2026-04-27 00:00:00-04:00,265.61600070101764,286.70836594964845,264.59782863029284,279.6409912109375,5.280175318092622,8.356280712435241,-4.493376753160283
2026-04-20 00:00:00-04:00,269.84840741114294,275.27871876409296,264.9271972672859,270.5771179199219,0.2700443985458335,3.9073079712398697,-3.241253455641846
2026-04-13 00:00:00-04:00,259.2673312743791,271.8149160854778,256.2027928218516,269.7486267089844,4.042659514056964,6.093658500624543,-0.30619411475241165
2026-04-06 00:00:00-04:00,256.0530621608311,261.7229364827484,245.26230632865992,260.0159912109375,1.5476983624656848,6.711439030517267,-3.6080389423249315
2026-03-30 00:00:00-04:00,249.6245414503573,255.72364268993437,245.07265167866177,255.464111328125,2.339341253804171,4.346054501927098,-1.7506153608528585
2026-03-23 00:00:00-04:00,253.51758471394055,256.5421859208602,247.6281009352486,248.35679626464844,-2.035672773987393,3.5997873229834028,-2.782118798028632
2026-03-16 00:00:00-04:00,251.66088873918926,254.67551313871203,245.56177255944445,247.54823303222656,-1.6342053497334985,3.7113840987042774,-0.3255651725996178
2026-03-09 00:00:00-04:00,255.2345235482621,262.0124365652128,249.07551643845036,249.6744384765625,-2.1784220231665685,5.193975028838013,0.8589055224882847
2026-03-02 00:00:00-05:00,261.94253684697924,266.05519245359585,253.916851068475,257.0013427734375,-1.8863656636372386,4.780439476168296,2.93458326834799
2026-02-23 00:00:00-05:00,263.02063827381124,275.6181535258423,262.4217314181026,263.70941162109375,0.2618704569355791,5.028707811821627,2.610129883083845
2026-02-16 00:00:00-05:00,257.59030662641766,266.34470355352306,255.0847833354605,264.1086730957031,2.530516988257261,4.414187342274635,0.1514020573460062
2026-02-09 00:00:00-05:00,277.4149388990934,279.68088418796845,254.9949421084194,255.32435607910156,-7.963011259471873,9.680953620269465,-3.3260236832201473
2026-02-02 00:00:00-05:00,259.3241593889942,280.1474864654567,258.50637793668443,277.36505126953125,6.9568882139805455,8.371595587507251,8.632429560931243
2026-01-26 00:00:00-05:00,250.79733609491583,261.2389309992335,249.12190387405084,258.775634765625,3.18117361010953,4.8638947185104575,-6.702148096460025
2026-01-19 00:00:00-05:00,252.0439552996536,254.0983609553057,242.75922990826072,247.36668395996094,-1.8557363671474967,4.670937146789464,-4.408819561392341
2026-01-12 00:00:00-05:00,258.45651601117277,261.1092991157065,254.23798735410128,254.83636474609375,-1.4006809814469996,2.702708526415017,3.0196793952017575
2026-01-05 00:00:00-05:00,269.9053506491376,270.7729841270346,255.0058882717296,258.6659240722656,-4.164210361091581,6.183032071206087,1.5027522975331387
2025-12-29 00:00:00-05:00,271.94978536259265,277.0857995993762,268.26979943372277,270.27435302734375,-0.6160815067439871,3.286243991780908,4.4878075829713815
2025-12-22 00:00:00-05:00,272.11929424741834,274.68232516738277,268.8282644245927,272.6578369140625,0.19790682911095012,2.177621001020952,0.8818757162939672
2025-12-15 00:00:00-05:00,279.38954553762477,279.38954553762477,266.22539431267785,272.9271545410156,-2.3130396608697974,4.9447391218757355,0.09877494445098556
2025-12-08 00:00:00-05:00,277.37501043560536,279.26984672659455,273.0667299351181,277.52459716796875,0.05392941928274987,2.2716486892967023,1.684494397299785
2025-12-01 00:00:00-05:00,277.25532507191593,287.8365086060473,275.3904062348719,278.0232238769531,0.276964492868806,4.519439344797117,0.17966937492124302
2025-11-24 00:00:00-05:00,270.1646167574924,279.61889358540856,270.1646167574924,278.0930480957031,2.934666809209699,3.499450424480486,0.0251145274039688
2025-11-17 00:00:00-05:00,268.0902558738351,274.68229744790375,264.5997571386471,270.75299072265625,0.9932232859945023,3.8104873633627494,-2.6394249778300294
2025-11-10 00:00:00-05:00,268.22988526106093,275.94889531524353,266.733957090797,271.6705322265625,1.2827231992262467,3.4547300707235227,0.33888508542685436
2025-11-03 00:00:00-05:00,269.4247690438804,272.39378209646947,265.27010278809513,267.48193359375,-0.7211049886114936,2.685443716989442,-1.5417935093966606
2025-10-27 00:00:00-04:00,263.90515381482606,276.29937269597025,263.6759893493811,269.37493896484375,2.072632940641872,4.787460313598244,0.7077133568089256
2025-10-20 00:00:00-04:00,254.94821949791788,264.31363277361163,254.4899057969633,261.85272216796875,2.708198034741428,3.8601637050727917,-2.7924709053416152
2025-10-13 00:00:00-04:00,248.46220205190008,252.4474806979352,243.79941813067063,251.36148071289062,1.166889223812373,3.5472039406711815,-4.006542826141935
2025-10-06 00:00:00-04:00,257.0404807414278,258.11652292325897,243.10197943699816,244.3673095703125,-4.930418405132071,6.176232509925715,-2.782515094493332
2025-09-29 00:00:00-04:00,253.62311621534352,258.2858846694617,252.07881778707366,257.07037353515625,1.3592047015484883,2.4623516314770475,5.198348333572289
2025-09-22 00:00:00-04:00,247.38615408604815,256.6519291955366,247.20680865676502,254.51980590820312,2.8836099774903654,3.820736406935161,-0.9921670832303553
2025-09-15 00:00:00-04:00,236.12774931680403,245.3935247988757,234.16499845437372,244.59646606445312,3.586497890295362,4.795134379013443,-3.8988477962807466
2025-09-08 00:00:00-04:00,238.4192892509933,239.2661518104799,225.1184161790937,233.2085418701172,-2.1855393484503502,6.284574967927503,-4.65580078795379
2025-09-01 00:00:00-04:00,228.40626706897564,240.43185187342493,226.1346596094292,238.80784606933594,4.553981435727927,6.32242412051707,2.4009858962787067
2025-08-25 00:00:00-04:00,225.64645673813993,232.55095940990876,223.86305135920819,231.28562927246094,2.499118583929372,3.8809030779983646,-3.149903539890808
2025-08-18 00:00:00-04:00,230.8472546952064,232.26202674221022,222.9564050682187,226.9217529296875,-1.7004758279243317,4.173740454392538,-1.8867909590840504
2025-08-11 00:00:00-04:00,227.0811494654702,234.25464716768928,223.93277604641202,230.73764038085938,1.6102133197741224,4.6093614804909,1.6815873321559538
2025-08-04 00:00:00-04:00,203.5263365428878,229.88892965735022,200.70994653479474,228.2468719482422,12.146111321639783,14.537885952501641,-1.0794807594053046
2025-07-28 00:00:00-04:00,213.00054476751822,213.81660797252744,200.53081350952442,201.40658569335938,-5.443159352861374,6.62531320273729,-11.759322713070597
2025-07-21 00:00:00-04:00,211.07985047560757,214.74214317434578,210.61210986016906,212.85128784179688,0.8392261801388813,1.9609666874895115,5.682387251160703
2025-07-14 00:00:00-04:00,208.92025793562277,211.37837878607013,206.5417541182931,210.16424560546875,0.5954365948702323,2.341717629166123,-1.2624035605202866
2025-07-07 00:00:00-04:00,211.6570261845262,215.1899541267727,206.22329666518922,210.14434814453125,-0.7146835931995755,4.348033227371573,-0.009467576599520022
2025-06-30 00:00:00-04:00,201.03835493406004,213.61755770997246,198.30158204607326,212.52285766601562,5.712592871008355,7.723577142385425,1.1318455825652274
2025-06-23 00:00:00-04:00,200.66019636896587,202.6903776092267,198.00304046998778,200.1128387451172,-0.2727783754592883,2.367305637384587,-5.83938078811318
2025-06-16 00:00:00-04:00,196.3510178983807,200.72984844555882,194.13174813538697,200.03321838378906,1.875315200715718,3.3987744784383986,-0.03978773267493407
2025-06-09 00:00:00-04:00,203.4069084341217,205.00916513800448,194.758703844025,195.50509643554688,-3.8847313787938638,5.263159536217022,-2.263684994336501
2025-06-02 00:00:00-04:00,199.31668684072844,205.24802695954665,199.15745276838769,202.93917846679688,1.817455268541127,3.058170360434396,3.802500378142737
2025-05-26 00:00:00-04:00,197.34620380763855,202.82969590138904,195.83351057352263,199.88394165039062,1.2859319276421028,3.5725169340922402,-1.5054938329249867
2025-05-19 00:00:00-04:00,206.9099988528278,208.47243957590595,192.5295034494263,194.33079528808594,-6.079553252372925,8.280775590670729,-2.7781853391792177
2025-05-12 00:00:00-04:00,209.955282742242,212.9109989219333,205.75557878272767,210.24388122558594,0.13745711923726792,3.4776311687575485,8.18865888646707
2025-05-05 00:00:00-04:00,201.8583995608079,202.85228628407035,192.06860927046955,197.3163299560547,-2.2501266306656484,5.614492162233185,-6.148835911024841
2025-04-28 00:00:00-04:00,208.71623319619866,213.2483546905489,200.92416412992952,204.09466552734375,-2.2142828078496968,6.1337523109713254,3.435263352404072
2025-04-21 00:00:00-04:00,192.0884895155007,208.46773832051537,188.64963481126378,208.0006103515625,8.283745099040807,10.505243505548679,1.9137907471155513
2025-04-14 00:00:00-04:00,210.14744406943603,211.6382743875614,191.1940140122237,195.7758331298828,-6.83882261961017,10.692939567674244,-5.877279495005993
2025-04-07 00:00:00-04:00,176.11674827627388,199.38364327125862,168.17560198354383,196.9386749267578,11.822797578468021,18.55681853945053,0.5939659549825782
2025-03-31 00:00:00-04:00,215.6833788883888,224.24074523500292,186.19475800144227,187.22840881347656,-13.192935970108774,20.43343628034144,-4.9306039643521204
2025-03-24 00:00:00-04:00,219.64897186290423,223.64440084630027,216.34926057176412,216.5679168701172,-1.4027176938984773,3.3719275283200325,15.670436042571744
2025-03-17 00:00:00-04:00,212.00601373076287,217.5022071138821,208.68643510071283,216.93569946289062,2.3252574987746377,4.2244106613420955,0.1698232120845633
2025-03-10 00:00:00-04:00,234.100098599881,234.71631875054027,207.14589246958957,212.18490600585938,-9.36146235097432,13.309665932670246,-2.189954658819959
2025-03-03 00:00:00-05:00,240.31189403788665,242.53820603451464,227.82867766736862,237.60853576660156,-1.1249373578067186,6.456398956334211,11.981827661219292
2025-02-24 00:00:00-05:00,243.43270964565906,248.47172347722216,228.79275994472408,240.36160278320312,-1.2615834851964804,8.601217773347582,1.158656614636877
2025-02-17 00:00:00-05:00,242.65745381306218,247.1697083342209,240.3615777536902,244.0489044189453,0.573421744940536,2.832453774083357,1.5340643401633436
2025-02-10 00:00:00-05:00,228.16661777097877,244.0489258287467,225.81109555851052,243.104736328125,6.547021953991663,8.076587301933762,-0.38687659470066915
2025-02-03 00:00:00-05:00,228.33298765758835,232.31409120281862,224.0738875021787,225.989990234375,-1.0261318118111529,3.6774493415971055,-7.0400710213435636
2025-01-27 00:00:00-05:00,222.4059850960364,245.40904807772534,222.36626480465213,234.29966735839844,5.347734800044281,10.362535564158621,3.6770111434605735
2025-01-20 00:00:00-05:00,222.3861535289803,225.39432216168268,217.7994439600785,221.17494201660156,-0.544643402099621,3.4870971493372087,-5.60168330146219
2025-01-13 00:00:00-05:00,231.84746993602207,237.23835593757786,226.38709614544433,228.3230438232422,-1.5201486191557052,4.793232466377876,3.23187687604507
2025-01-06 00:00:00-05:00,242.5498143090155,245.54806031948488,231.32130202918376,235.14356994628906,-3.053494138441457,6.150215378135066,2.987226347738692
2024-12-30 00:00:00-05:00,250.41274818465718,251.6736024266591,240.0777608762415,241.60665893554688,-3.516629769430345,4.830035696807072,2.748571432650304
2024-12-23 00:00:00-05:00,252.93446613577976,258.2260669719551,251.23677948504655,253.74855041503906,0.32185581178260214,2.7819523483919477,5.025478822887597
2024-12-16 00:00:00-05:00,246.20329462583092,253.16278373693368,243.9198625662762,252.65646362304688,2.62107337232152,3.7893269836301444,-0.43038148994583025
2024-12-09 00:00:00-05:00,240.08767218030485,248.99304660129016,240.00824674407838,246.34228515625,2.6051370814441324,3.743537973839835,-2.499116142232316
2024-12-02 00:00:00-05:00,235.56053144277683,242.86750503393802,235.45132336014163,241.09039306640625,2.3475331753412805,3.1497727716963158,-2.1319490831679944
2024-11-25 00:00:00-05:00,229.79239857404903,236.0966394139658,228.08478950729452,235.62010192871094,2.536073164658651,3.512662954850412,-2.268979310257535
2024-11-18 00:00:00-05:00,223.6271424669228,229.05773399756174,223.54771702465473,228.21385192871094,2.051052216287458,2.4648057453878267,-3.1433014158702033
2024-11-11 00:00:00-05:00,223.3789520263672,227.22106515358718,219.90416832817925,223.3789520263672,0.0,3.327311565321662,-2.1185830139066497
2024-11-04 00:00:00-05:00,219.39782506103637,227.01256271730918,218.12704836852572,225.32481384277344,2.701480190192487,4.073549986231593,0.8711034762919567
2024-10-28 00:00:00-04:00,231.38445153509855,232.78274307946563,218.44270756169647,221.06080627441406,-4.461684954279868,6.564666624871879,-1.8923825989864973
2024-10-21 00:00:00-04:00,232.5050389017646,234.88513798163208,225.87053560409365,229.49026489257812,-1.2966488913215553,3.9910483912515495,3.8131855032230932
2024-10-14 00:00:00-04:00,226.80273688068175,235.51982486404557,226.70357554465372,233.05047607421875,2.7547018521314683,3.888888518061915,1.5513560818395167
2024-10-07 00:00:00-04:00,222.6376067151278,227.8440540881987,219.49390602191923,225.6623077392578,1.3585759696025794,3.8042733019866195,-3.1702009193098846
2024-09-30 00:00:00-04:00,228.13159907168068,231.06704979592718,221.16984735069795,224.91848754882812,-1.4084465001461604,4.474932981951978,-0.329616495497842
2024-09-23 00:00:00-04:00,225.4540199681837,227.61594290444046,222.16157002769407,225.90028381347656,0.19794007015525328,2.4551378872891756,0.4365120339141937
2024-09-16 00:00:00-04:00,214.74361070595776,231.1563174701668,212.1453506665138,226.306884765625,5.384688290214369,8.961293162411886,0.179991341880803
2024-09-09 00:00:00-04:00,218.98813422892786,222.18140791181287,214.9122292588716,220.65419006347656,0.7607973100528923,3.3823941420221395,-2.4978005896739153
2024-09-02 00:00:00-04:00,226.65398209656823,227.10024592893973,215.675810106327,218.9881134033203,-3.382190165969286,5.297040876758757,-0.7550623261117106
2024-08-26 00:00:00-04:00,224.87884261111492,230.98774421445142,222.03265635301275,227.1002655029297,0.9878309875759614,4.03323007008521,3.7043801024345457
2024-08-19 00:00:00-04:00,223.84748698803145,226.44574730936597,221.18971169998787,224.95819091796875,0.49618780397417994,2.3762568199858958,-0.9432285692036357
2024-08-12 00:00:00-04:00,214.2775251138111,224.94825642777528,213.81142294803658,224.1747283935547,4.618871379295054,5.208717722460191,-0.3482702813429661
2024-08-05 00:00:00-04:00,197.21010922075223,214.7330756065884,194.1492898601807,214.19818115234375,8.614199342375233,10.602040193518812,-4.450344297371645
2024-07-29 00:00:00-04:00,214.91138556098804,223.46980270062375,213.7128042032807,217.78399658203125,1.3366490628427021,4.56547212213935,1.6740643689860057
2024-07-22 00:00:00-04:00,224.86648145365507,225.62921505852884,212.5934730602767,215.90194702148438,-3.9866032386059653,6.131769621429592,-0.8641817535192331
2024-07-15 00:00:00-04:00,234.2470709809028,234.98998922519309,220.17125510998736,222.19198608398438,-5.146311903255871,6.730548957357298,2.913377646322979
2024-07-08 00:00:00-04:00,224.94573823232489,230.87918413220774,221.14200039725537,228.3631591796875,1.5192201346944785,4.403136318501538,2.777405794181309
2024-07-01 00:00:00-04:00,210.0873587019072,224.3117665065084,209.91896572291452,224.2028045654297,6.718845889033663,6.856360374122586,-1.8218151426886875
2024-06-24 00:00:00-04:00,205.758644844649,214.02980761283354,204.63930981677996,208.63125610351562,1.3961072017340894,4.588804469904238,-6.945296019867486
2024-06-17 00:00:00-04:00,211.3552603734536,216.8825733362682,205.15437552925596,205.53079223632812,-2.7557715511002425,5.7167670817431535,-1.4860974932965787
2024-06-10 00:00:00-04:00,195.04080596094178,218.1208034976425,190.33565686478929,210.48361206054688,7.9177308684304855,14.597972387586438,2.409770219989116
2024-06-03 00:00:00-04:00,191.07856850313135,195.08042995429523,190.70216686652267,195.03089904785156,2.0684321510684973,2.2958643625885022,-7.3415278564538555
2024-05-27 00:00:00-04:00,189.70168954150336,191.1776258768744,187.31445709933976,190.43470764160156,0.3864056782361104,2.0623975518802897,-2.3566478074442454
2024-05-20 00:00:00-04:00,187.54227032139238,190.99932175165736,184.8677678514351,188.18612670898438,0.34331267638416374,3.3167241490954473,-1.1807621417672554
2024-05-13 00:00:00-04:00,183.6890157556302,189.29557576521952,182.87675121553593,188.07717895507812,2.3889088748157308,3.5099182958026507,-0.05789361618283584
2024-05-06 00:00:00-04:00,180.628191654608,183.34230991411323,178.71640755023796,181.3215789794922,0.38387547288856216,2.5884038445518263,-3.591929660535531
2024-04-29 00:00:00-04:00,171.50035903512213,184.98337684032407,167.28630465439625,181.4024200439453,5.773784419189062,10.578912734362172,0.04458435940615235
2024-04-22 00:00:00-04:00,163.735023449486,169.49225225997063,162.99311150883034,167.47425842285156,2.283711141690564,3.9873714238458415,-7.67804620121364
2024-04-15 00:00:00-04:00,173.46890436797403,174.72521281299944,162.31054999578998,163.2206268310547,-5.907847042822155,7.648709721907462,-2.539871877537736
2024-04-08 00:00:00-04:00,167.2071498897327,176.43653535919364,165.30785731479736,174.64605712890625,4.448916953658529,6.7320926090063775,6.999991679775697
2024-04-01 00:00:00-04:00,169.3438741820444,170.06599757052976,166.41578844466204,167.75123596191406,-0.9404758381860664,2.193427174177957,-3.947882523281432
2024-03-25 00:00:00-04:00,168.730562312619,171.72788526439402,167.6226302470755,169.6307373046875,0.5334984840509618,2.449105476550137,1.1204098330459766
2024-03-18 00:00:00-04:00,173.67664800171835,176.7432083268762,168.22605856941686,170.422119140625,-1.8739012403447286,5.062919401363035,0.46653209701967846
2024-03-11 00:00:00-04:00,171.07499443298596,172.4994676963683,168.4535633292171,170.75843811035156,-0.18503950485785353,2.40179209462259,0.19734467064633776
2024-03-04 00:00:00-05:00,174.25038851189706,174.99230049550303,166.67300559095543,168.8888397216797,-3.0769221440509478,4.991387102578928,-1.0948790638759864
2024-02-26 00:00:00-05:00,180.27469756327412,181.93657290571278,175.46710804516843,177.72251892089844,-1.4157165020231957,3.686995775230416,5.230469469608656
2024-02-19 00:00:00-05:00,179.82952788104456,183.04447912807765,178.05883829721884,180.55166625976562,0.4015683003954485,2.79999627007377,1.591890187042866
2024-02-12 00:00:00-05:00,186.38805811871427,186.63536209378327,179.39430955276535,180.3439483642578,-3.242755901564704,4.036389202684329,-0.11504623569020822
2024-02-05 00:00:00-05:00,186.12095237097688,188.98968733442845,183.83586621882617,186.81341552734375,0.3720500822425677,2.8034905383846658,3.587293736088637
2024-01-29 00:00:00-05:00,189.6972733131766,189.88498721395652,177.09097033579843,183.61148071289062,-3.208160293500246,7.224545019939854,-1.713974772858029
2024-01-22 00:00:00-05:00,189.9837908964192,194.01464998340256,189.6281264159501,190.1023406982422,0.06239995594551208,2.313224124690553,3.535105735300492
2024-01-15 00:00:00-05:00,179.965942215154,189.63801803091337,178.12834474242015,189.25271606445312,5.160295184183539,6.461449639099611,-0.4469301275662363
2024-01-08 00:00:00-05:00,179.89677817023417,184.79704312422805,179.31388815730998,183.68064880371094,2.10335653143056,3.0578529210786902,-2.944246918413862
2024-01-01 00:00:00-05:00,184.89582053774384,186.17029126279212,177.99989705667167,178.9977264404297,-3.1899553381792884,4.590111759176555,-2.5494914101079957
2023-12-25 00:00:00-05:00,191.2780225652583,192.31537862535112,188.7883710360358,190.21102905273438,-0.5578233705128932,1.8682334986841274,6.264494435372869
2023-12-18 00:00:00-05:00,193.72815708321022,195.2990024402463,190.64574127695036,191.26815795898438,-1.269820123860067,2.4407894622393775,0.5557663567220983
2023-12-11 00:00:00-05:00,190.78400606934872,197.21558821205542,189.11435957243302,195.19029235839844,2.3095679663252597,4.283772347027694,2.0505945376726675
2023-12-04 00:00:00-05:00,187.6917427321343,193.629363703371,185.19221704166407,193.3527374267578,3.016112809343274,4.55588620109709,-0.9414171726668696
2023-11-27 00:00:00-05:00,187.63243072866743,189.77629148604683,185.92327262716194,188.93653869628906,0.6950333492761092,2.0723703947549805,-2.2840114855584126
2023-11-20 00:00:00-05:00,187.60281602148953,190.60619325566748,186.970525284031,187.68185424804688,0.04213061841688479,1.9445139634246933,-0.6640771853341998
2023-11-13 00:00:00-05:00,183.58186074004414,188.65995036958518,181.99125210700691,187.40524291992188,2.0826579295280876,3.664296050151471,-0.14738309637510882
2023-11-06 00:00:00-05:00,174.2555602218382,184.3228271167955,174.0876096302395,184.1548614501953,5.680909817600469,5.879348626990458,-1.7344133062037415
2023-10-30 00:00:00-04:00,166.76449340403477,175.4075889502857,165.65942916172233,174.29266357421875,4.514252414598133,5.884458154836995,-5.355382854578505
2023-10-23 00:00:00-04:00,168.62926390394222,171.68788635467178,163.45918462109466,165.97515869140625,-1.5739291930064097,5.034101786725286,-4.772148587465175
2023-10-16 00:00:00-04:00,174.39131859835211,176.69022717913967,170.33616484514565,170.57296752929688,-2.1895304764851526,3.7303072660879537,2.7701789075793126
2023-10-09 00:00:00-04:00,174.4505324976678,179.90673545610116,173.454015999901,176.46331787109375,1.153785743504595,3.7201326351554984,3.453273063790241
2023-10-02 00:00:00-04:00,168.9351268257066,175.61478762599208,168.54047071572916,175.1214599609375,3.661957848241628,4.197399520851526,-0.7604174773232386
2023-09-25 00:00:00-04:00,171.87535219629032,174.6083916237015,165.38315844211488,168.92526245117188,-1.7164123345325837,5.578097110060639,-3.538228559279799
2023-09-18 00:00:00-04:00,174.1249390317904,177.3019705923693,171.5399067273462,172.45748901367188,-0.9576170004080226,3.359022384325763,2.0909996002054454
2023-09-11 00:00:00-04:00,177.66704964479908,177.8939761771516,171.26365051529888,172.674560546875,-2.810025329910816,3.8714144197576976,0.12586958933742398
2023-09-04 00:00:00-04:00,185.76747132411325,187.44478243724876,171.2241657923431,175.80224609375,-5.364354243147694,9.473322045310873,1.8113180870241496
2023-08-28 00:00:00-04:00,177.68676116519802,187.38558521498553,176.16731852655371,186.93173217773438,5.2029599458685425,6.367961312155002,6.33068480709249
2023-08-21 00:00:00-04:00,172.73374837211426,179.12727041829893,171.42149503340048,176.22650146484375,2.022044403972043,4.495221199300026,-5.726812985776064
2023-08-14 00:00:00-04:00,175.5950554575437,177.292103879552,169.6652621694116,172.1614990234375,-1.9553833250939072,4.4952287890994285,-2.3066919036676237
2023-08-07 00:00:00-04:00,179.69954565845288,180.6862010191337,174.1940069392339,175.41744995117188,-2.382919607053317,3.726990494090047,1.8912189695160064
2023-07-31 00:00:00-04:00,193.1827712882,193.84293707748188,179.25027969317492,179.3192596435547,-7.176370621561802,8.140939812917116,2.2242996312333174
2023-07-24 00:00:00-04:00,190.5716621661804,194.30603632708886,189.42868185584834,192.95614624023438,1.2512269909125724,2.5747708443392416,7.604808665720952
2023-07-17 00:00:00-04:00,189.08380857197548,195.3209158807388,188.42364281090323,189.12322998046875,0.02084864314453586,3.6605135995366975,-1.986418331030293
2023-07-10 00:00:00-04:00,186.4825640381841,188.88675892743436,183.86161152756205,187.89158630371094,0.7555785565230208,2.7331139753003892,-0.6512387065750747
2023-07-03 00:00:00-04:00,190.93628859706024,191.03482711683841,186.42349802580367,187.88177490234375,-1.5997554562100773,2.473577172335042,-0.005221841786640091
2023-06-26 00:00:00-04:00,184.08824016334896,191.62596911406445,182.51171441823254,191.1234588623047,3.8216556868125284,4.993791617641726,1.725384998968571
2023-06-19 00:00:00-04:00,181.70379839693732,184.8075663300865,179.91049956632327,183.9404754638672,1.23094678628775,2.7219460651644467,-3.7582950000985993
2023-06-12 00:00:00-04:00,178.60983864463756,184.245897953939,178.314238184526,182.20626831054688,2.013567501768352,3.326520545866165,-0.9428088890968245
2023-06-05 00:00:00-04:00,179.94990373433149,182.23584984218144,174.71783055932602,178.30441284179688,-0.9144161004742332,4.302949080118443,-2.141449635585424
2023-05-29 00:00:00-04:00,174.36310361578896,179.11236188910445,173.9788275002409,178.29454040527344,2.254741231348717,2.9506661601432187,-0.005536843629438959
2023-05-22 00:00:00-04:00,171.42682690414765,173.19056694623742,168.01761106999862,172.8555450439453,0.8334273961662525,3.0788176568488836,-3.050567532222237
2023-05-15 00:00:00-04:00,170.618843229577,173.80143807257875,167.9190479084902,172.58949279785156,1.1550011305743855,3.5031107175489926,-0.15391594526291685
2023-05-08 00:00:00-04:00,169.94881544598408,172.02785135276835,168.49053896760506,170.03750610351562,0.05218668767934585,2.0994130630939423,-1.478645456896377
2023-05-01 00:00:00-04:00,166.56537779739233,171.50487988988195,161.67507689386255,170.78659057617188,2.534267826002932,6.0799742204375296,0.44054073117270054
2023-04-24 00:00:00-04:00,162.3540406116897,167.12627144742981,160.18932307301998,166.958984375,2.836359197443184,4.330468623834393,-2.241163189837636
2023-04-17 00:00:00-04:00,162.44255739316745,165.46333304296004,161.3995583134651,162.37368774414062,-0.04239630927512075,2.517835099401213,-2.7463611185849834
2023-04-10 00:00:00-04:00,158.83143766794802,163.65286938363687,157.21773760731617,162.5606689453125,2.347917598756981,4.093133430270938,0.11515486515678575
2023-04-03 00:00:00-04:00,161.63574018612795,164.16451938478926,159.20534836056493,162.0194854736328,0.237413635785608,3.1149525284746753,-0.3329116908726282
2023-03-27 00:00:00-04:00,157.37519307605385,162.35404815041076,153.47868931424085,162.25564575195312,3.1011575461837424,5.782795563231585,0.14576041741518608
2023-03-20 00:00:00-04:00,152.58329554960457,159.5399128056891,151.67803551140713,157.6802215576172,3.340422023035683,5.183266824213793,-2.8198859726154435
2023-03-13 00:00:00-04:00,145.43967236108597,154.22647602550626,145.33143575332397,152.51437377929688,4.8643546175258185,6.120520468317771,-3.2761545660517033
2023-03-06 00:00:00-05:00,151.32379943619543,153.79355839931372,145.24290982690115,146.11863708496094,-3.439751295320344,5.887136647567262,-4.193530442967419
2023-02-27 00:00:00-05:00,145.34129556521583,148.6867663889097,141.59238097697684,148.60804748535156,2.2476419433525097,5.010428783654968,1.7036912265634863
2023-02-20 00:00:00-05:00,147.7913386254461,148.87370465632395,143.3831856356865,144.35731506347656,-2.323562120695393,3.8292628220633804,-2.86036489530892
2023-02-13 00:00:00-05:00,148.52933535689544,153.82306550340869,148.43094798353164,150.1036834716797,1.0599576918601987,3.632744783436471,3.980656197211996
2023-02-06 00:00:00-05:00,150.12335974199746,152.74069196203604,146.8270751036462,148.58836364746094,-1.0224898358087466,4.027606525714268,-1.0095154157257258
2023-01-30 00:00:00-05:00,142.41795183278163,154.62014981197694,138.8417843815096,151.7906494140625,6.581120891477023,11.364277332471858,2.1551389947326305
2023-01-23 00:00:00-05:00,135.69790096031133,144.64814715401417,135.4817577159332,143.37094116210938,5.654501762737098,6.765773926036797,-5.546921555744455
2023-01-16 00:00:00-05:00,132.46558734600347,136.1792990694087,131.42417818426222,135.4522705078125,2.254686082361703,3.6181477037502208,-5.523204765283118
2023-01-09 00:00:00-05:00,128.18204206921058,132.55400260182785,125.8732463429487,132.3968048095703,3.2881070330304247,5.307526780295353,-2.255750816717361
2023-01-02 00:00:00-05:00,127.99538405865484,128.60450682410206,121.99252957563161,127.34695434570312,-0.5066039824174929,5.419985364244153,-3.8141785001009065
2022-12-26 00:00:00-05:00,129.0760966244973,129.10556933869452,123.66271908069487,127.6515121459961,-1.1036779975192024,4.401367120553103,0.2391559357330264
2022-12-19 00:00:00-05:00,132.74065995499504,134.41084510644012,127.36658276817921,129.5476531982422,-2.405447402352393,5.5306990147346715,1.4854043014214113
2022-12-12 00:00:00-05:00,140.19756401264345,147.34007915740702,131.38486361161162,132.15118408203125,-5.739315078175364,12.143876476487279,2.0097090294680875
2022-12-05 00:00:00-05:00,145.17869143616363,148.2734466550936,137.54494290727152,139.6670684814453,-3.7964407174325783,7.799998692103793,5.687337916509838
2022-11-28 00:00:00-05:00,142.59479525610539,146.51483121284414,137.88880025275319,145.2179718017578,1.8396018879518763,6.255787956874855,3.9743823513056276
2022-11-21 00:00:00-05:00,147.52674884184205,149.16746137798924,144.35338038209778,145.5126953125,-1.3652124412375155,3.33492778842364,0.20295250449064994
2022-11-14 00:00:00-05:00,146.35760927079178,150.8965864786427,143.58705461739342,148.6369171142578,1.557355203342273,5.09066216360972,2.147044142813992
2022-11-07 00:00:00-05:00,134.70559937768118,147.37937519314977,132.2297866401343,147.07481384277344,9.18240557351446,11.457016560304476,-1.0509524160028039
2022-10-31 00:00:00-04:00,150.47413477098337,152.72396991150998,132.02346880241154,135.9533233642578,-9.650038146971736,15.679410105546571,-7.561791300585819
2022-10-24 00:00:00-04:00,144.36935189837703,154.48177557471033,141.36799408183202,152.75550842285156,5.808820510864124,9.276344039576088,12.358789504229994
2022-10-17 00:00:00-04:00,138.3666308181269,145.0167019837592,137.5819585194891,144.44781494140625,4.3949788235233,5.403865117399775,-5.438555746512453
2022-10-10 00:00:00-04:00,137.72906462155603,141.75050040665323,131.79500058408448,135.72816467285156,-1.4527797413003778,7.553776530557546,-6.036540097260534
2022-10-03 00:00:00-04:00,135.56143287955697,144.71262517420615,135.05139365769196,137.4053955078125,1.3602413231304815,7.153744404150345,1.2357279264798127
2022-09-26 00:00:00-04:00,146.79201494879845,151.7550459463049,135.35545614892226,135.55162048339844,-7.657360973838191,12.11594291355297,-1.3491282620766265
2022-09-19 00:00:00-04:00,146.4487393085451,155.69803805791685,145.71311171309017,147.54727172851562,0.7501139478272222,6.852455642074987,8.849507812845614
2022-09-12 00:00:00-04:00,156.53170953675374,161.1122146667295,145.5267216779744,147.81207275390625,-5.57052421432867,10.709712147053736,0.179468601681676
2022-09-05 00:00:00-04:00,153.4715162815697,154.79565178409123,149.75413688889734,154.35426330566406,0.5751862270486771,3.3665279637210963,4.426019086174349
2022-08-29 00:00:00-04:00,158.0618534547408,159.778317953793,151.70603481455174,152.82418823242188,-3.313680757146549,5.32100331348648,-0.9912749026000145
2022-08-22 00:00:00-04:00,166.4381830604793,167.77212157949262,160.42564926256463,160.4844970703125,-3.5771154675507297,4.579362683397465,5.012497646145175
2022-08-15 00:00:00-04:00,168.2330780029297,172.77434074878278,168.02709575598993,168.2330780029297,0.0,2.8252853930694752,4.82824264902193
2022-08-08 00:00:00-04:00,163.18181164052766,168.87066800455992,160.1216056510183,168.80201721191406,3.4441372570168096,5.4640111295223965,0.338185103511246
2022-08-01 00:00:00-04:00,157.92450815066746,163.98608660375413,156.57096371204773,162.1813507080078,2.6954920469210006,4.735950214462293,-3.9221489252670882
2022-07-25 00:00:00-04:00,150.8490909736087,160.27166010634335,147.70498143330158,159.1746368408203,5.519122331780033,8.507958601732357,-1.853920844820689
2022-07-18 00:00:00-04:00,147.64623887069817,153.07253011561605,143.68914689162003,150.92747497558594,2.2223634885554544,6.530335399007968,-5.181203506361253
2022-07-11 00:00:00-04:00,142.68026398096103,147.76374670018814,139.20312126849547,147.08790588378906,3.089174199604915,6.149736696766236,-2.543982858268823
2022-07-04 00:00:00-04:00,134.94242329030558,144.52169812610057,134.11965202709402,144.02215576171875,6.728597464030768,7.755795621140739,-2.0842978922362865
2022-06-27 00:00:00-04:00,139.77127386834445,140.54506856387383,131.02455712957925,136.07864379882812,-2.641909147221872,7.266203865035075,-5.515479143384705
2022-06-20 00:00:00-04:00,130.6817051959901,138.99746302987265,130.5837665490692,138.75259399414062,6.17598981131,6.443141213607017,1.965003560195333
2022-06-13 00:00:00-04:00,130.14298989167128,134.52124943152185,126.39159448336697,128.85987854003906,-0.9859242919655172,6.432116772784867,-7.129751718025046
2022-06-06 00:00:00-04:00,144.0123747634075,146.79408339657525,134.24699651333503,134.31556701660156,-6.733315635365686,9.346270091036176,4.233814697308835
2022-05-30 00:00:00-04:00,146.0105094355314,148.62570882967742,141.49512401563555,142.396240234375,-2.4753486684821224,5.039456209992029,6.016185165472776
2022-05-23 00:00:00-04:00,134.9620182562704,146.6079896103765,134.3253647081305,146.56881713867188,8.600048393142803,9.143935643825987,2.9302577774729777
2022-05-16 00:00:00-04:00,142.5627657704536,146.6961565843596,129.8883411847853,134.76612854003906,-5.468915525227846,12.94020329019578,-8.052660060336049
2022-05-09 00:00:00-04:00,151.75020797181304,153.5230720682071,135.9512704145703,144.09071350097656,-5.0474358969308275,12.925073520867658,6.919086466275659
2022-05-02 00:00:00-04:00,153.493723543579,163.063195360567,150.1243229877195,154.05201721191406,0.3637241024885039,8.618771505737898,6.913217006778161
2022-04-25 00:00:00-04:00,157.58166325935903,162.55010393809633,151.96772808286275,154.1878662109375,-2.153675102943787,6.963567850052595,0.08818384950881608
2022-04-18 00:00:00-04:00,160.32016652268956,167.7630446261403,157.95331370568275,158.2369384765625,-1.299417341755461,6.210525559936149,2.626064141834372
2022-04-11 00:00:00-04:00,165.00501803613577,167.5087962740481,161.41560064690395,161.6601104736328,-2.0271550540180696,3.7748492727620544,2.163320416855341
2022-04-04 00:00:00-04:00,170.7363170867986,174.57022911218846,165.48423622614246,166.3546905517578,-2.5663119656102644,5.490548884444521,2.903981733261718
2022-03-28 00:00:00-04:00,168.388976462034,175.66558916638036,168.16403166582776,170.4819793701172,1.2429572006782046,4.4608573107116865,2.481017400032526
2022-03-21 00:00:00-04:00,159.91917054457437,171.43069512284325,159.43015098639106,170.88299560546875,6.855854131533546,7.527148448524368,0.235224999635264
2022-03-14 00:00:00-04:00,148.1240448413953,160.8678953686917,146.8037007776837,160.37887573242188,8.273356904443515,9.58027251118588,-6.146966136583054
2022-03-07 00:00:00-05:00,159.77246766599882,161.39601615056588,151.1070406596988,151.3319854736328,-5.282813938888812,6.809064254020036,-5.640948795452971
2022-02-28 00:00:00-05:00,159.47906975401014,165.20060505029704,158.41301060642792,159.58665466308594,0.06746020605822585,4.284745563439033,5.454675800107944
2022-02-21 00:00:00-05:00,161.35690179261056,163.02935537813403,148.6619572531774,161.22976684570312,-0.0787911427989841,9.664475290398844,1.029605004306955
2022-02-14 00:00:00-05:00,163.69443155262942,169.5333273206986,162.54035235125863,163.6259765625,-0.04181876529343988,4.302300855314841,1.4862080146093914
2022-02-07 00:00:00-05:00,169.06384988889883,172.77061174094248,164.34969397169522,164.9365234375,-2.4412826598419017,5.123780620301941,0.8009405979003681
2022-01-31 00:00:00-05:00,166.42316364602166,172.3696441227557,165.78742917439874,168.60418701171875,1.3105287256382616,3.9702738507591198,2.223681873353267
2022-01-24 00:00:00-05:00,156.30669053286647,166.39698147337538,151.1101356256226,166.37744140625,6.442942934209181,10.116360351648508,-1.3206941327702504
2022-01-17 00:00:00-05:00,167.53004231978318,168.53613960047576,158.5337720868401,158.64122009277344,-5.305807904019185,6.3092976228160875,-4.649801828955125
2022-01-10 00:00:00-05:00,165.15644736105602,173.068475377881,164.26756061932468,169.05386352539062,2.3598328897292653,5.357670574381775,6.563643059809965
2022-01-03 00:00:00-05:00,173.70338953489784,178.69481065284137,167.06118311991872,168.1747283935547,-3.182817074638843,6.963692771511067,-0.5200325585601906
2021-12-27 00:00:00-05:00,172.98052977669113,177.12214371102192,172.961004618601,173.44940185546875,0.27105482876189096,2.405825001766556,3.1364245462436546
2021-12-20 00:00:00-05:00,164.37500428773455,172.74614168304623,163.57404041651603,172.18936157226562,4.753981493957696,5.607308618882842,-0.7264598607570227
2021-12-13 00:00:00-05:00,176.91698222860657,177.90355402947364,165.7522303204259,167.1685791015625,-5.5101568002372385,7.3310167142591505,-2.915849402575299
2021-12-06 00:00:00-05:00,160.47758663469924,175.46162790674452,160.46782405388373,175.28579711914062,9.22758797348432,9.343807047465168,4.855707969286827
2021-11-29 00:00:00-05:00,155.67174314160442,166.34811535630513,154.1381834438444,158.0844268798828,1.5498533578336873,7.921419365182176,-9.813328017424116
2021-11-22 00:00:00-05:00,157.92814273821793,161.85486117778746,152.73160325073675,153.17115783691406,-3.012119827932793,5.973392364691682,-3.1080031980012746
2021-11-15 00:00:00-05:00,146.8806091470234,157.28348128204507,145.87451183348745,156.8243865966797,6.769972910244981,7.821084920976953,2.3850630963143438
2021-11-08 00:00:00-05:00,147.896491902106,148.0527826341918,144.0576809080353,146.5094451904297,-0.9378496364838753,2.773265334395405,-6.577383549905358
2021-11-01 00:00:00-04:00,145.5326324040899,148.89279329854384,144.37024444865693,147.7694854736328,1.5370113441856874,3.1326045523842536,0.8600403076848506
2021-10-25 00:00:00-04:00,145.0181547914401,149.39757598930075,142.80407331191392,146.11058044433594,0.7533026843893539,4.617167090875087,-1.1226303075900446
2021-10-18 00:00:00-04:00,139.91700337403122,146.48124774454206,139.6341522589564,145.0279541015625,3.652844618082976,4.903596559162326,-0.740963686189644
2021-10-11 00:00:00-04:00,138.76606977834453,141.33128600610704,135.77167294289697,141.27276611328125,1.806418772932566,4.094825483625244,-2.5892856391337538
2021-10-04 00:00:00-04:00,138.26863150150982,140.66805147182123,134.86459515585804,139.38055419921875,0.8041756728436215,4.303172607500396,-1.3394031745263657
2021-09-27 00:00:00-04:00,141.8872264516638,142.3651636193802,135.68386603878685,139.1366729736328,-1.9385490482950567,4.9241651020493755,-0.1749750723744059
2021-09-20 00:00:00-04:00,140.2583756763668,143.83798604484667,137.7906878341096,143.30152893066406,2.1696766696621816,4.388756820792994,2.993356006018999
2021-09-13 00:00:00-04:00,146.9201608104716,147.69069746900865,142.17009319848557,142.46270751953125,-3.033928949132112,3.8830981582150965,-0.585354125243609
2021-09-06 00:00:00-04:00,151.1532675189358,153.38686089229094,145.03768627305047,145.30104064941406,-3.8717170760391197,5.756555302131731,1.9923341197861877
2021-08-30 00:00:00-04:00,145.3302568529811,151.16297037689375,144.94986281626896,150.49972534179688,3.5570490280253892,4.286383884681705,3.577871616849815
2021-08-23 00:00:00-04:00,144.6572738397599,147.1444729215657,143.21372889495123,144.9401397705078,0.1955421412553646,2.744669842021713,-3.694083533151171
2021-08-16 00:00:00-04:00,144.88165424693264,147.94431970047344,140.94116052875992,144.540283203125,-0.2356206143434948,4.968853062824385,-0.27587704000833213
2021-08-09 00:00:00-04:00,142.59925598459012,145.75946379823836,141.7214279222901,145.42784118652344,1.983590434889079,2.8492768772852215,0.6140557938101754
2021-08-02 00:00:00-04:00,142.75530853123652,144.39392476354888,141.604362944557,142.5407257080078,-0.1503151269374735,1.9699688349885662,-1.9852563683542934
2021-07-26 00:00:00-04:00,144.40192562290687,145.92122585179217,138.82139957971802,142.05479431152344,-1.6254155207824348,5.114360101229988,-0.34090705941809407
2021-07-19 00:00:00-04:00,139.99981306545135,144.84015561733656,137.97407485659252,144.684326171875,3.3460852581521614,4.976355716014408,1.8510687183038943
2021-07-12 00:00:00-04:00,142.39567161147323,146.0867913337916,139.882977017246,142.5709686279297,0.12310557931476497,4.435003063868706,-1.4606679243436393
2021-07-05 00:00:00-04:00,136.41587611071603,141.85029259632174,136.41587611071603,141.3243865966797,3.5981959181788206,3.9837126297492684,-0.8743589548747654
2021-06-28 00:00:00-04:00,129.92963354858765,136.34771154697577,129.8712011927829,136.3087615966797,4.909679088494115,4.9868718351030195,-3.5490159347472683
2021-06-21 00:00:00-04:00,126.90074538083606,131.12752018766128,125.83918479372112,129.63743591308594,2.15655985631678,4.202455222996666,-4.894275030781481
2021-06-14 00:00:00-04:00,124.4854522751008,129.09206007166196,123.75501815345132,127.05658721923828,2.065409971323817,4.312586267486078,-1.9908205339528307
2021-06-07 00:00:00-04:00,122.87845554113967,125.10872198530035,121.57341723710242,124.02767181396484,0.935246351985938,2.907958687467911,-2.3839105642330827
2021-05-31 00:00:00-04:00,121.81692279017481,122.86874960294172,119.91778980650803,122.60578918457031,0.6475835838952291,2.460819033769035,-1.1464237041611813
2021-05-24 00:00:00-04:00,122.72263951093048,124.97238103261843,121.30072904118603,121.35916137695312,-1.1110241267715826,3.026900184734865,-1.0167772793668983
2021-05-17 00:00:00-04:00,123.51149746369252,124.66071371547133,119.65480752476304,122.15776062011719,-1.0960411551752731,4.183623119089716,0.6580461121377779
2021-05-10 00:00:00-04:00,126.0339425269844,126.16054096867869,119.06072975744091,124.12506866455078,-1.514571252918574,5.963184692133186,1.6104650530975873
2021-05-03 00:00:00-04:00,128.5953797572939,130.5724354935404,123.39469139096298,126.8131332397461,-1.3859335544648257,5.81689862154241,2.1656097387223516
2021-04-26 00:00:00-04:00,131.08986718465636,133.26773574954532,127.43417354212586,127.8133544921875,-2.49944008857182,4.577706313205746,0.7887363295018046
2021-04-19 00:00:00-04:00,129.80654193578144,131.77051302477906,127.65785374542556,130.59408569335938,0.606705752910014,3.2216265264454043,2.175618668502932
2021-04-12 00:00:00-04:00,128.8439548108255,131.25515649470958,127.00638321332023,130.43846130371094,1.2375485487282425,3.345322631739774,-0.11916649120990996
2021-04-05 00:00:00-04:00,120.43390328726115,129.34952231767917,119.65609196871274,129.31063842773438,7.37062811897766,8.101075498522077,-0.864639819194557
2021-03-29 00:00:00-04:00,118.27550054829979,120.73531861862071,115.56289265125827,119.58805084228516,1.1097397921806853,4.4758536660826005,-7.518783994622924
2021-03-22 00:00:00-04:00,116.99210782676978,120.79364252718365,115.62121696029041,117.84769439697266,0.73131990362097,4.473595506843424,-1.4552929268892512
2021-03-15 00:00:00-04:00,118.04215273982872,123.6909839608395,116.36013878430732,116.66153717041016,-1.169595383829976,6.300134438754072,-1.0065171258819006
2021-03-08 00:00:00-05:00,117.57546677528238,119.7922196078831,112.98639586398163,117.67269134521484,0.08269120472069759,6.023578052790217,0.8667416865317579
2021-03-01 00:00:00-05:00,120.31723330201231,125.14936903035675,114.30866329373481,118.05186462402344,-1.8828297624684378,9.483713153713447,0.3222270812997863
2021-02-22 00:00:00-05:00,124.4590356155227,126.12160725552549,115.10589628039637,117.89628601074219,-5.273019811156235,9.570066635244302,-0.13178835741116668
2021-02-15 00:00:00-05:00,131.73160154389004,132.2371664031348,123.87573366781928,126.26748657226562,-4.147915084600175,6.749855268455765,7.1004786026598765
2021-02-08 00:00:00-05:00,132.25659416994168,134.0552820229171,129.98150816834826,131.61489868164062,-0.4851897875704508,3.1341180079958932,4.2349873704934815
2021-02-01 00:00:00-05:00,130.03985530369576,133.6080499269068,127.29807328951432,132.9663543701172,2.250463182681084,4.956851643026588,1.0268257636588451
2021-01-25 00:00:00-05:00,138.8937763387115,140.85480162639317,126.40916071663973,128.1080780029297,-7.7654295391028905,11.427685167639833,-3.653763683453559
2021-01-18 00:00:00-05:00,124.05013349866918,135.76782041526857,123.23465643771144,135.01058959960938,8.835505284690223,10.17016181961118,5.3880377446001715
2021-01-11 00:00:00-05:00,125.41891200340075,127.61293667113448,123.15692354381116,123.42874908447266,-1.5868124568598783,3.6181588489730006,-8.578468214592727
2021-01-04 00:00:00-05:00,129.62255699105356,129.7099263369488,122.69096668902037,128.19546508789062,-1.1009595368971379,5.720844685916517,3.861917129335657
2020-12-28 00:00:00-05:00,130.07882833730812,134.738704167932,127.87508564026446,128.8167724609375,-0.9702238961577823,5.3674400242250035,0.4846562806421595
2020-12-21 00:00:00-05:00,121.3706494014406,130.48656109866377,119.84647816773862,128.11778259277344,5.559114353105497,8.878093952859551,-0.5426233360846133
2020-12-14 00:00:00-05:00,119.02126848212326,125.79752348939455,117.99221256383618,122.96276092529297,3.3115866545832615,6.615106841339672,-4.023658201973312
2020-12-07 00:00:00-05:00,118.73976610413665,122.27351383345861,116.64282040198702,118.83685302734375,0.08176445549164568,4.827295338081233,-3.3554125386432654
2020-11-30 00:00:00-05:00,113.55561391063841,120.1668257207242,113.40028080053186,118.68148803710938,4.5139768523507104,5.96695605374604,-0.13073805496904845
2020-11-23 00:00:00-05:00,113.75948815375769,114.18664681897718,109.3034674968008,113.18670654296875,-0.503502274917731,4.467542918818472,-4.629855578169462
2020-11-16 00:00:00-05:00,115.44871452828441,117.4582907772,113.40030499355743,113.91483306884766,-1.3286258454276354,3.5784610842740885,0.6432968571291386
2020-11-09 00:00:00-05:00,116.98258014654502,118.42908466535498,110.79851909396623,115.77877807617188,-1.0290438703481584,6.886884079125098,1.63626189593562
2020-11-02 00:00:00-05:00,105.92505838412097,116.1282715054655,104.18730794489244,115.22541809082031,8.780131772949336,11.461053938440347,-0.47794595395324047
2020-10-26 00:00:00-04:00,110.49141254812513,113.66049018473731,104.39553435267372,105.50035095214844,-4.517148872363999,8.87485838308399,-8.440036321679134
2020-10-19 00:00:00-04:00,116.25776476789184,116.70356725008767,110.75306199696499,111.48960876464844,-4.101365627287786,5.372768161737821,5.677002738328829
2020-10-12 00:00:00-04:00,116.3546676869771,121.52017330445541,114.50361855996441,115.34676361083984,-0.866234330064663,6.127801752235894,3.459654122864264
2020-10-05 00:00:00-04:00,110.39448717012162,113.38911933685253,108.78571491933074,113.36004638671875,2.686329084555737,4.2316258351893055,-1.722386620940608
2020-09-28 00:00:00-04:00,111.46054923129552,114.08691198897846,108.75665366895876,109.5319595336914,-1.7302890672124978,4.90108709692771,-3.3769277404563924
2020-09-21 00:00:00-04:00,101.31365736365507,109.37688283682354,99.91809669143596,108.81478118896484,7.40386244115663,9.466539554489227,-0.6547662871912441
2020-09-14 00:00:00-04:00,111.17950580079875,115.16266333076402,102.81584063587528,103.54269409179688,-6.8689023700868175,12.008677474724257,-4.845010061650179
2020-09-07 00:00:00-04:00,110.43323438049265,116.7810890674591,106.6051435470581,108.54341888427734,-1.7112742434981423,9.545454545454547,4.829625920344527
2020-08-31 00:00:00-04:00,123.64260868115225,133.72163640629836,107.46769559812107,117.22691345214844,-5.1889031600332185,24.429611765711208,8.000019399728808
2020-08-24 00:00:00-04:00,124.72561141714975,124.81041985058431,119.25483158221817,120.95567321777344,-3.0225854630350173,4.658585480065797,3.180805205749171
2020-08-17 00:00:00-04:00,112.48055476361729,121.0138133012155,110.44536688319175,120.53166961669922,7.157783734265616,9.568935951112428,-0.3505446167132886
2020-08-10 00:00:00-04:00,109.12491785675408,112.4611795587889,105.74020369972335,111.3612060546875,2.049291987434938,6.3561215355244585,-7.608343592331012
2020-08-03 00:00:00-04:00,104.86070696456291,110.88147702367584,104.56270182328868,107.6833267211914,2.6917802085602824,6.043048898129963,-3.30265759845485
2020-07-27 00:00:00-04:00,90.6544635701135,102.9452024123297,90.20704250364741,102.79525756835938,13.392384136558261,14.121025981056013,-4.539299909899686
2020-07-20 00:00:00-04:00,93.27368113120252,96.01382041600156,86.23830426873995,89.59516143798828,-3.94379169836761,11.335468884915315,-12.841152833916446
2020-07-13 00:00:00-04:00,94.09353887005928,96.69583004231369,90.81649596899742,93.18660736083984,-0.9638616212234102,6.473861395536925,4.008526649441135
2020-07-06 00:00:00-04:00,89.48390469747048,93.17692697214842,89.45246322573048,92.79238891601562,3.6972953177787184,4.163623462239795,-0.4230419541916719
2020-06-29 00:00:00-04:00,85.43295503491028,89.59758515519175,84.95651334854921,88.0594253540039,3.074305832006371,5.462879329336081,-5.100594582488249
2020-06-22 00:00:00-04:00,84.97101404794255,90.0595063353963,84.92506226253197,85.52484893798828,0.6517927274979313,6.045852585885713,-2.8782568201262793
2020-06-15 00:00:00-04:00,80.59598014769244,86.2334658205362,80.43393847051205,84.5792236328125,4.942235925192233,7.210298861779993,-1.1056731662413388
2020-06-08 00:00:00-04:00,79.87043161837389,85.80055154509535,79.16181759974157,81.938232421875,2.5889440705431532,8.38628286545994,-3.1225058560515384
2020-06-01 00:00:00-04:00,76.84732924471433,80.23320685109042,76.71672904189272,80.17274475097656,4.327301337529513,4.5837170759423955,-2.1546567685381324
2020-05-25 00:00:00-04:00,78.23794876504306,78.41691419949025,75.72030631323464,76.89327239990234,-1.718700945469469,3.5612744025366996,-4.0905077670229995
2020-05-18 00:00:00-04:00,75.73966611266012,77.60673604201115,75.05039670165654,77.12303924560547,1.8264843297402868,3.4061636616215076,0.2988126770157029
2020-05-11 00:00:00-04:00,74.51349861949731,77.31652088179885,72.60531107010586,74.41917419433594,-0.12658703041584707,6.488795023746914,-3.5059109154902734
2020-05-04 00:00:00-04:00,69.93530737305159,75.05765488198482,69.24603793428162,75.00444793701172,7.248328139776565,8.39270681915224,0.786455572790179
2020-04-27 00:00:00-04:00,67.96888568044447,72.11745102481503,67.10058781084788,69.72238159179688,2.579850903539097,7.476630798092779,-7.042337475306382
2020-04-20 00:00:00-04:00,67.0402622657729,68.2607103625322,64.02049124190111,68.25106048583984,1.8060761983103337,6.6232217816158805,-2.1102565236098325
2020-04-13 00:00:00-04:00,64.71516264242454,69.52460139919,64.11699516526903,68.2100830078125,5.400466015512773,8.433967031646192,-0.06003932793959832
2020-04-06 00:00:00-04:00,60.51594752163008,65.53281817587698,60.149333023334115,64.63797760009766,6.811477382873739,8.950199249016473,-5.236916963296623
2020-03-30 00:00:00-04:00,60.477355440134644,63.31139862447902,57.13920722967366,58.22700119018555,-3.720986530531546,10.802024903838713,-9.918281245702875
2020-03-23 00:00:00-04:00,55.01187197390012,62.392452319561144,51.28057716612568,59.75377655029297,8.619784068868992,21.668779423909477,2.622108865130368
2020-03-16 00:00:00-04:00,58.35724111639634,62.48891686518484,54.99256516785433,55.291648864746094,-5.253148012147752,13.63157305801125,-7.467524135133507
2020-03-09 00:00:00-04:00,63.615297869160095,69.08802304058011,59.816469655172334,67.04509735107422,5.39146965713863,15.500000984438014,21.257185719093496
2020-03-02 00:00:00-05:00,68.08465344039328,73.32341907108432,66.98480274318311,69.71272277832031,2.391242748048019,9.462767774659564,3.9788523436357526
2020-02-24 00:00:00-05:00,71.69778354060476,73.36685243819463,61.835295069493725,65.9332046508789,-8.040107525027167,18.6488272688618,-5.4215614837766495
2020-02-17 00:00:00-05:00,76.06341717701494,78.30412566367559,74.89121045948235,75.50625610351562,-0.7324954546844633,4.557163895808168,14.519317699369715
2020-02-10 00:00:00-05:00,75.77878512241577,78.92397586834538,75.69919386219568,78.37646484375,3.4279775231786123,4.259995175140376,3.801285997148973
2020-02-03 00:00:00-05:00,73.39579579418303,78.4416094489578,72.89411233760492,77.18980407714844,5.169244698435575,7.610350045364385,-1.5140524250070064
2020-01-27 00:00:00-05:00,74.60801036035276,78.888721036613,73.36157757229792,74.47566986083984,-0.17738108666043134,7.534112061409914,-3.5161822843803536
2020-01-20 00:00:00-05:00,76.32366434709228,77.8010945444288,75.95310066485268,76.5931625366211,0.35309912310189695,2.433072334637791,2.8432005777697
2020-01-13 00:00:00-05:00,74.98819529633361,76.69662274727602,74.48528381306573,76.69422149658203,2.2750596857367347,2.9688266205174747,0.13194253457364802
2020-01-06 00:00:00-05:00,70.69304375814855,75.2360335553344,70.44279232877167,74.67296600341797,5.629864034268108,6.804445235776059,-2.6354729909529695
2019-12-30 00:00:00-05:00,69.65114690923211,72.33170664029855,68.63090165452998,71.56892395019531,2.7534033911349773,5.392330417568249,-4.156848481257025
2019-12-23 00:00:00-05:00,67.50237752564367,70.73637076234962,67.4638767319596,69.73296356201172,3.30445551420862,4.850735221445917,-2.565303887286663
2019-12-16 00:00:00-05:00,66.65296523634632,68.01249175897426,66.64815539146048,67.2400894165039,0.880867307366882,2.04707296023469,-3.574886277837541
2019-12-09 00:00:00-05:00,64.96858014787966,66.24388637643624,63.743802981099435,66.20779418945312,1.907405146846056,3.9220807018340227,-1.5352377369049264
2019-12-02 00:00:00-05:00,64.31167115561857,65.20920267737617,61.669620337240886,65.13941955566406,1.2870889298499861,5.739588343140503,-1.6136689748821986
2019-11-25 00:00:00-05:00,63.21444019817349,64.48734545373158,63.16391112539008,64.30687713623047,1.7281446053026057,2.095238095238083,-1.2780930888126152
2019-11-18 00:00:00-05:00,63.95796916506776,64.4873458368593,62.65859873999493,62.99066162109375,-1.5124112860392822,2.918589201863348,-2.0467725595637143
2019-11-11 00:00:00-05:00,62.15330034695764,63.953174103840766,62.14849050092938,63.9483642578125,2.88812323856383,2.9038253195938872,1.5203882799002644
2019-11-04 00:00:00-05:00,61.91987745666172,62.66822320552135,61.44825565956324,62.596038818359375,1.0919940243274922,1.9853574895876618,-2.114714668855522
2019-10-28 00:00:00-04:00,59.35709417511312,61.39867751158636,56.919666729254324,61.372291564941406,3.395040504986862,7.869003878109512,-1.954991524254479
2019-10-21 00:00:00-04:00,56.98203242907616,59.19154751127854,56.934052333145466,59.15556335449219,3.8144145316707565,3.965105390572777,-3.611936517155423
2019-10-14 00:00:00-04:00,56.35348259950123,57.12837562906194,55.94564628221214,56.71574020385742,0.6428309088379237,2.1140686102429593,-4.124418756717818
2019-10-07 00:00:00-04:00,54.283114840777124,57.01082394508319,53.81770018868105,56.667762756347656,4.392982831890111,5.9332222395369385,-0.08459282614899921
2019-09-30 00:00:00-04:00,52.994825445844135,54.75092558675703,51.61058113143609,54.46063995361328,2.7659577995347377,6.084691135958061,-3.8948472559685476
2019-09-23 00:00:00-04:00,52.527011770775,53.3762744933121,52.0927858543992,52.495826721191406,-0.05936954822345711,2.4638510263211613,-3.607767433683118
2019-09-16 00:00:00-04:00,52.23433303833008,53.680954866461946,52.17195927300286,52.23433303833008,0.0,2.892349864728839,-0.4981228017421957
2019-09-09 00:00:00-04:00,51.54101952950816,54.319110716902514,50.63658329467369,52.47904586791992,1.8199607748828537,7.272464259286185,0.46849038813279176
2019-09-02 00:00:00-04:00,49.52340734040091,51.440242639191425,48.99322126797036,51.16195297241211,3.308628626355613,4.994612127741065,-2.5097500797226613
2019-08-26 00:00:00-04:00,49.38666961755468,50.4878288131881,48.7773146730238,50.07759475708008,1.3990114030280867,3.506782100717603,-2.1194621243578182
2019-08-19 00:00:00-04:00,50.52860786617268,51.44504342122984,48.22073125322143,48.614173889160156,-3.7888120370998286,6.686568378809077,-2.9223066223902916
2019-08-12 00:00:00-04:00,47.88966150036348,50.89326224807051,47.77690626584393,49.54020309448242,3.446550972398111,6.522724524870488,1.904854348514906
2019-08-05 00:00:00-04:00,47.49862929677573,48.827696825963386,46.20074682134136,48.21834182739258,1.5152279997808293,5.6859470579132845,-2.6682596851062668
2019-07-29 00:00:00-04:00,49.82113407603411,52.90657129394955,48.18879009634884,48.75999069213867,-2.1299061203142946,9.790204709784078,1.1233253658639697
2019-07-22 00:00:00-04:00,48.671551095485455,50.124647725241516,48.661992856704074,49.6490478515625,2.0083534098992644,3.005743872521929,1.8233333247275718
2019-07-15 00:00:00-04:00,48.776706995214475,49.35268839848465,48.36324481568932,48.418212890625,-0.7349698794234866,2.0458585576010613,-2.479070625115254
2019-07-08 00:00:00-04:00,47.99280807411601,48.84841458211698,47.4192188711212,48.58790969848633,1.2399808393192804,3.0139587808903636,0.35048135346231746
2019-07-01 00:00:00-04:00,48.55684154418372,49.013325011259084,47.95457029719182,48.810176849365234,0.5217293735034146,2.2078285917395917,0.45745361810827223
2019-06-24 00:00:00-04:00,47.45028900973761,48.174450622876854,46.67355160419435,47.3021125793457,-0.3122771925825322,3.2157377510299083,-3.089651313236619
2019-06-17 00:00:00-04:00,46.10233900910025,48.00236062388434,45.92787290453282,47.50763702392578,3.0482141362678754,4.516838225152778,0.4344931618758707
2019-06-10 00:00:00-04:00,45.84183393948717,47.032033303790186,45.48095119972922,46.06410217285156,0.4848589470870599,3.4103994378864306,-3.038532205563549
2019-06-03 00:00:00-04:00,41.96772324881381,45.86813832067342,40.69387339695498,45.44511413574219,8.285869753553195,12.715095644116337,-1.3437536127083871
2019-05-27 00:00:00-04:00,42.761174198856956,43.160297177533785,41.82192144271378,41.841041564941406,-2.1517945920674597,3.200177535250899,-7.930605169206095
2019-05-20 00:00:00-04:00,43.8605574856117,44.93125880191778,42.49588839294439,42.77312469482422,-2.479295415121456,5.730837737652136,2.2276766902088907
2019-05-13 00:00:00-04:00,44.86196181765898,45.99958199868348,43.70044056670223,45.170265197753906,0.6872267007582566,5.261140167390206,5.60431467196445
2019-05-06 00:00:00-04:00,48.82451823009706,49.91195136068803,46.071285413545205,47.1252555847168,-3.4803469793026722,8.336355091177134,4.3280471752911165
2019-04-29 00:00:00-04:00,48.66340025303909,51.26084590286737,47.403962541170365,50.41328430175781,3.595893504399,8.136204559581497,6.977211425686902
2019-04-22 00:00:00-04:00,48.289614430964136,49.63476073247523,48.12057656602047,48.639591217041016,0.7247454555206982,3.1466459350862745,-3.518304965215191
2019-04-15 00:00:00-04:00,47.27778510392954,48.60388483941053,47.142078167009444,48.53484344482422,2.658877394808833,3.100853270028468,-0.2153549600147464
2019-04-08 00:00:00-04:00,46.763531144011075,48.29438278390309,46.71353653021887,47.346824645996094,1.2473256140318645,3.384128822405848,-2.4477647696107163
2019-04-01 00:00:00-04:00,45.625517560614966,46.92543215567878,44.84938033929965,46.9016227722168,2.7969112019529065,4.628942029239074,-0.9402993275853144
2019-03-25 00:00:00-04:00,45.59454751200343,45.92071849509106,43.94466035531791,45.22314453125,-0.814577621711572,4.49669680865794,-3.5787210372624445
2019-03-18 00:00:00-04:00,44.23512276851756,47.06588473880765,43.980376242292564,45.48503875732422,2.8256188986915833,7.015648250748671,0.5791154701620727
2019-03-11 00:00:00-04:00,41.78053699568391,44.59939499066683,41.747206039529786,44.311317443847656,6.057319101535687,6.832047511003133,-2.580455784018798
2019-03-04 00:00:00-05:00,41.828150408769496,42.318593157504125,40.35443904470858,41.166290283203125,-1.5823318007090459,4.867256637168135,-7.097570873693804
2019-02-25 00:00:00-05:00,41.463875631025324,41.87098904129508,41.1234204754005,41.65671920776367,0.465088161209061,1.8178657253030983,1.1913362151086293
2019-02-18 00:00:00-05:00,40.4044316378511,41.26389788676518,40.352053911550435,41.18056869506836,1.9209206162676788,2.2597213445775464,-1.1430341173065073
2019-02-11 00:00:00-05:00,40.72345069408079,41.06390222980776,40.29490737797647,40.57345962524414,-0.3683162067070357,1.9084169734351797,-1.474261014508338
2019-02-04 00:00:00-05:00,39.85684536806175,41.79957278607161,39.8258939051981,40.571083068847656,1.7920076066989592,4.955767937241206,-0.005857416198751242
2019-01-28 00:00:00-05:00,36.931978118016325,40.06357642291732,36.427037277293934,39.47566223144531,6.887484080329063,9.983076905049733,-2.7000039302462198
2019-01-21 00:00:00-05:00,37.07894697819723,37.48669477291411,35.96238099698473,37.39897918701172,0.8631102954532949,4.238634188479323,-5.260666767939259
2019-01-14 00:00:00-05:00,35.76088754568398,37.427437002899225,35.37447442699193,37.176151275634766,3.9575743978468374,5.803514000312083,-0.5958128168758625
2019-01-07 00:00:00-05:00,35.25119185230835,36.63326661534517,34.58741615096171,36.10224533081055,2.414254479870771,5.915013875144813,-2.8886958654271933
2018-12-31 00:00:00-05:00,37.58151780400526,37.77828011291415,33.662874971684374,35.14688491821289,-6.478271842264169,12.22535254250109,-2.6462631446978913
2018-12-24 00:00:00-05:00,35.12082296112171,37.57916459813956,34.75100588159193,37.03628921508789,5.453933286490968,8.138350660076137,5.375737568981331
2018-12-17 00:00:00-05:00,39.2220023449531,39.90948598343333,35.47167428612858,35.73244094848633,-8.896948620257755,12.510860529186182,-3.5204614021385305
2018-12-10 00:00:00-05:00,39.11532170383914,40.90988698739814,38.71942766975964,39.22911071777344,0.2909065015388228,5.65726161120216,9.785700826674804
2018-12-03 00:00:00-05:00,43.72855381521539,43.842342811414035,39.8976226427538,39.942665100097656,-8.657703913822168,9.887105815756348,1.8189410090321712
2018-11-26 00:00:00-05:00,41.30578594173798,43.335041082176694,40.36227425289403,42.33463668823242,2.4908150832564737,7.365211411667445,5.988512739799412
2018-11-19 00:00:00-05:00,45.04188107779893,45.207824126733385,40.798463202121155,40.843502044677734,-9.321056165193257,10.807664256292336,-3.5222568568048507
2018-11-12 00:00:00-05:00,47.17544796723725,47.376952583861545,44.07703866846794,45.87871551513672,-2.748744332011627,7.486696055545837,12.328064975797325
2018-11-05 00:00:00-05:00,48.43186777923417,49.81156959998094,46.978673547537454,48.47216796875,0.08321006676746803,6.030174627167573,5.652844515138233
2018-10-29 00:00:00-04:00,51.78107296433132,52.529947934241655,48.53043168631862,49.01472091674805,-5.342400010692786,8.241254217094776,1.1193081942359795
2018-10-22 00:00:00-04:00,51.92280446886628,52.97170289758729,50.240789247146296,51.09833526611328,-1.5878749447121354,5.4356503776383525,4.250997068624085
2018-10-15 00:00:00-04:00,52.24645230014252,52.678768730745624,50.318747312613496,51.809410095214844,-0.8365012085738999,4.690143424020687,1.3915812039636544
2018-10-08 00:00:00-04:00,52.494507684710335,53.689872756933426,50.15811133317159,52.470882415771484,-0.045005220509443694,7.041256797534438,1.2767416562763367
2018-10-01 00:00:00-04:00,53.85050701444596,55.1545431310221,52.10943230916903,52.98587417602539,-1.6056168945421851,5.843684505688355,0.9814810358499182
2018-09-24 00:00:00-04:00,51.22118150453148,53.493792422920315,51.17629565816666,53.328426361083984,4.11401063906751,4.528457433170688,0.6464971851187995
2018-09-17 00:00:00-04:00,52.480339673996895,52.66933104491743,50.86210939638306,51.41963195800781,-2.021152535555414,3.5531787218067725,-3.5793188236079243
2018-09-10 00:00:00-04:00,52.196841596199015,53.94500684183471,51.13849522565445,52.87957000732422,1.3079879744580571,5.488060616168322,2.8392619583677225
2018-09-03 00:00:00-04:00,53.959191680284235,54.256850644517,52.14015746721869,52.279537200927734,-3.1128236488579897,4.059621758198767,-1.1347157443098999
2018-08-27 00:00:00-04:00,51.29913434226493,54.06784690966644,51.105420852481814,53.7749137878418,4.826162229285602,5.796696334300446,2.8603477899332486
2018-08-20 00:00:00-04:00,51.52358002598786,51.77871424435514,50.517202456394884,51.065277099609375,-0.8895013237576352,2.4971924940799384,-5.038848967611099
2018-08-13 00:00:00-04:00,49.44703836804757,51.488137151206544,49.06669455799928,51.40073013305664,3.951079436683784,4.93500247982876,0.6569102382288472
2018-08-06 00:00:00-04:00,49.13755585563846,49.55805965102629,48.31544775737243,49.02652359008789,-0.22596212533804527,2.5718728715791506,-4.619013264642047
2018-07-30 00:00:00-04:00,45.175692880589594,49.14004523178112,44.50947814212625,48.96348571777344,8.384581609397573,10.403552867703134,-0.12857911942015798
2018-07-23 00:00:00-04:00,44.888485741295455,46.131467931175536,44.62482470301507,44.959110260009766,0.15733326163270328,3.3762445862530575,-8.178289186445953
2018-07-16 00:00:00-04:00,45.08623914683361,45.35225304243526,44.54007998482083,45.067405700683594,-0.04177204953529972,1.8234656468762902,0.24087540889383696
2018-07-09 00:00:00-04:00,44.61070587111272,45.16157071738776,44.16577601956555,45.04151153564453,0.9657001746990399,2.254674971364871,-0.0574565245912706
2018-07-02 00:00:00-04:00,43.2735651397151,44.35881426089544,43.17939790248572,44.250526428222656,2.257639936421437,2.7314330808254024,-1.7561246957618515
2018-06-25 00:00:00-04:00,43.174671400986036,44.088073480727665,42.5461201609543,43.57722854614258,0.9323919142725633,3.624192556078131,-1.521559033138764
2018-06-18 00:00:00-04:00,44.22932415581362,44.544776204226835,43.1864443822414,43.532501220703125,-1.5754772391630687,3.14527357233418,-0.10263921532341902
2018-06-11 00:00:00-04:00,45.04621029350374,45.40639134687526,44.31878250278761,44.455322265625,-1.3117374891888622,2.4540584886763024,2.1198438386145435
2018-06-04 00:00:00-04:00,45.11448451796877,45.71714038621677,44.6742639688573,45.12860870361328,0.031307429964951616,2.334400893737093,1.5145238042935105
2018-05-28 00:00:00-04:00,44.16341898039332,44.78961396182632,43.819714896593204,44.784908294677734,1.4072490958191721,2.213385156708357,-0.7616020498057763
2018-05-21 00:00:00-04:00,44.25758329362472,44.64601277398445,43.73025760377426,44.39412307739258,0.3085116122631284,2.094099647222643,-0.8725823768887753
2018-05-14 00:00:00-04:00,44.495339326488676,44.617754898293455,43.574878685122535,43.85972595214844,-1.4284942736954225,2.393296882607231,-1.2037564618914143
2018-05-07 00:00:00-04:00,43.59370740235327,44.81549947923433,43.23823563804978,44.39646530151367,1.841453611071102,3.647845056370793,1.2237635728750806
2018-04-30 00:00:00-04:00,38.02084181485006,43.20816562887036,37.95283238612402,43.10967254638672,13.384318938327874,13.84701196811795,-2.8984126244912534
2018-04-23 00:00:00-04:00,39.123038439404304,39.144143337492515,37.66908701419298,38.065406799316406,-2.703347393955636,3.915827115065891,-11.70100687181652
2018-04-16 00:00:00-04:00,41.045992455543754,41.9629208788734,38.79471107037423,38.86272048950195,-5.319086798562532,8.166602408127199,2.0945886494502464
2018-04-09 00:00:00-04:00,39.83827980288416,41.235947570635815,39.83124483862101,40.975643157958984,2.8549509685216976,3.5266352776722223,5.43688821020083
2018-04-02 00:00:00-04:00,39.078469249394054,40.85838667365982,38.5695865860061,39.486515045166016,1.0441703669810167,5.9342095424070385,-3.6341787413865734
2018-03-26 00:00:00-04:00,39.4138231818905,41.07413928071193,38.738437936055526,39.3458137512207,-0.17255222959706443,6.029415405215576,-0.3563274545357431
2018-03-19 00:00:00-04:00,41.583016017593486,41.61819083342037,38.67980194091797,38.67980194091797,-6.981730414761612,7.596700978434915,-1.6927132693552949
2018-03-12 00:00:00-04:00,42.27951236107945,43.03228580160369,41.65337544393605,41.7471809387207,-1.2590765423510042,3.310440853763716,7.930182792786922
2018-03-05 00:00:00-05:00,41.08821893382803,42.21151261164634,40.867780462103596,42.20682144165039,2.7224409741971347,3.287998844930614,1.1010096792029689
2018-02-26 00:00:00-05:00,41.355554418877894,42.35690262931834,40.4409695860293,41.322723388671875,-0.07938723266404141,4.7376041249785485,-2.094680487135836
2018-02-19 00:00:00-05:00,40.34716631082335,41.191394307064236,40.103275598923645,41.156219482421875,2.0052292281589423,2.7132913506192393,-0.40293546164396066
2018-02-12 00:00:00-05:00,37.16957568963216,40.99675390725299,36.93741112110653,40.436275482177734,8.788638912164835,10.989786947539743,-1.7492957548047694
2018-02-05 00:00:00-05:00,37.31027900743247,38.43122860686062,35.232534933914586,36.67945098876953,-1.6907619976180652,9.078806503550773,-9.29072830919856
2018-01-29 00:00:00-05:00,39.7419088142924,39.7419088142924,37.392334901262075,37.485755920410156,-5.677011903038898,6.283571002545292,2.198247001808995
2018-01-22 00:00:00-05:00,41.409500950699886,41.90931090690319,39.71855335232489,40.05720901489258,-3.2656562015013906,5.515703291469611,6.859813898223477
2018-01-15 00:00:00-05:00,41.549629325229155,42.06345560319023,40.88866868943828,41.680423736572266,0.3147908019090112,2.8731356422357592,4.052241186040217
2018-01-08 00:00:00-05:00,40.72050928281194,41.423511892310295,40.40520710818843,41.360450744628906,1.57154582073728,2.520231566677205,-0.7676817154394722
2018-01-01 00:00:00-05:00,39.741914996281935,40.95874053156003,39.53171232482585,40.8723258972168,2.844379544973155,3.609831506939339,-1.1801729396662797
2017-12-25 00:00:00-05:00,39.89138882438983,40.13662348045581,39.52236970108952,39.52470397949219,-0.9192080188329961,1.5541926863493734,-3.297150059709164
2017-12-18 00:00:00-05:00,40.84430823957143,41.38615675505648,40.46361050394287,40.87466812133789,0.07433075274131863,2.279940518465896,3.4154946297539457
2017-12-11 00:00:00-05:00,39.517692211329695,40.67846633705121,39.42193335307326,40.63175582885742,2.8191515121126565,3.187395637662196,-0.5942856630893667
2017-12-04 00:00:00-05:00,40.28375944103731,40.31645715598507,38.877754134500044,39.55739974975586,-1.8031080052114128,3.700581614122415,-2.6441290984982158
2017-11-27 00:00:00-05:00,40.884004095069606,40.89101049435117,39.04124624455356,39.94977951049805,-2.285061371188499,4.737974393057854,0.9919250588370954
2017-11-20 00:00:00-05:00,39.772277417354985,40.98910659428749,39.60178241627536,40.86532211303711,2.7482577480090806,3.50318620366434,2.2917338061865244
2017-11-13 00:00:00-05:00,40.521988900048875,40.75554503203763,39.32618264467725,39.73957443237305,-1.9308392527467582,3.634632937234349,-2.754775008380317
2017-11-06 00:00:00-05:00,40.25806258327034,41.16192708595277,40.1062525484344,40.79524230957031,1.3343407303539878,2.6321944096958036,2.656464977987505
2017-10-30 00:00:00-04:00,38.14039670191098,40.55369665333799,38.10083481511911,40.14411163330078,5.253524096904339,6.43781652061214,-1.5960946409595889
2017-10-23 00:00:00-04:00,36.51136277709051,38.07291220866558,36.13435831759116,37.944915771484375,3.926320151745647,5.364849360368138,-5.478252656093419
2017-10-16 00:00:00-04:00,36.74640870898739,37.43758592837155,36.07617894399203,36.362422943115234,-1.0449613427889606,3.7737006086289973,-4.17050030602093
2017-10-09 00:00:00-04:00,36.260026580603366,36.769682879822,36.094797715726116,36.534637451171875,0.7573377530710551,1.869757435437415,0.47360570093486487
2017-10-02 00:00:00-04:00,35.8993118737367,36.18555944004501,35.48041957858729,36.14134216308594,0.6741920017868162,1.9874056446707897,-1.0764997698733736
2017-09-25 00:00:00-04:00,34.90560057494932,36.00636286270202,34.712442955573195,35.866729736328125,2.7535098825045856,3.7275391673955385,-0.7598290775108429
2017-09-18 00:00:00-04:00,37.26071754623226,37.35147800495125,35.03824571486186,35.34776306152344,-5.133971138197404,6.602020857192074,-1.4469305638396213
2017-09-11 00:00:00-04:00,37.35148023754006,38.1566912804981,36.74873757691686,37.20719528198242,-0.3862897926401961,3.8312981517646096,5.260395734866186
2017-09-04 00:00:00-04:00,38.10782463450281,38.22418440437915,36.8930283529123,36.91630172729492,-3.1267145753816803,3.6081506747921073,-0.7818207002245225
2017-08-28 00:00:00-04:00,37.26770480730391,38.38475924397722,37.21883214432287,38.17763900756836,2.4416158842336824,3.132626771128275,3.4167487566633348
2017-08-21 00:00:00-04:00,36.65332691902943,37.407339494016064,36.097127370044895,37.202545166015625,1.4984130859375102,3.6296852947319165,-2.5540967616133337
2017-08-14 00:00:00-04:00,37.07687149615515,37.81924369931221,36.47179939122427,36.6533203125,-1.1423595534457958,3.694482670389316,-1.4763098897258797
2017-08-07 00:00:00-04:00,36.550932225628564,37.66100548163785,35.985425419427834,36.64867401123047,0.26741256556343174,4.656274151772021,-0.012676344816564544
2017-07-31 00:00:00-04:00,34.748204138278545,37.031526598482316,34.33790432457707,36.252647399902344,4.3295568761969685,7.844457391586681,-1.080602837654554
2017-07-24 00:00:00-04:00,34.905826136219105,35.69629627505604,34.145492322134,34.65547180175781,-0.7172279306161978,4.541753090837041,-4.405679895666969
2017-07-17 00:00:00-04:00,34.497854042869086,35.17473662370556,34.43990173077218,34.83397674560547,0.9743293084801634,2.133673024614956,0.5150844428515322
2017-07-10 00:00:00-04:00,33.40601828996445,34.6160623917887,33.23447823768068,34.54883575439453,3.4209927519958176,4.1570809212873465,-0.8185714576700143
2017-07-03 00:00:00-04:00,33.58453344330547,33.681892927538506,33.01196417352385,33.422264099121094,-0.4831668853113677,2.0293513905844773,-3.2608093172289854
2017-06-26 00:00:00-04:00,34.11536382508865,34.372672210896624,32.98181683617852,33.38516616821289,-2.140377750680084,4.217036864968718,-0.11099765951876339
2017-06-19 00:00:00-04:00,33.30172599230381,34.11305856923458,33.30172599230381,33.90906524658203,1.8237470767088233,2.4363078872196486,1.5692570638392134
2017-06-12 00:00:00-04:00,33.78387812002328,34.1918610874292,32.96327147313324,32.97949981689453,-2.380953128800229,3.727147092476323,-2.741347845857234
2017-06-05 00:00:00-04:00,35.77744040428866,36.15760744989207,33.84878919690239,34.534942626953125,-3.4728526224771454,6.820977375465379,4.716392967433003
2017-05-29 00:00:00-04:00,35.56417557147138,36.03474807739258,35.2860051721632,36.03474807739258,1.3231643876448458,2.121925963497999,4.34286359366618
2017-05-22 00:00:00-04:00,35.69862461302962,35.9072515238388,35.39031788509804,35.608219146728516,-0.2532463569145732,1.46066401669262,-1.183660087613203
2017-05-15 00:00:00-04:00,36.16454927124909,36.3129070064934,34.704154251896,35.480712890625,-1.8909025396529555,4.635620113143964,-0.35808096882944396
2017-05-08 00:00:00-04:00,34.54653173360423,36.259601924283665,34.54653173360423,36.1854248046875,4.744016226349798,4.958732772045789,1.986183074265968
2017-05-01 00:00:00-04:00,33.49726096301298,34.392981290391695,33.30564975167517,34.38836669921875,2.6602346298991875,3.264705978786188,-4.966248469289647
2017-04-24 00:00:00-04:00,33.12788287824644,33.45108032655999,33.05400716286734,33.16250991821289,0.1045253634037383,1.201286009699651,-3.5647426693100503
2017-04-17 00:00:00-04:00,32.66155082722109,32.993984488174036,32.42376910190378,32.843929290771484,0.5583888668213303,1.758633872817628,-0.9606650046305454
2017-04-10 00:00:00-04:00,33.15096684520113,33.21560632886854,32.33373355191118,32.56228256225586,-1.7757680664161082,2.7274078186533233,-0.8575305531264843
2017-04-03 00:00:00-04:00,33.17636543677846,33.5803640228335,33.023999410330845,33.090946197509766,-0.25747015426229264,1.684728144491816,1.6235459975606936
2017-03-27 00:00:00-04:00,32.179064097099165,33.35874009894102,32.00130373446873,33.16482162475586,3.063350520954267,4.241815820179202,0.2232496671601858
2017-03-20 00:00:00-04:00,32.41223693403172,32.96629440387692,32.25756356977763,32.46764373779297,0.17094409088153908,2.197099705209316,-2.102160822244503
2017-03-13 00:00:00-04:00,32.05440508296005,32.555362931566826,32.04747967438024,32.31758117675781,0.8210294127020417,1.5847837719126547,-0.462191104002041
2017-03-06 00:00:00-05:00,32.17444912483124,32.31527164252861,31.638864212049864,32.12135314941406,-0.16502528205277364,2.137900481968406,-0.6071866154539807
2017-02-27 00:00:00-05:00,31.6596358259555,32.38452453539424,31.46109924833404,32.26909637451172,1.9250396685124342,2.93513357486738,0.45995330399195566
2017-02-20 00:00:00-05:00,31.44954285673335,31.7381131408398,31.23023014532974,31.548812866210938,0.3156484974354259,1.6262544116602007,-2.2321155198808396
2017-02-13 00:00:00-05:00,30.722359000090428,31.458791212801582,30.646175992990536,31.331819534301758,1.9837686754768273,2.6516039717219857,-0.6878018923545004
2017-02-06 00:00:00-05:00,29.810481814326543,30.690043950455642,29.757382317186025,30.50074005126953,2.3154883615844764,3.134219345399108,-2.6525094788139247
2017-01-30 00:00:00-05:00,27.796940267025963,29.994400719290553,27.725684304093615,29.670297622680664,6.7394372821564295,8.182724690629072,-2.722695997516633
2017-01-23 00:00:00-05:00,27.583169161104415,28.144027495227885,27.46823928959981,28.031394958496094,1.6249974568684842,2.460253089042895,-5.523714945588399
2017-01-16 00:00:00-05:00,27.20160003026831,27.698097896575927,27.174017984600503,27.583168029785156,1.4027410118973171,1.9286066281122627,-1.5990175636089177
2017-01-09 00:00:00-05:00,27.111962588343584,27.567085761950228,27.109665253011357,27.362510681152344,0.9241237774371956,1.687296780206683,-0.7999710127369664
2017-01-02 00:00:00-05:00,26.617765533534,27.160234801667425,26.3787111311624,27.10276985168457,1.8221075602290637,2.962706049659013,-0.949258028601474
2016-12-26 00:00:00-05:00,26.783257539768808,27.128047167876336,26.532711251782224,26.622356414794922,-0.6007526333754367,2.2437809330703886,-1.7725621385512702
2016-12-19 00:00:00-05:00,26.61775709304227,27.008517927538954,26.56948500711558,26.783254623413086,0.6217561073696846,1.652395295978807,0.6043725285292512
2016-12-12 00:00:00-05:00,26.040815080854394,26.83153329720556,25.85692655259427,26.65683937072754,2.365610630698176,3.7692288858418315,-0.47199361863602407
2016-12-05 00:00:00-05:00,25.28456922609482,26.364909209733586,24.882314715679676,26.192514419555664,3.5909063165838044,5.95842674202512,-1.7418604835866658
2016-11-28 00:00:00-05:00,25.61327034967156,25.85232468459352,25.020231812289612,25.261585235595703,-1.3730582205031299,3.325680107788584,-3.5541802862000815
2016-11-21 00:00:00-05:00,25.312158545393984,25.840834965049694,25.286873830357095,25.69602394104004,1.516525724021692,2.190706286625137,1.7197602660033118
2016-11-14 00:00:00-05:00,24.758196420325998,25.408700011438132,23.923806059456318,25.29836654663086,2.1817830230209836,6.206763038838807,-1.5475444579348574
2016-11-07 00:00:00-05:00,25.302961640581305,25.679931489387616,24.326057705409557,24.92369270324707,-1.498911244942794,5.565528949958008,-1.4810199017915915
2016-10-31 00:00:00-04:00,26.123555434211386,26.25687448200789,24.85013247706866,25.017929077148438,-4.232296633003568,5.660903442818076,0.37809956583636506
2016-10-24 00:00:00-04:00,26.779090950725948,27.067235376378363,25.912372073332698,26.006134033203125,-2.886419553767074,4.456802718706617,3.94998703932421
2016-10-17 00:00:00-04:00,26.83168469675207,27.03292741787397,26.02442472276523,26.664743423461914,-0.6221796177798863,3.8752160935436173,2.5325155573600933
2016-10-10 00:00:00-04:00,26.303421777616652,27.142699409832186,26.23481713185003,26.900291442871094,2.269171175905175,3.460600748308456,0.8833687827722425
2016-10-03 00:00:00-04:00,25.775156138708514,26.19822418869675,25.676821251869487,26.083881378173828,1.1977628294622742,2.0306366263670537,-3.034948771581525
2016-09-26 00:00:00-04:00,25.53047095611843,26.216528043964107,25.509890080955092,25.85291862487793,1.262991463470135,2.770054911120804,-0.8854615996266579
2016-09-19 00:00:00-04:00,26.342297126406898,26.568695401684224,25.509881609176286,25.775156021118164,-2.1529675356983264,4.150602534066901,-0.3007884908009406
2016-09-12 00:00:00-04:00,23.474576619457824,26.55725745562229,23.447133720019824,26.280548095703125,11.953235714246965,13.264409086160295,1.9607721255727073
2016-09-05 00:00:00-04:00,24.67518012391162,24.871849907665137,23.584348678588867,23.584348678588867,-4.420763860060646,5.459134134347039,-10.259296751710767
2016-08-29 00:00:00-04:00,24.382465542132127,24.698051122819795,24.126336976458223,24.636306762695312,1.0410810183431018,2.3696682464455083,4.460407613721684
2016-08-22 00:00:00-04:00,24.89471676508052,24.999911941049078,24.311567735430735,24.45564079284668,-1.7637315434322465,2.831344375275217,-0.733332197836567
2016-08-15 00:00:00-04:00,24.73006316639651,25.208017026399293,24.716342587311736,25.00905990600586,1.1281683258636186,1.9892685875780054,2.262950776252226
2016-08-08 00:00:00-04:00,24.588278679731566,24.91301360706163,24.505953456378897,24.739212036132812,0.613842710859068,1.6610663666170224,-1.0790004537845288
2016-08-01 00:00:00-04:00,23.87706912434843,24.61801012849132,23.78330717206364,24.579133987426758,2.9403309904665083,3.5096168518066295,-0.647062034442536
2016-07-25 00:00:00-04:00,22.347307717255998,23.780265547457358,21.931067370775377,23.702930450439453,6.066156828979804,8.431865834064062,-3.564826724308179
2016-07-18 00:00:00-04:00,22.449659814835602,22.97280356034274,22.360953088429195,22.440563201904297,-0.04052004799330574,2.736245049546438,-5.325785565521713
2016-07-11 00:00:00-04:00,22.006119542217785,22.586126487850887,22.001571237124633,22.467849731445312,2.09818995276163,2.6568795674915124,0.12159467342913732
2016-07-04 00:00:00-04:00,21.696781114485372,22.037961236929736,21.464779394769213,21.990196228027344,1.3523439813202511,2.670336515548826,-2.1259422202270617
2016-06-27 00:00:00-04:00,21.153170320167238,21.942434049551338,20.811990153712927,21.810510635375977,3.1075262254284244,5.431695323172812,-0.8171168223699232
2016-06-20 00:00:00-04:00,21.83553459877268,22.037968061955546,21.07356576973615,21.244155883789062,-2.708331743876131,4.57636027408508,-2.5967056024277735
2016-06-13 00:00:00-04:00,22.447383602204575,22.545188664121323,21.676316474550408,21.68313980102539,-3.404600797681058,4.008394094960899,2.0663749580716706
2016-06-06 00:00:00-04:00,22.28816524708696,23.175234135419075,22.18808689938037,22.47922706604004,0.8572343969768997,4.4489966192906545,3.6714575117806625
2016-05-30 00:00:00-04:00,22.654373161356382,22.83633669491461,21.9788358423375,22.27225112915039,-1.6867473201942824,3.9014844040343584,-0.9207431211117223
2016-05-23 00:00:00-04:00,21.80596442976139,22.911388414342667,21.760472695321116,22.824954986572266,4.672990089904624,5.289019844081872,2.481580574037645
2016-05-16 00:00:00-04:00,21.01442733028646,21.70588613259609,20.846112237359915,21.65812110900879,3.063104069434356,4.12438485146073,-5.112097168427788
2016-05-09 00:00:00-04:00,21.153177758409296,21.328316208561578,20.350267095340104,20.589092254638672,-2.666670276272678,4.806075068397661,-4.935926108222977
2016-05-02 00:00:00-04:00,21.373796195342837,21.812781325106656,20.891594364435246,21.089479446411133,-1.3302117524338273,4.40936648779468,2.430350913890944
2016-04-25 00:00:00-04:00,23.738091075634777,23.885041508212062,20.914389105876253,21.192462921142578,-10.723811558314729,14.20386886414556,0.4883168168902774
2016-04-18 00:00:00-04:00,24.61752601099075,24.631090079936996,23.652177916429892,23.89181900024414,-2.9479282785061796,4.13878234370589,12.737340105989103
2016-04-11 00:00:00-04:00,24.63561702102527,25.408800137102332,24.565533685745674,24.834564208984375,0.807559184693101,3.4327218864614775,3.9458913058507683
2016-04-04 00:00:00-04:00,24.963423167539215,25.36358044334527,24.443447076577776,24.565528869628906,-1.5939091976284097,3.7643355451661544,-1.0833100878739788
2016-03-28 00:00:00-04:00,23.964164110991703,24.96342412505669,23.710957227747805,24.8662109375,3.7641489280844675,5.282228318657598,1.2239999776387345
2016-03-21 00:00:00-04:00,23.948337389462026,24.337190116970913,23.7132170955071,23.889556884765625,-0.24544712119458395,2.631330109915936,-3.9276351961669898
2016-03-14 00:00:00-04:00,23.039506075684525,24.077198595692938,23.010114964117516,23.946073532104492,3.9348389390028737,4.637454585687449,0.23657469919380336
2016-03-07 00:00:00-05:00,23.148024567530936,23.24749900237965,22.64161255570514,23.118635177612305,-0.12696284226281007,2.6759862849160974,-3.455423927362622
2016-02-29 00:00:00-05:00,21.8978206179147,23.455491170685054,21.850344649994696,23.28819465637207,6.349371760402034,7.346092459419158,0.7334320450022247
2016-02-22 00:00:00-05:00,21.773478680923287,22.160070203651877,21.097508829473707,21.90912628173828,0.6229946202112463,5.036430522516228,-5.921748744299727
2016-02-15 00:00:00-05:00,21.481839042459125,22.356757786228794,21.389148355298698,21.712438583374023,1.0734627536269847,4.523833370347315,-0.8977432319069778
2016-02-08 00:00:00-05:00,21.054553184679108,21.782521497311453,20.932471381489442,21.248979568481445,0.9234410348057961,4.060916173394171,-2.1345323009800743
2016-02-01 00:00:00-05:00,21.809649914558538,22.004076285458687,21.181156088787205,21.255760192871094,-2.539654345014073,3.8851524119928316,0.031910353002118086
2016-01-25 00:00:00-05:00,22.827477288909908,22.82972633880344,20.774533909853535,21.887575149536133,-4.117415724384052,9.892844950784237,2.9724411215221735
2016-01-18 00:00:00-05:00,22.12816705232844,22.813979527720896,21.00612995207696,22.80498504638672,3.0586265570833207,8.606295304124718,4.191464292334035
2016-01-11 00:00:00-05:00,22.25408871223123,22.75327132814954,21.44235512788156,21.840351104736328,-1.8591532227850986,6.113676377663357,-4.2299257802110635
2016-01-04 00:00:00-05:00,23.072569842218847,23.801105818788376,21.682953939110497,21.802127838134766,-5.506287391356772,9.76874223699417,-0.175012143432407
2015-12-28 00:00:00-05:00,24.192351285458052,24.606088843394208,23.569498472654285,23.66843605041504,-2.1656234603287072,4.3980162409590156,8.560211306604003
2015-12-21 00:00:00-05:00,24.12264382241457,24.50939789860073,23.738138795189034,24.29128646850586,0.6991051533687518,3.2490293786975717,2.6315655870295496
2015-12-14 00:00:00-05:00,25.224445830482452,25.363857718995234,23.79210683258561,23.841575622558594,-5.4822619978145575,6.6061862342386535,-1.8513257687291507
2015-12-07 00:00:00-05:00,26.753469300833977,26.95134271518839,25.375095684939055,25.449298858642578,-4.87477129611278,6.211787533021552,6.743359841380525
2015-11-30 00:00:00-05:00,26.530860043161287,26.8501580834895,25.683150448184712,26.764711380004883,0.8814314216092469,4.543864809962488,5.1687574131952685
2015-11-23 00:00:00-05:00,26.818683575937456,26.922119266800518,26.33524257968617,26.490392684936523,-1.2241126230949129,2.2284840754306865,-1.0249267820361951
2015-11-16 00:00:00-05:00,25.044556552028393,26.964834350174375,24.959111562465424,26.825424194335938,7.110797264898307,8.036034386437226,1.2647283616521232
2015-11-09 00:00:00-05:00,27.198688728078523,27.389816738097903,25.244681839528607,25.260421752929688,-7.126325075913929,8.497373475352749,-5.83402681750208
2015-11-02 00:00:00-05:00,27.162714587815458,27.841781680525933,26.895134324089206,27.221176147460938,0.2152272353209648,3.519771810876745,7.7621601638691695
2015-10-26 00:00:00-04:00,26.43793158887332,27.140972643796445,25.52218596380112,26.75586700439453,1.2025729564071452,6.342664700787376,-1.7093645790533074
2015-10-19 00:00:00-04:00,24.807950021490928,26.69541410535258,24.653459537649365,26.661828994750977,7.472922880181748,8.2826289129315,-0.3514668750151495
2015-10-12 00:00:00-04:00,25.24007180069172,25.244549017863186,24.530312450242935,24.861682891845703,-1.499159399521385,2.911648879601521,-6.75177274319656
2015-10-05 00:00:00-04:00,24.601972105400353,25.13932896805494,24.228061936166306,25.103506088256836,2.038592600250902,3.76120481402743,0.9726742854179404
2015-09-28 00:00:00-04:00,25.49083897523901,25.652046137513068,24.026542862195868,24.713911056518555,-3.047871117443956,6.765448049019233,-1.5519546567263398
2015-09-21 00:00:00-04:00,25.450540752944633,26.126715144151163,25.159473743105117,25.683395385742188,0.9149300011262556,3.8444421013023597,3.9228284305406147
2015-09-14 00:00:00-04:00,26.102086638203406,26.171494624178322,25.047524944621284,25.401283264160156,-2.6848557502584636,4.487348279089749,-1.0984222192780724
2015-09-07 00:00:00-04:00,25.02065540347313,25.57144546508789,24.577335656792542,25.57144546508789,2.201341462615351,4.044823337148844,0.6698960802812071
2015-08-31 00:00:00-04:00,25.083349612950666,25.643095883732247,24.037743989101084,24.465389251708984,-2.4636277481960613,6.678463234149771,-4.325356636131417
2015-08-24 00:00:00-04:00,21.24124977930149,25.369936660203646,20.59866051565117,25.365459442138672,19.416040514037984,23.163040824558422,3.6789530759941513
2015-08-17 00:00:00-04:00,25.981178468136516,26.341655138778766,23.654873519011304,23.679502487182617,-8.859013011194582,11.358258236333874,-6.646664369718602
2015-08-10 00:00:00-04:00,26.09089034895908,26.86557890697967,24.5459904510339,25.963268280029297,-0.48914416956596185,9.449968867921834,9.64448384877532
2015-08-03 00:00:00-04:00,27.20366548597732,27.44323679271062,25.099019419494308,25.8647518157959,-4.921813462496784,9.339876327581026,-0.37944554272151265
2015-07-27 00:00:00-04:00,27.435483309864868,27.618254436088755,26.949585556583244,27.03651237487793,-1.4542150779005285,2.481184276847508,4.530337532047857
2015-07-20 00:00:00-04:00,29.19184585831485,29.637624976986803,27.190296867252332,27.7497501373291,-4.940063495762084,9.000740674817727,2.638053875299051
2015-07-13 00:00:00-04:00,27.86789414708798,28.89095687866211,27.70964269124705,28.89095687866211,3.6711160383140475,4.26318809151665,4.112493754665736
2015-07-06 00:00:00-04:00,27.847826523168607,28.135354304570576,26.57289776861575,27.477828979492188,-1.3286406512500772,5.8798876568147005,-4.891246437786245
2015-06-29 00:00:00-04:00,27.963734454483816,28.293611874913015,27.745303556258005,28.182167053222656,0.7811281397138838,1.9762202909160043,2.5632959367209995
2015-06-22 00:00:00-04:00,28.41619477143887,28.93107090638909,28.197763914622286,28.251256942749023,-0.5804360155062936,2.6005856137639967,0.2451546376681657
2015-06-15 00:00:00-04:00,28.106376328714564,28.598962107508612,28.01944952660459,28.21782112121582,0.3965107105870491,2.068251128037948,-0.11835162449925773
2015-06-08 00:00:00-04:00,28.7304695970755,29.015768028062357,27.999393643056266,28.344871520996094,-1.3421224278166963,3.6299871274467703,0.4502487957326773
2015-06-01 00:00:00-04:00,29.038058626016277,29.28546623347954,28.610110975463048,28.674747467041016,-1.251155125948251,2.3605474952393504,1.163794112810046
2015-05-25 00:00:00-04:00,29.555153134296685,29.62424834465696,28.77949511864267,29.038047790527344,-1.749628369102498,2.9352607560758637,1.2669695658310776
2015-05-18 00:00:00-04:00,28.614568039290585,29.63763049072573,28.610109294987435,29.541786193847656,3.2403709651807793,3.591461972912908,1.7347529935694883
2015-05-11 00:00:00-04:00,28.39390548624253,28.861974998052265,27.821079292788284,28.701494216918945,1.0832913803472648,3.7413922526499532,-2.8444183145016066
2015-05-04 00:00:00-04:00,28.86419738556043,29.1026908420102,27.49565565328218,28.445165634155273,-1.4517353308246896,5.844687644450429,-0.8930844534657423
2015-04-27 00:00:00-04:00,29.367848963954962,29.862824241145407,27.652080305446365,28.622055053710938,-2.539491098443694,7.994855762311719,0.6218610987565043
2015-04-20 00:00:00-04:00,27.871820264060297,28.994951230673138,27.783034959753998,28.91726303100586,3.750895194647991,4.362073015689971,1.03140035452014
2015-04-13 00:00:00-04:00,28.49331457767344,28.537709770873487,27.6254424019684,27.68981170654297,-2.8199698176219723,3.3022724328935484,-4.244700901142629
2015-04-06 00:00:00-04:00,27.627668909534332,28.437830570215013,27.59659429921208,28.211429595947266,2.1129567185868408,3.0483336526310154,1.8837899474810849
2015-03-30 00:00:00-04:00,27.534436544314758,28.07602365166664,27.32357124712623,27.816328048706055,1.0237780022758478,2.753858189820445,-1.4005016863731345
2015-03-23 00:00:00-04:00,28.21586983568759,28.420073208509866,27.212598521551794,27.356874465942383,-3.0443696215905653,4.437189950830231,-1.651740596239637
2015-03-16 00:00:00-04:00,27.496703333195494,28.68864211019718,27.272522513544576,27.945068359375,1.6306137530247682,5.192477505332717,2.1500771009673736
2015-03-09 00:00:00-04:00,28.40230734331377,28.759668621664115,26.997285002147073,27.432331085205078,-3.4151318989125525,6.528003165417859,-1.8348041506862534
2015-03-02 00:00:00-05:00,28.688637814075992,28.917258796112268,27.913989576663358,28.10043716430664,-2.0502913159604703,3.594144852327604,2.435469581591221
2015-02-23 00:00:00-05:00,28.859562778430362,29.65418886822585,28.10266990404544,28.513301849365234,-1.199813495871543,5.520895236922187,1.4692464841188135
2015-02-16 00:00:00-05:00,28.29799745208505,28.744142532348633,28.171478900182173,28.744142532348633,1.5765959447095468,2.0327780241695326,0.8095894477704535
2015-02-09 00:00:00-05:00,26.313649811384156,28.295774609334256,26.28701370705116,28.206989288330078,7.1952750398266705,7.641647410653847,-1.8687398429577229
2015-02-02 00:00:00-05:00,26.202664856742864,26.748692217115487,25.765398610075962,26.397991180419922,0.7454444986605775,3.816333765762086,-6.413297390298167
2015-01-26 00:00:00-05:00,25.146766190595073,26.530789515977578,24.105432904506813,25.902894973754883,3.006862900099666,10.061452209046674,-1.8755071296192583
2015-01-19 00:00:00-05:00,23.84233509505885,25.14897727337954,23.546075425186118,24.97873878479004,4.766327145392317,6.807511737089207,-3.567771825895172
2015-01-12 00:00:00-05:00,24.894723532038757,24.938942526114076,23.258657860459195,23.433319091796875,-5.870338099401259,7.224340612153048,-6.186940446865941
2015-01-05 00:00:00-05:00,23.941829304422377,25.038435181479937,23.13263933128591,24.764284133911133,3.435221340153975,8.23855774907845,5.679797372708406
2014-12-29 00:00:00-05:00,25.157819382102865,25.374486534842962,23.73399991696837,24.1717586517334,-3.919499998759609,6.911968583524537,-2.392661459437695
2014-12-22 00:00:00-05:00,24.797446443609044,25.319217107319762,24.755438818688486,25.20203971862793,1.6315924945697804,2.277391617900412,4.2623339151230955
2014-12-15 00:00:00-05:00,24.47464344726815,25.036211816527743,23.493005751446763,24.713420867919922,0.9756114370623206,6.568789372496303,-1.9388067639098616
2014-12-08 00:00:00-05:00,25.226358517701833,25.39217595101729,24.17618144003727,24.260196685791016,-3.829969479078173,5.029721149288937,-1.8339192479711608
2014-12-01 00:00:00-05:00,26.267686791387995,26.36496687350066,24.600668977014468,25.425334930419922,-3.2067987853587563,7.171747638792487,4.802674354702652
2014-11-24 00:00:00-05:00,25.83434511120919,26.47550592610797,25.783495397243094,26.294212341308594,1.7800614961200425,2.683928296777288,3.4173685942249232
2014-11-17 00:00:00-05:00,25.263938871391446,25.99353612197536,25.049483112956374,25.750337600708008,1.9252687864415066,3.768752451944579,-2.0684199760041877
2014-11-10 00:00:00-05:00,24.103226008926455,25.246262351450238,23.96615131718043,25.244050979614258,4.7330800045823995,5.341329182680011,-1.966135857884166
2014-11-03 00:00:00-05:00,23.92634625994582,24.386213599344956,23.81580132375075,24.10100746154785,0.7299952934912803,2.3951000759539856,-4.527971833797462
2014-10-27 00:00:00-04:00,23.08119330194798,23.783425672527905,23.048172660414515,23.774620056152344,3.00429334451196,3.1900707398647463,-1.3542479745556113
2014-10-20 00:00:00-04:00,21.64371085664527,23.222081154580675,21.621697654176796,23.16264533996582,7.017902306037279,7.401747661080273,-2.5740672815848353
2014-10-13 00:00:00-04:00,22.30631807890399,22.40537832641846,20.95248517904158,21.500621795654297,-3.6119644685407395,6.934228254842936,-7.175447881351427
2014-10-06 00:00:00-04:00,22.00251794477843,22.537446678674577,21.641496262918338,22.174224853515625,0.7803966308226329,4.139965207911281,3.1329468713201525
2014-09-29 00:00:00-04:00,21.716350512003157,22.35254147758177,21.582067827137152,21.929882049560547,0.9832754239224781,3.5699714068910002,-1.1019226402240512
2014-09-22 00:00:00-04:00,22.409771631696266,22.660725710443256,21.511619308023427,22.17862892150879,-1.0314371515528964,5.341794060065175,1.1342827626071417
2014-09-15 00:00:00-04:00,22.63211696774356,22.684950666052856,21.769186716020243,22.22486686706543,-1.7994344111006657,4.206698035984456,0.2084797293839813
2014-09-08 00:00:00-04:00,21.85944011470237,22.691551438068792,21.16381162838585,22.37895965576172,2.3766369967999648,7.218642069341935,0.6933350360115664
2014-09-01 00:00:00-04:00,22.687145402229994,22.83683748608933,21.527033011944557,21.786792755126953,-3.968558543352671,6.084463536698303,-2.6460877080240253
2014-08-25 00:00:00-04:00,22.407581182910846,22.651931596171714,22.167632738398048,22.56387710571289,0.6975135849167147,2.1847116626701397,3.56676799251725
2014-08-18 00:00:00-04:00,21.681129950256697,22.337134026155308,21.568862132037008,22.304113388061523,2.8733900826854772,3.561949116347486,-1.1512370699164887
2014-08-11 00:00:00-04:00,20.972290913265436,21.615087315375543,20.877632659768,21.568859100341797,2.844554224159739,3.5322714391303878,-3.296496367855084
2014-08-04 00:00:00-04:00,21.214448832243246,21.26067706411409,20.53422958157269,20.855627059936523,-1.6914027564145773,3.537739166963015,-3.306767581387604
2014-07-28 00:00:00-04:00,21.427057397106164,21.781912150150287,20.767729154010343,21.056869506835938,-1.7276655557949956,4.883456388606168,0.964931173352257
2014-07-21 00:00:00-04:00,20.807162221937393,21.44020451558977,20.528974762543022,21.39420509338379,2.821350000469865,4.438749443588233,1.6020215466422405
2014-07-14 00:00:00-04:00,20.997727628899995,21.26934391554791,20.277066845640885,20.684492111206055,-1.4917591237959558,4.893592734396607,-3.3173141001495488
2014-07-07 00:00:00-04:00,20.62097216500105,21.203634814573892,20.485163162851237,20.857542037963867,1.1472294859324632,3.5072781505864006,0.8366167553326642
2014-06-30 00:00:00-04:00,20.174121423290142,20.612213100978035,20.171930496969306,20.596879959106445,2.0955486831176056,2.1826498166592363,-1.249725774892252
2014-06-23 00:00:00-04:00,20.003265631576777,20.152216866568462,19.637459487366364,20.147836685180664,0.7227372583388061,2.6213033286371106,-2.1801519201807396
2014-06-16 00:00:00-04:00,20.044875438936945,20.316491679168323,19.91125740848417,19.913448333740234,-0.6556643646755457,2.035201807553773,-1.1633425220923588
2014-06-09 00:00:00-04:00,20.30554769760774,20.82030673315818,19.906884355326092,19.994503021240234,-1.5318211604021403,4.5884748287478825,0.4070349150059771
2014-06-02 00:00:00-04:00,19.83803315828727,20.379388863176548,19.479423336631815,20.20133399963379,1.8313349839056536,4.620083002417802,1.0344392064850938
2014-05-26 00:00:00-04:00,19.272272811751954,20.15753044454473,19.264449987194162,19.80799674987793,2.779765227271478,4.635899067682873,-1.9470855229807627
2014-05-19 00:00:00-04:00,18.708074266720338,19.23628791313253,18.69180192197781,19.217512130737305,2.72309087912486,2.9129668366243107,-2.9810415793018796
2014-05-12 00:00:00-04:00,18.38389858744674,18.698071847318722,18.31849665693252,18.697446823120117,1.70555899327839,2.0720870139884218,-2.706205174109777
2014-05-05 00:00:00-04:00,18.466808832543258,18.91334817327314,18.15983026990144,18.322864532470703,-0.7794757685414919,4.149366443256892,-2.003387383277533
2014-04-28 00:00:00-04:00,17.82464904431431,18.65333281109968,17.81686800729106,18.440170288085938,3.453202597377177,4.694791494589963,0.6402151552632684
2014-04-21 00:00:00-04:00,16.34776112247914,17.799435960352344,16.304817522173426,17.797882080078125,8.870456001494793,9.16672901212381,-3.4830926069201795
2014-04-14 00:00:00-04:00,16.240722478693616,16.423076649929854,15.911799933290476,16.3353214263916,0.5824799224424331,3.2131922144753133,-8.21761065224511
2014-04-07 00:00:00-04:00,16.431157663638263,16.56247798779344,16.092589610816564,16.169452667236328,-1.5927362013029773,2.919905300145367,-1.0153994208359607
2014-03-31 00:00:00-04:00,16.77999907394937,16.912251748204525,16.51082377463977,16.549409866333008,-1.3741908244461525,2.431301908638489,2.349845767300307
2014-03-24 00:00:00-04:00,16.754793213968277,17.084026411958455,16.62502840843251,16.706247329711914,-0.28974326114565796,2.760885529032439,0.9476921814473016
2014-03-17 00:00:00-04:00,16.421205907734738,16.68695605451588,16.34340883899404,16.58208656311035,0.9797127950258252,2.102053610151158,-0.7431996195862878
2014-03-10 00:00:00-04:00,16.44174769467559,16.793385145769925,16.27495228124456,16.327543258666992,-0.6946003437674837,3.1854647286604565,-1.535049907468422
2014-03-03 00:00:00-05:00,16.28801361724021,16.640584888188993,16.26903134979244,16.506465911865234,1.3411843810948256,2.283808607949451,1.0958332822255112
2014-02-24 00:00:00-05:00,16.279616351253743,16.57835363318347,16.04467126856561,16.37577247619629,0.5906535072317014,3.3262281020580304,-0.7917711542057004
2014-02-17 00:00:00-05:00,16.990675013251035,17.152178907547118,16.32473984688135,16.344966888427734,-3.800367697691309,5.0686201950338585,-0.18811685258410815
2014-02-10 00:00:00-05:00,16.13989020620906,16.9900471896955,16.119352396073072,16.928119659423828,4.883734914823239,5.401549468169339,3.5677819048319126
2014-02-03 00:00:00-05:00,15.640445330432781,16.272771787281716,15.537443805679814,16.1716365814209,3.396266792701476,4.732618767915336,-4.46879566793349
2014-01-27 00:00:00-05:00,17.0154722021921,17.161786273210936,15.267122552298193,15.485201835632324,-8.99340522775872,12.4100904700443,-4.244683228766089
2014-01-20 00:00:00-05:00,16.73459562630689,17.238807250014702,16.716963665821215,16.89173698425293,0.9390209447248974,3.12164095481302,9.083092125955305
2014-01-13 00:00:00-05:00,16.391861256958283,17.328830222692496,16.390932823959286,16.724702835083008,2.0305294981888355,5.722050165212362,-0.9888512313780184
2014-01-06 00:00:00-05:00,16.62508982535392,16.91617160250207,16.428972490921264,16.485580444335938,-0.8391496375870786,2.965487414687899,-1.4297556919544707
2013-12-30 00:00:00-05:00,17.244069812211844,17.362233535982043,16.717275060078517,16.734289169311523,-2.9562664060853314,3.858035915456763,1.5086440287338299
2013-12-23 00:00:00-05:00,17.570107831633724,17.690130092264372,17.307176281814687,17.32542610168457,-1.392602323752513,2.21268798684433,3.5324890492338
2013-12-16 00:00:00-05:00,17.168594758611476,17.404306035033716,16.66685606252701,16.982994079589844,-1.0810475850304435,4.424649554421692,-1.9764709975094386
2013-12-09 00:00:00-05:00,17.35047363750199,17.661972649144662,17.126827136984048,17.15033531188965,-1.1535035284555948,3.124603920389956,0.985345879033872
2013-12-02 00:00:00-05:00,17.2607770594041,17.790973425942965,17.038676722859712,17.323261260986328,0.36200109280819787,4.415229629152741,1.008294858099923
2013-11-25 00:00:00-05:00,16.116866929704635,17.27098869931596,16.116249075579415,17.201080322265625,6.727197024644416,7.1650643913557825,-0.7052998675016631
2013-11-18 00:00:00-05:00,16.239665163377772,16.307718293736205,15.889500634149373,16.079120635986328,-0.988595058927013,2.6320377790099156,-6.522611750303831
2013-11-11 00:00:00-05:00,16.08499743218844,16.372367177481877,15.912389898472085,16.23966407775879,0.9615584100799256,2.8906863264704112,0.9984590911840785
2013-11-04 00:00:00-05:00,16.119337963705277,16.360309277511213,15.849600095295411,16.10263442993164,-0.1036241923287833,3.222221249401706,-0.8437960734349104
2013-10-28 00:00:00-04:00,16.26994832459474,16.58394402649272,15.824019833662138,15.992857933044434,-1.7030809565107095,4.802346058831455,-0.681730044638873
2013-10-21 00:00:00-04:00,15.73883968778394,16.3988143684318,15.623820545597166,16.175235748291016,2.772733372751702,4.960334897427056,1.1403703828929412
2013-10-14 00:00:00-04:00,15.064101969359243,15.661646332544183,15.049339839018504,15.650267601013184,3.891142219072975,4.068660154368691,-3.2455053851891957
2013-10-07 00:00:00-04:00,14.963534692003813,15.187420385504394,14.708892924317956,15.155744552612305,1.2845217695201654,3.253320719979523,-3.159837652672881
2013-09-30 00:00:00-04:00,14.677215396704556,15.141596586874677,14.589874463020134,14.854971885681152,1.211104996227744,3.7815412685897423,-1.9845456347395984
2013-09-23 00:00:00-04:00,15.256924327179307,15.281835005884645,14.78393185033633,14.846362113952637,-2.690989379132453,3.367866955751609,-0.05795885576070914
2013-09-16 00:00:00-04:00,14.177471717055763,14.717197708248131,13.753684613979486,14.374602317810059,1.3904496139261833,7.005490683487927,-3.1776120811388364
2013-09-09 00:00:00-04:00,15.530630041382292,15.62043133049621,14.291256953298415,14.297406196594238,-7.94059121556598,9.300612126290417,-0.5370313523051284
2013-09-02 00:00:00-04:00,15.16466505337101,15.44575485056656,14.987831562636034,15.322124481201172,1.0383310628754014,3.055300468362001,7.167162144774419
2013-08-26 00:00:00-04:00,15.399931531814502,15.690555621977241,14.946314674942558,14.983834266662598,-2.7019423059920435,4.97942779354432,-2.207854497942663
2013-08-19 00:00:00-04:00,15.510334114770641,15.79941919589743,15.321506014867419,15.408232688903809,-0.6582799900461236,3.119231102779729,2.832375309872792
2013-08-12 00:00:00-04:00,14.050155113587303,15.507574230049347,14.043081180396262,15.448527336120605,9.952717327519013,10.42857355049314,0.26151375067053895
2013-08-05 00:00:00-04:00,14.290952075925674,14.512379095044253,13.951431303581135,13.976033210754395,-2.2036241077442753,4.020718586193593,-9.53161484799483
2013-07-29 00:00:00-04:00,13.467324698326994,14.140996786640251,13.448993890177945,14.131525039672852,4.931939759560183,5.14538784174546,1.1125605282535256
2013-07-22 00:00:00-04:00,13.120865266327167,13.583116707545127,12.792431417874287,13.473130226135254,2.6847692789905024,6.180883554052525,-4.659049972945029
2013-07-15 00:00:00-04:00,12.984906396547157,13.286147858483842,12.95924212870042,12.983073234558105,-0.014117637301863764,2.5225682685520128,-3.6372912853357087
2013-07-08 00:00:00-04:00,12.835201674606152,13.130944472021001,12.537930834258178,13.030734062194824,1.5234072089067678,4.729756812364083,0.3670997365235129
2013-07-01 00:00:00-04:00,12.302988036785932,12.932359090898474,12.25807596720811,12.753018379211426,3.6578946600606574,5.5007256072988575,-2.1312359047301555
2013-06-24 00:00:00-04:00,12.44688529404563,12.485380880335086,11.880756406651038,12.114785194396973,-2.668138187210005,5.089107570167581,-5.004565710144593
2013-06-17 00:00:00-04:00,13.181357348110692,13.31150860967181,12.468273521354504,12.633254051208496,-4.158170379780782,6.763046117596719,4.279637224201993
2013-06-10 00:00:00-04:00,13.587394360167725,13.720294966490256,13.091534931410527,13.138891220092773,-3.300876740501222,4.802798437111792,4.002430148516711
2013-06-03 00:00:00-04:00,13.770704935726025,13.883747492872079,13.221990610130314,13.498181343078613,-1.9790097451031003,5.004971658615045,2.7345543620636015
2013-05-27 00:00:00-04:00,13.745349726338022,13.965324336826242,13.424552807506025,13.740156173706055,-0.03778407050651831,4.028227510251646,1.7926476499111388
2013-05-20 00:00:00-04:00,13.195719382772252,13.69799535494542,13.140420198602591,13.600228309631348,3.0654556612290875,4.243206441770586,-1.018386270910665
2013-05-13 00:00:00-04:00,13.794534586949618,13.989761869076201,12.798234208472818,13.236960411071777,-4.041993387767765,9.310094198889992,-2.6710426493525286
2013-05-06 00:00:00-04:00,13.922854769429806,14.22959742238749,13.763068598193904,13.839142799377441,-0.6012557872554255,3.3897151704584836,4.549249749224771
2013-04-29 00:00:00-04:00,12.761121819222147,13.756031915859838,12.747463914794801,13.657390594482422,7.023432484675604,7.911911010742183,-1.313319817056846
2013-04-22 00:00:00-04:00,11.917056295575232,12.71013050562076,11.875476360373234,12.662479400634766,6.2550942663273865,7.028384545757238,-7.2847824550730795
2013-04-15 00:00:00-04:00,12.959924551183336,12.986937253330456,11.68821224415994,11.853019714355469,-8.540982105692883,11.1114085032074,-6.3925844273335475
2013-04-08 00:00:00-04:00,12.894669914087123,13.293483746805958,12.823042080267033,13.04490852355957,1.1651217943028953,3.668721225385918,10.055570967797989
2013-04-01 00:00:00-04:00,13.412154153573768,13.466786586772347,12.737752511163972,12.844589233398438,-4.231720823340662,5.723412155868274,-1.5356128392878254
2013-03-25 00:00:00-04:00,14.10385807653496,14.263506148280438,13.403658510922641,13.435223579406738,-4.740791445148266,6.4150219632729915,4.598312451071118
2013-03-18 00:00:00-04:00,13.398495685879976,14.02524537803846,13.390908140920828,14.019479751586914,4.6347297507537615,4.737074068779404,4.348689612249634
2013-03-11 00:00:00-04:00,13.043385344819407,13.482869614204853,12.903466405426467,13.465569496154785,3.2367682175629464,4.4902911401754935,-3.9510043542766216
2013-03-04 00:00:00-05:00,12.984204245625875,13.21578324096538,12.717114855479956,13.103180885314941,0.9163183005931768,3.9212383559667336,-2.691223798171527
2013-02-25 00:00:00-05:00,13.77484773299488,13.813393298174043,13.050366977846188,13.065238952636719,-5.151481846571968,5.84678056657824,-0.2895627635022935
2013-02-18 00:00:00-05:00,13.994894063451746,14.04436627898709,13.440075347465273,13.682580947875977,-2.2316218626576663,4.496187081538816,4.72507236551285
2013-02-11 00:00:00-05:00,14.462302099399361,14.718466444185253,13.95908138176658,13.966365814208984,-3.429165576695936,5.440079054274913,2.0740594732389317
2013-02-04 00:00:00-05:00,13.776674522080102,14.532417577957098,13.415192971684382,14.416172981262207,4.641892774320615,8.328054681217452,3.220645750203688
2013-01-28 00:00:00-05:00,13.211625049453824,13.959065476334517,13.152179678806386,13.688091278076172,3.606416522107138,6.134996762767463,-5.050450657968508
2013-01-21 00:00:00-05:00,15.225222334583417,15.539949695538779,13.126231744926738,13.273487091064453,-12.81909190308298,18.3885062942374,-3.0289408405376306
2013-01-14 00:00:00-05:00,15.168491884094648,15.412007263391251,14.586109999404728,15.087623596191406,-0.5331333432563468,5.662217438509845,13.667369340707825
2013-01-07 00:00:00-05:00,15.75147672473379,16.049909866012346,15.546285206046768,15.700180053710938,-0.32566261512676764,3.239517693716898,4.059992971153914
2012-12-31 00:00:00-05:00,15.405366523010576,16.74726011496885,15.35919935760719,15.902353286743164,3.2260625736508923,9.037324961044748,1.2877128309394248
2012-12-24 00:00:00-05:00,15.701687393936853,15.819369501004983,15.228237088514886,15.37700080871582,-2.0678451753307026,3.8818177642895275,-3.3036146823960832
2012-12-17 00:00:00-05:00,15.357084740154116,16.14073553303843,15.12473571343217,15.670907974243164,2.043507862325558,6.717471556901049,1.9113425900371572
2012-12-10 00:00:00-05:00,15.842008382606476,16.58311346957746,15.256005234191806,15.383042335510254,-2.897145589192706,8.698923571495204,-1.8369429468033882
2012-12-03 00:00:00-05:00,17.913534643647267,17.941899217672592,15.649786692070148,16.09095001220703,-10.174343967825383,14.64628605298418,4.60187043145972
2012-11-26 00:00:00-05:00,17.37791634554278,17.93163041679183,17.268077600310185,17.660959243774414,1.6287504934631123,3.842655979665767,9.75709470464039
2012-11-19 00:00:00-05:00,16.316056623614834,17.2602402933024,16.291011805780464,17.24515151977539,5.694359351608544,5.949467713098263,-2.354389239336463
2012-11-12 00:00:00-05:00,16.721616584700016,16.73217856820982,15.261134705931289,15.92287826538086,-4.77668122141963,9.639151286088884,-7.667507315770761
2012-11-05 00:00:00-05:00,17.607852980262642,17.825717519728073,16.105125748280614,16.50766372680664,-6.24828736751294,10.683504111299163,3.672611519596991
2012-10-29 00:00:00-04:00,17.869034324915976,18.112942446129242,17.26436940388501,17.325946807861328,-3.0392661806988923,4.9151696328582855,4.956989036103798
2012-10-22 00:00:00-04:00,18.395904979157464,19.085578442455063,17.75249037570144,18.14298439025879,-1.3748744037612386,7.509301729171888,4.71568793012076
2012-10-15 00:00:00-04:00,18.994551609080617,19.60852865185357,18.311786293650428,18.318395614624023,-3.5597365411529225,7.081462929986171,0.9668267391522045
2012-10-08 00:00:00-04:00,19.431015757363546,19.451442100554054,18.730228396591258,18.91526222229004,-2.6542798457566907,3.8505334195179963,3.258290847204548
2012-10-01 00:00:00-04:00,20.16033756814034,20.328251307726593,19.54425708295872,19.60253143310547,-2.7668491817139937,4.011379002231115,3.633410960623862
2012-09-24 00:00:00-04:00,20.631938417792444,20.880052818321033,19.835630196478085,20.038387298583984,-2.876855810584413,5.2653866375689455,2.223467244350008
2012-09-17 00:00:00-04:00,21.00711097221609,21.17892774433383,20.8349926095587,21.029338836669922,0.10581114406083987,1.650757171938419,4.94526592045641
2012-09-10 00:00:00-04:00,20.43939184132389,20.935920544971644,19.704961147729673,20.76470375061035,1.591592899690656,6.246951658586738,-1.2584089690832911
2012-09-03 00:00:00-04:00,19.998126110296546,20.500362406879574,19.960278115581914,20.439085006713867,2.205001078527463,2.7057954211371698,-1.568135754823441
2012-08-27 00:00:00-04:00,20.425570097967576,20.452004183100783,19.742504547083797,19.98250961303711,-2.1691462358475504,3.593767114627751,-2.2338347999765196
2012-08-20 00:00:00-04:00,19.525027644353592,20.272073580851718,19.467954862007787,19.921829223632812,2.03227153634259,4.130473511694797,-0.30366751013449766
2012-08-13 00:00:00-04:00,18.725424091102575,19.470367271805088,18.721217864976794,19.46796417236328,3.9654112913444033,4.001606157416636,-2.27822980598148
2012-08-06 00:00:00-04:00,18.542185191019797,18.77377942603423,18.481209366399916,18.674654006958008,0.7144185788974151,1.5830677194005869,-4.074951845922625
2012-07-30 00:00:00-04:00,17.674196854965032,18.483551501484158,17.581475689498983,18.41535758972168,4.193462033033997,5.130831040104122,-1.3884938223739818
2012-07-23 00:00:00-04:00,17.77828564826768,18.235305722005833,17.04849146183225,17.501920700073242,-1.5545084248399776,6.961403375956138,-4.960190890663241
2012-07-16 00:00:00-04:00,18.098917980901035,18.404892947752128,18.03999505356432,18.074392318725586,-0.1355089967330096,2.0227161543246273,3.2709073961805224
2012-07-09 00:00:00-04:00,18.104297112262685,18.540080369152708,17.72683776502208,18.09442710876465,-0.05451746310190352,4.587634946009875,0.11084627181798812
2012-07-02 00:00:00-04:00,17.489055592632443,18.374678694854296,17.455257342128483,18.12164306640625,3.617047646874054,5.267303338500646,0.15041071749886115
2012-06-25 00:00:00-04:00,17.26683089518877,17.467226028442383,16.917187670782543,17.467226028442383,1.1605785362121617,3.2513581356658023,-3.6112456004445903
2012-06-18 00:00:00-04:00,17.077206308681536,17.646684417160213,17.059558820798916,17.410398483276367,1.9510929865937534,3.4416223920484774,-0.32533812222662606
2012-06-11 00:00:00-04:00,17.57849010043757,17.601819350516685,16.949790371670797,17.17201805114746,-2.3123262974673278,3.8468262117014893,-1.369184239854615
2012-06-04 00:00:00-04:00,16.794258186729,17.364934234333813,16.405433664786138,17.35715675354004,3.3517322441538258,5.848675439816136,1.078141787652065
2012-05-28 00:00:00-04:00,17.07541419967481,17.3924556618113,16.764952210445113,16.779008865356445,-1.7358602892573456,3.7429480471482215,-3.3308905161882563
2012-05-21 00:00:00-04:00,15.986699030704258,17.2429035600836,15.9732381903912,16.817886352539062,5.19924294714259,7.948703666462421,0.23170312081357558
2012-05-14 00:00:00-04:00,16.826266248292367,16.97401926106589,15.618216569210162,15.86347484588623,-5.721955115882267,8.680905952658934,-5.67497892806691
2012-05-07 00:00:00-04:00,16.794251779495312,17.22435157454608,16.71140223288815,16.95008087158203,0.9278715963814269,3.069457215555746,6.849735232993948
2012-04-30 00:00:00-04:00,17.879980627600546,17.897926819853875,16.904028835743176,16.906421661376953,-5.444966560650251,5.879651494731983,-0.25757523244785974
2012-04-23 00:00:00-04:00,17.066739217853954,18.484156276786564,16.59984906025958,18.035511016845703,5.676373129193258,11.351351507394481,6.6784644207010135
2012-04-16 00:00:00-04:00,18.246669899409795,18.551450033184814,17.06105211333909,17.13762092590332,-6.078089753475226,8.735674153884469,-4.978456613198967
2012-04-09 00:00:00-04:00,18.72731729082466,19.261802247519384,18.050761131354324,18.102205276489258,-3.3379688325229244,6.709086156270002,5.628461235993254
2012-04-02 00:00:00-04:00,18.00051765311627,18.98245157613158,17.957148084878302,18.953140258789062,5.292195613651558,5.709723428280275,4.700725515498272
2012-03-26 00:00:00-04:00,17.939496519527413,18.587340379490083,17.80400798091953,17.93231964111328,-0.04000601915622218,4.399753130924496,-5.386023654852656
2012-03-19 00:00:00-04:00,17.89702897159115,18.234409396593147,17.618271176813497,17.827638626098633,-0.38771991486779844,3.4971548206756955,-0.5837561292106774
2012-03-12 00:00:00-04:00,16.419784335861017,17.94607257596809,16.360562726046446,17.514177322387695,6.665087458770759,9.691047163050627,-1.7582884098404805
2012-03-05 00:00:00-05:00,16.313312904150752,16.38270324558936,15.439950773806343,16.305835723876953,-0.04583483635562883,6.1059292584169675,-6.8992198506872775
2012-02-27 00:00:00-05:00,15.592189593862736,16.396760330699784,15.441745095482256,16.306133270263672,4.578854509837106,6.18463282039887,0.0018247846461649786
2012-02-20 00:00:00-05:00,15.160594028514362,15.63974530057844,15.078043155450752,15.625089645385742,3.0638352032759864,3.725298696499826,-4.1766101968509055
2012-02-13 00:00:00-05:00,14.940755348068596,15.741136098291788,14.554921123492417,15.018221855163574,0.5184912361542208,8.149923759358321,-3.883931574123045
2012-02-06 00:00:00-05:00,13.70997553856281,14.883629078137531,13.704592480839434,14.75800895690918,7.644312824618159,8.603222598165711,-1.73264785114976
2012-01-30 00:00:00-05:00,13.331023324396545,13.758432615330673,13.32145282060552,13.748861312866211,3.1343279379385525,3.280271308315827,-6.83796606296625
2012-01-23 00:00:00-05:00,12.641902827980234,13.592430238684761,12.548585044846645,13.377979278564453,5.822513118476648,8.318429449277188,-2.697547279458601
2012-01-16 00:00:00-05:00,12.687667024627538,12.902118827612314,12.554568896008082,12.571019172668457,-0.9193798334450363,2.7683143442284313,-6.032002958690397
2012-01-09 00:00:00-05:00,12.72654712583663,12.793843331613036,12.521964583725975,12.556360244750977,-1.3372588762913615,2.1712147967612507,-0.11660890589803019
2012-01-02 00:00:00-05:00,12.245006418214746,12.644299237641865,12.233042289290529,12.633831024169922,3.1753728228087272,3.361853401842431,0.6169843641697925
2011-12-26 00:00:00-05:00,12.0565715088236,12.23572988921936,11.979105795602639,12.113399505615234,0.4713445837404501,2.1422641889591207,-4.119348419011182
2011-12-19 00:00:00-05:00,11.4395387622883,12.071230357677818,11.380017623589607,12.063453674316406,5.454021573709858,6.073916200756999,-0.4123188645406728
2011-12-12 00:00:00-05:00,11.71500258383986,11.82626734650545,11.296267802281793,11.39616584777832,-2.721610462991753,4.691811078669709,-5.531482480500339
2011-12-05 00:00:00-05:00,11.769138525341583,11.856475034647021,11.567846528397975,11.773026466369629,0.033035051968110116,2.4950928034918998,3.306907109155288
2011-11-28 00:00:00-05:00,11.136853062057241,11.77333032903819,11.07254786735594,11.65578556060791,4.659597245820262,6.329008192850494,-0.9958433890947638
2011-11-21 00:00:00-05:00,11.078525983161407,11.303746247878209,10.866765758662881,10.87424373626709,-1.8439478970831713,4.021256176125553,-6.705183621275024
2011-11-14 00:00:00-05:00,11.470941280886407,11.698853089853971,11.212521749197458,11.214316368103027,-2.237173972906515,4.337394847785441,3.1273221392100092
2011-11-07 00:00:00-05:00,11.961158295448966,12.203127507298499,11.373433893411145,11.503840446472168,-3.8233575518417835,7.295014167779285,2.581736316915717
2011-10-31 00:00:00-04:00,12.036235040772574,12.242910952549744,11.761066495105654,11.97103214263916,-0.5417217087614207,4.096945269756012,4.061180249681429
2011-10-24 00:00:00-04:00,11.849598411623628,12.233039882805755,11.75897135086108,12.111905097961426,2.213633553019766,4.031547639666296,1.1767820321899825
2011-10-17 00:00:00-04:00,12.61408910605884,12.762441087631878,11.687188723741993,11.75059700012207,-6.845457477559867,9.20026525887751,-2.9830823055257194
2011-10-10 00:00:00-04:00,11.338441026567933,12.62186336517334,11.312119951961629,12.62186336517334,11.319213422710632,11.578231302122898,7.414656166339628
2011-10-03 00:00:00-04:00,11.376729388035523,11.508630316078296,10.595190632161804,11.06058406829834,-2.7788770300685997,8.621267097769216,-12.369641880159577
2011-09-26 00:00:00-04:00,11.959665373451141,12.240516460483862,11.400953432403048,11.40514087677002,-4.636622174330162,7.363972084077308,3.1151773391356663
2011-09-19 00:00:00-04:00,11.87412219660623,12.647586137094219,11.82028602794204,12.092463493347168,1.838799476085422,6.998985533823129,6.026428116965099
2011-09-12 00:00:00-04:00,11.156293682574685,11.97880744934082,11.123392333230672,11.97880744934082,7.372643551422836,7.690235950364088,-0.939891561954076
2011-09-05 00:00:00-04:00,10.987899742422771,11.623181215238061,10.961279963099702,11.290287017822266,2.7520024980935984,6.038539790668587,-5.747821178613599
2011-08-29 00:00:00-04:00,11.610319190669662,11.726967013828023,11.12129716026198,11.18769645690918,-3.6400612835873822,5.446036058906782,-0.9086621159510089
2011-08-22 00:00:00-04:00,10.902359046153052,11.479315829094816,10.620610275710398,11.472736358642578,5.231687106202823,8.085275055693355,2.5477979567220643
2011-08-15 00:00:00-04:00,11.354588906255351,11.51430673726958,10.647824785149616,10.648721694946289,-6.216580953628301,8.137642848222248,-7.182372521578484
2011-08-08 00:00:00-04:00,10.818012761318665,11.354890482386658,10.558696346278113,11.275630950927734,4.230150210631554,7.540648106517421,5.887178517201419
2011-08-01 00:00:00-04:00,11.897454452582155,11.948898604384032,10.844336470536442,11.174837112426758,-6.073713860686931,10.18561289433092,-0.8939086330480128
2011-07-25 00:00:00-04:00,11.675222740680937,12.098445284142025,11.485297444246676,11.67911148071289,0.03330763034099533,5.338545587275958,4.512588087081504
2011-07-18 00:00:00-04:00,10.929878277396757,11.852291816463532,10.925392128559476,11.763460159301758,7.626634631685405,8.483903158780889,0.7222182845686653
2011-07-11 00:00:00-04:00,10.658000052680055,10.917017039821594,10.42709716957007,10.914624214172363,2.407807845973667,4.698525987475046,-7.215869596482561
2011-07-04 00:00:00-04:00,10.25900582896482,10.76747013110012,10.244051466357018,10.758795738220215,4.871718737543844,5.109488823460983,-1.4277035369647417
2011-06-27 00:00:00-04:00,9.7980942261517,10.273955667829647,9.787924720958166,10.266777992248535,4.783417624683475,4.965617949949879,-4.573167461705818
2011-06-20 00:00:00-04:00,9.49212051555678,9.964393616586163,9.286940542669674,9.761008262634277,2.8327468729122622,7.29468516357858,-4.926275117628109
2011-06-13 00:00:00-04:00,9.786428258047701,9.96738202571005,9.52113061731421,9.578855514526367,-2.121026569122808,4.686958160035429,-1.8661263591508437
2011-06-06 00:00:00-04:00,10.339759730434558,10.380137458620545,9.7358836345469,9.747549057006836,-5.727509041477822,6.617312287788336,1.7611033199597115
2011-05-30 00:00:00-04:00,10.202175647197897,10.532078048942964,10.199183816903398,10.272163391113281,0.6860080274603624,3.263930114563194,5.382012760729182
2011-05-23 00:00:00-04:00,9.869279297587275,10.126202868669784,9.852829026537107,10.091806411743164,2.25474533090061,2.774572068553981,-1.7557837867546833
2011-05-16 00:00:00-04:00,10.145346805004975,10.241356116750577,9.892011639012292,10.02630615234375,-1.1733522268799985,3.531581749869095,-0.6490439543429538
2011-05-09 00:00:00-04:00,10.404363221586863,10.468370496084637,10.179742749246483,10.184228897094727,-2.115788537979948,2.8353147417160276,1.5750840075241523
2011-05-02 00:00:00-04:00,10.460594431254922,10.523105794374626,10.333777884709047,10.368473052978516,-0.8806514666237263,1.8321267572987854,1.8091124791622448
2011-04-25 00:00:00-04:00,10.47854124262389,10.617620627778376,10.334376704054995,10.472260475158691,-0.05993933048286108,2.7407934879347104,1.0009904221177646
2011-04-18 00:00:00-04:00,9.753532975524584,10.621809239315594,9.575869659832716,10.489309310913086,7.543690447705995,10.922658898232646,0.16279995894712407
2011-04-11 00:00:00-04:00,9.991610864940712,10.053823523056895,9.77446756320597,9.794207572937012,-1.9756903533579728,2.858017155865394,-6.626763663579737
2011-04-04 00:00:00-04:00,10.298182089757725,10.306855679026533,9.988318512466103,10.021517753601074,-2.686535679261426,3.189097005295479,2.3208634182121823
2011-03-28 00:00:00-04:00,10.562589512595908,10.59758419297108,10.26797880592731,10.305665016174316,-2.4324006543585606,3.2100318209996863,2.8353715431091997
2011-03-21 00:00:00-04:00,10.04933823907234,10.52998547396576,10.027503307350456,10.514432907104492,4.628112388772437,5.011039649789704,2.0257585570899517
2011-03-14 00:00:00-04:00,10.563483420997983,10.66218586658341,9.75831608268703,9.890217781066895,-6.373519161234048,9.26255899314437,-5.936745533996623
2011-03-07 00:00:00-05:00,10.80934517605896,10.817421364124405,10.315835935185984,10.527894973754883,-2.603767367217082,4.8622858301534055,6.4475546120805305
2011-02-28 00:00:00-05:00,10.505461519303225,10.776143954192879,10.398983164739237,10.767470359802246,2.4940250365735386,3.6269006640237174,2.2756247725172374
2011-02-21 00:00:00-05:00,10.233578426350025,10.42141118474771,10.101079343577958,10.413335800170898,1.7565446448138158,3.1712634885242426,-3.2889299696001406
2011-02-14 00:00:00-05:00,10.671456678640281,10.914023329249584,10.454013093835313,10.485119819641113,-1.7461239323787427,4.400321974778641,0.6893470147100844
2011-02-07 00:00:00-05:00,10.405259409730958,10.767465678794983,10.39778223151884,10.673250198364258,2.575532027415638,3.555406711207306,1.794260647081325
2011-01-31 00:00:00-05:00,10.043652466652361,10.369667670140373,9.998788597272132,10.363685607910156,3.1864218950266516,3.709240067035969,-2.900377904581908
2011-01-24 00:00:00-05:00,9.776561047025778,10.336768046642877,9.772074100617127,10.05262565612793,2.8237394291741875,5.778649856841432,-3.0014414133212264
2011-01-17 00:00:00-05:00,9.855823110885874,10.42649926602914,9.750541175281853,9.772076606750488,-0.8497159820460507,6.932518704304093,-2.790803706158329
2011-01-10 00:00:00-05:00,10.134278222026452,10.422905921936035,10.084628705266221,10.422905921936035,2.8480341035266017,3.3543844454398695,6.660092233988002
2011-01-03 00:00:00-05:00,9.739768894114212,10.060100673391775,9.715841448778178,10.053221702575684,3.2182776806017737,3.543277506415966,-3.546844057973453
2010-12-27 00:00:00-05:00,9.656327174248988,9.770282712199668,9.610266074420059,9.647653579711914,-0.08982291486771529,1.6650593910769076,-4.0342104736421085
2010-12-20 00:00:00-05:00,9.618934986903819,9.742163064557424,9.518140040444738,9.678754806518555,0.6218964957781796,2.353642866786591,0.3223708910117029
2010-12-13 00:00:00-05:00,9.701790141502368,9.722427865677798,9.541174497351761,9.589329719543457,-1.1591718674456495,1.8996966083823823,-0.9239317325702934
2010-12-06 00:00:00-05:00,9.530404338446832,9.690420124355876,9.484642756405073,9.587830543518066,0.6025579086877748,2.1695848039383456,-0.01563379369816653
2010-11-29 00:00:00-05:00,9.436489244894023,9.541172965827386,9.298008061354329,9.494514465332031,0.6149026288500763,2.615236541724806,-0.9732762564219732
2010-11-22 00:00:00-05:00,9.17268628295642,9.502290799608696,9.148460123360564,9.421534538269043,2.712926700382232,3.867652823283626,-0.7686535981325293
2010-11-15 00:00:00-05:00,9.225924629836948,9.288136485766445,8.905891457293679,9.17418098449707,-0.5608505100132398,4.292046790663706,-2.625406219838766
2010-11-08 00:00:00-05:00,9.487337789500643,9.60996772518774,9.08146466529221,9.213066101074219,-2.890923613260112,5.8195795433238695,0.4238538202250286
2010-11-01 00:00:00-04:00,9.03928890390926,9.576466202662525,9.03869069758537,9.485240936279297,4.933485776488178,5.949705804412784,2.95422644556238
2010-10-25 00:00:00-04:00,9.244769537230303,9.319841644891012,8.998911499467855,9.002202033996582,-2.6238350480978343,3.566321831725257,-5.0925317082371695
2010-10-18 00:00:00-04:00,9.525321114014488,9.541172384176734,8.973488139152202,9.196314811706543,-3.454017962962766,6.326238316933528,2.156281062976584
2010-10-11 00:00:00-04:00,8.815565373464585,9.421534006468114,8.748267561027907,9.41375732421875,6.785633426924166,7.695997415985521,2.364452685280094
2010-10-04 00:00:00-04:00,8.422554896525751,8.808388498385558,8.30800035040657,8.795527458190918,4.428259195069366,6.022967343212747,-6.567301925632963
2010-09-27 00:00:00-04:00,8.792831686733908,8.81526322127154,8.225147579178698,8.450067520141602,-3.898222766045308,7.174529531684907,-3.9276773302276857
2010-09-20 00:00:00-04:00,8.25744988322097,8.779373261511404,8.250570910604463,8.743182182312012,5.882352372226247,6.40928193499036,3.4687848525676523
2010-09-13 00:00:00-04:00,7.950574382594754,8.313677462254285,7.941601291992059,8.236211776733398,3.5926636289820353,4.685152988445917,-5.7984655358577
2010-09-06 00:00:00-04:00,7.676009118886351,7.971515904060986,7.6643444929637745,7.87849760055542,2.6379395664194605,4.007797553713946,-4.3431881777067805
2010-08-30 00:00:00-04:00,7.201043252309905,7.740015233706759,7.1887812192315685,7.739716529846191,7.480489404969126,7.667975942855499,-1.7615169508897854
2010-08-23 00:00:00-04:00,7.530947768534068,7.537228536739172,7.045514030606518,7.226766586303711,-4.0390823516435965,6.979114710390045,-6.627502978493116
2010-08-16 00:00:00-04:00,7.405025872150162,7.617084797032762,7.37631197206437,7.466639518737793,0.8320517396077707,3.2641355989314023,3.319229001925894
2010-08-09 00:00:00-04:00,7.820766641979941,7.840806945133497,7.3613555508201065,7.450486660003662,-4.734573973716434,6.513085681073734,-0.21633371603911877
2010-08-02 00:00:00-04:00,7.789663995980952,7.904516405897235,7.705617212492869,7.779195785522461,-0.13438590501325903,2.581223384440865,4.411914825422114
2010-07-26 00:00:00-04:00,7.776506270928492,7.955665520770708,7.623966810572061,7.6942548751831055,-1.0576908560194025,4.35073654490054,-1.0918983488940492
2010-07-19 00:00:00-04:00,7.473815891714842,7.9305354544114,7.166345152832774,7.7747063636779785,4.025928338650829,10.663598881733328,1.0456046725766832
2010-07-12 00:00:00-04:00,7.732537745392213,7.831837606917161,7.370630877820105,7.474417686462402,-3.3381027992216783,6.2573575687385405,-3.8623796600019578
2010-07-05 00:00:00-04:00,7.507318225139676,7.863243028385977,7.362555478362297,7.765139579772949,3.4342670298683915,6.800458774064835,3.889559100197193
2010-06-28 00:00:00-04:00,7.98377770639489,8.068124002560797,7.274022249221537,7.385885238647461,-7.488841620283665,10.916955243355824,-4.884063412245543
2010-06-21 00:00:00-04:00,8.305608446474714,8.345089280513028,7.950281738803547,7.976901531219482,-3.9576500309829856,4.965956612361467,8.00196961468429
2010-06-14 00:00:00-04:00,7.655672398710856,8.225152246705747,7.597348459000332,8.197335243225098,7.075313784396682,8.26345916727929,2.7634001891949644
2010-06-07 00:00:00-04:00,7.725358578520508,7.751080651490721,7.244112378349327,7.582391262054443,-1.8506236961423266,6.99834909597183,-7.501754691305207
2010-05-31 00:00:00-04:00,7.767231406609915,7.954166468434749,7.615889217590524,7.65566873550415,-1.4363248017926318,4.4417301930141075,0.9664164103007966
2010-05-24 00:00:00-04:00,7.396053876945607,7.758558932641068,7.093368656640983,7.6831865310668945,3.882241245109296,9.377635763754048,0.35944339434550443
2010-05-17 00:00:00-04:00,7.617982530554037,7.733134439041763,6.9195923034461355,7.247701644897461,-4.860616103692301,11.757081919269465,-5.668024385566516
2010-05-10 00:00:00-04:00,7.484885842733048,7.926053054452873,7.433440893905695,7.591662883758545,1.4265687315614168,6.626973531881387,4.745797436394761
2010-05-03 00:00:00-04:00,7.891358698004944,8.012194000441042,5.959494965811675,7.054486274719238,-10.604921855817805,34.44417767621676,-7.075875434202061
2010-04-26 00:00:00-04:00,8.131832083830442,8.149179271553011,7.669130194290074,7.809107303619385,-3.9686601602703075,6.259498340768166,10.697037310915736
2010-04-19 00:00:00-04:00,7.388577794892171,8.140804409872183,7.231252698619846,8.10042667388916,9.634450617669614,12.578065643120647,3.7305079690063137
2010-04-12 00:00:00-04:00,7.244112494049362,7.511505131436103,7.211510648572932,7.3996429443359375,2.146991096760789,4.159939539471341,-8.651195273603584
2010-04-05 00:00:00-04:00,7.028166534120642,7.2357393650620665,7.021884967517894,7.231850624084473,2.8981113207118363,3.045541169264779,-2.2675731993244574
2010-03-29 00:00:00-04:00,6.968945596419248,7.140326537963992,6.927670153655958,7.05777645111084,1.2746670706861964,3.0696667074399975,-2.4070487904424898
2010-03-22 00:00:00-04:00,6.594176799170087,6.9375392391052015,6.584605498078286,6.906134605407715,4.730807434172676,5.3599830867607645,-2.14857819248806
2010-03-15 00:00:00-04:00,6.741034381788253,6.77303722904634,6.587597621130317,6.647417068481445,-1.38876777664459,2.8149807954451957,-3.7461988754705966
2010-03-08 00:00:00-05:00,6.580417977077923,6.811320022510453,6.517009705431164,6.777522563934326,2.995320168764242,4.516033125346064,1.9572338265004152
2010-03-01 00:00:00-05:00,6.153906761623254,6.571146499349718,6.1449340658530485,6.5487141609191895,6.415557053253018,6.935996854142028,-3.375988805005381
2010-02-22 00:00:00-05:00,6.051914138570609,6.1365579224193905,5.853613169956137,6.120107650756836,1.1268089834852353,4.833676982884287,-6.544895679218243
2010-02-15 00:00:00-05:00,6.039949486242044,6.110835319550254,6.007646752622146,6.03187370300293,-0.13370613872697973,1.7176204124030574,-1.4417058128543658
2010-02-08 00:00:00-05:00,5.853016605716645,6.030979012175346,5.802468964775681,5.993292808532715,2.396647955501475,3.938151996793998,-0.6396170803610768
2010-02-01 00:00:00-05:00,5.753716083521997,5.987908681717467,5.70825319890673,5.846136569976807,1.60627471208549,4.899142926321103,-2.4553487249346473
2010-01-25 00:00:00-05:00,6.056997998369186,6.391985865832784,5.690306002601054,5.744442462921143,-5.160238380996621,12.331144632836798,-1.7395096032809199
2010-01-18 00:00:00-05:00,6.2310734063356525,6.447020690838491,5.89698317207535,5.9146294593811035,-5.078482089984593,9.327439178863445,2.962637323960915
2010-01-11 00:00:00-05:00,6.364769389454245,6.370751452562641,6.1045560336255,6.159290313720703,-3.2283821009131755,4.360602433180502,4.136537310068467
2010-01-04 00:00:00-05:00,6.383613458663798,6.448218552038873,6.25260905204522,6.340244293212891,-0.6793826996533925,3.1284460353341497,2.9379030744676404
2009-12-28 00:00:00-05:00,6.332467658690448,6.3991652685621725,6.230475475960864,6.3028564453125,-0.46760938979784444,2.7074946888430427,-0.589690967277301
2009-12-21 00:00:00-05:00,5.8637834402490965,6.261581442447015,5.852417121285571,6.2523088455200195,6.625848468483316,6.991373182770758,-0.8019792332423115
2009-12-14 00:00:00-05:00,5.843443113448301,5.907449974747413,5.712738261795249,5.845237731933594,0.030711661779720463,3.408377979686662,-6.510732653235863
2009-12-07 00:00:00-05:00,5.782130603071117,5.972954042763703,5.643349520321631,5.822508335113525,0.6983192669664389,5.840583172372556,-0.38885324878906724
2009-11-30 00:00:00-05:00,6.0151255216166915,6.0647758445483895,5.691204006675051,5.782129764556885,-3.873497838448834,6.564021205973061,-0.6934909876063489
2009-11-23 00:00:00-05:00,6.0716546120541155,6.1613835549946305,5.933173056594631,5.99957275390625,-1.1871864055765076,3.8463482562057885,3.760603760265635
2009-11-16 00:00:00-05:00,6.145830553339061,6.221202949706324,5.9149285125160365,5.9795331954956055,-2.705856538024877,5.1779905123486865,-0.3340164247128574
2009-11-09 00:00:00-05:00,5.890402018486642,6.131474363607922,5.8700642024432925,6.115024089813232,3.813357231333759,4.453276014525074,2.265910897855572
2009-11-02 00:00:00-05:00,5.676846294488778,5.838058861805675,5.550328885899817,5.812635898590088,2.3919901483529356,5.1840166919984485,-4.94500408799502
2009-10-26 00:00:00-04:00,6.0916946822203935,6.1838160533053,5.62809479871318,5.637965202331543,-7.448329300106489,9.874056398609016,-3.0050169889518252
2009-10-19 00:00:00-04:00,5.6185241554806105,6.242438913593288,5.549732032370174,6.099769115447998,8.565326883892729,12.481807719412965,8.190967779039848
2009-10-12 00:00:00-04:00,5.713336585699078,5.752218389668819,5.6182234013646575,5.624504566192627,-1.554818592848251,2.3850064109521596,-7.791517027287764
2009-10-05 00:00:00-04:00,5.569174100446239,5.726199683733238,5.51144798250584,5.696887969970703,2.2932281738908227,3.896466081310257,1.286929416204119
2009-09-28 00:00:00-04:00,5.499485123614354,5.605065765081268,5.404671000073948,5.530291557312012,0.5601694159581788,3.7078069137710337,-2.9243406845430364
2009-09-21 00:00:00-04:00,5.512047380163866,5.649930768135324,5.426804560895573,5.454620361328125,-1.0418455226347023,4.111557818896806,-1.3683039167046496
2009-09-14 00:00:00-04:00,5.109462022414067,5.586819897241528,5.092114837314718,5.533880233764648,8.306514648484594,9.715119861430486,1.4530777063506806
2009-09-07 00:00:00-04:00,5.173767505558053,5.21833267534629,5.075663672457399,5.1492414474487305,-0.4740463904296968,2.8108442973294534,-6.950616386113073
2009-08-31 00:00:00-04:00,5.029603282827336,5.10557428674082,4.908469299526461,5.09390926361084,1.2785497616296162,4.015610064697258,-1.0745696119047965
2009-08-24 00:00:00-04:00,5.088226248475265,5.159112098611746,4.93000467340907,5.086132526397705,-0.04114836831768774,4.647205030827065,-0.15266736823699167
2009-08-17 00:00:00-04:00,4.891719472269772,5.065794299048568,4.768192675069696,5.061306953430176,3.466827607792374,6.241392583291979,-0.4881031478963904
2009-08-10 00:00:00-04:00,4.954830176842772,5.044858235690345,4.841771572893723,4.98832893371582,0.6760828459794754,4.194470138442437,-1.4418809288951784
2009-08-03 00:00:00-04:00,4.941369959600785,5.0065728519898895,4.877962085531902,4.950342655181885,0.1815831571903649,2.636567570696153,-0.7615030812661239
2009-07-27 00:00:00-04:00,4.790624600722802,4.935088205307829,4.703587993450778,4.88693380355835,2.0103683937375565,4.921779122223053,-1.2808982335224872
2009-07-20 00:00:00-04:00,4.584248708068181,4.7855403076225915,4.4789664107824665,4.785241603851318,4.384423895444296,6.844746504508106,-2.080899881086695
2009-07-13 00:00:00-04:00,4.173589018421866,4.546861718538723,4.113471289097961,4.538785934448242,8.750188732393836,10.535880743579932,-5.150328652261161
2009-07-06 00:00:00-04:00,4.1484656772957855,4.177777389685047,4.020452710573928,4.143082618713379,-0.1297602294715287,3.9131085585797134,-8.718263461856058
2009-06-29 00:00:00-04:00,4.290836390490102,4.32672877883532,4.181068298158325,4.1879472732543945,-2.3978802236259473,3.483810124344417,1.0828810011746404
2009-06-22 00:00:00-04:00,4.20738862689754,4.293827050609124,3.974392039799355,4.26032829284668,1.2582547191077171,8.037330178074127,1.7283173562029797
2009-06-15 00:00:00-04:00,4.068008579935209,4.172393175111233,4.023742515203033,4.17179536819458,2.551292265490356,3.6943382770281294,-2.078077522822619
2009-06-08 00:00:00-04:00,4.301603979344387,4.323736817438934,4.068906482121641,4.0967230796813965,-4.762895437301894,6.262870292964232,-1.799519916185932
2009-06-01 00:00:00-04:00,4.0817669402649095,4.378768729713754,4.0677090946338295,4.327025890350342,6.008646590427694,7.647047216092185,5.621634808834974
2009-05-25 00:00:00-04:00,3.731525134524422,4.064718029493939,3.7252439688909043,4.062026500701904,8.857004958097502,9.112800757156968,-6.124284817417203
2009-05-18 00:00:00-04:00,3.7007189887042062,3.8676141525189194,3.636113906771763,3.6639297008514404,-0.9941119000134471,6.366693994817352,-9.800448120702166
2009-05-11 00:00:00-04:00,3.8095906932317,3.9169659435996236,3.5706116359795765,3.6615374088287354,-3.8863304833772094,9.700139441937004,-0.06529306558881176
2009-05-04 00:00:00-04:00,3.835608824388756,3.9929334004201626,3.7763880307235684,3.864023208618164,0.7408050593880916,5.734192777194652,5.530075953920144
2009-04-27 00:00:00-04:00,3.6758934588835346,3.826936939417404,3.668714584716196,3.8057010173797607,3.5313199348180273,4.312746359729371,-1.5093644134518636
2009-04-20 00:00:00-04:00,3.64089920833644,3.804505038468578,3.547281918433397,3.705803394317627,1.782641657109812,7.251273677982149,-2.6249466946017153
2009-04-13 00:00:00-04:00,3.5894545936559465,3.716271945714525,3.4623393364280015,3.6914467811584473,2.841439690663957,7.33413408139534,-0.38740892679827166
2009-04-06 00:00:00-04:00,3.437812632241654,3.589155218705136,3.3881623124132236,3.576294183731079,4.028187871283936,5.932210082012126,-3.119443520494991
2009-03-30 00:00:00-04:00,3.1258557963917295,3.4734056985336395,3.069027590897694,3.4692182540893555,10.984590463001515,13.176098801955193,-2.9940470257962204
2009-03-23 00:00:00-04:00,3.0720184452303463,3.2894614771581256,3.0433057364053755,3.1958441734313965,4.030761221284448,8.08843284485439,-7.879990840464368
2009-03-16 00:00:00-04:00,2.8871769640681553,3.0950486866174556,2.8168889133722996,3.0385193824768066,5.241882305523921,9.874715752001414,-4.922792927843833
2009-03-09 00:00:00-04:00,2.5177930830307806,2.9072166099276133,2.4696386725301314,2.8692305088043213,13.958153596581479,17.71829791396916,-5.571426486491326
2009-03-02 00:00:00-05:00,2.635637579284371,2.7747171982897845,2.462460588596466,2.551292657852173,-3.2001714535842845,12.68067440914034,-11.080944872729692
2009-02-23 00:00:00-05:00,2.74121746389036,2.779202565455492,2.5874822390682772,2.671229124069214,-2.5531845153874877,7.409532073010519,4.701007775329491
2009-02-16 00:00:00-05:00,2.897345645549717,2.9024299992741427,2.6619564808434846,2.7277581691741943,-5.853201416821171,9.033713366886454,2.1162185076384343
2009-02-09 00:00:00-05:00,2.9909634519073243,3.080691602714951,2.8644452138357193,2.965839385986328,-0.8399990947724432,7.5493288485577565,8.72809105670136
2009-02-02 00:00:00-05:00,2.664947567388667,2.9909627393949334,2.6589655057361106,2.982588052749634,11.9192020604074,12.485954892706005,0.5647192778693189
2009-01-26 00:00:00-05:00,2.6577700502030064,2.8414154294798375,2.641020469955945,2.695755958557129,1.4292398377813413,7.587785168784979,-9.616886043920003
2009-01-19 00:00:00-05:00,2.4504957320154412,2.691867194850353,2.3389330464943656,2.642814874649048,7.848172927664367,15.089536183388033,-1.963867824905674
2009-01-12 00:00:00-05:00,2.7056250802522204,2.7214775476838433,2.3942662790389817,2.4624598026275635,-8.987397381827524,13.666452704508652,-6.824355112858016
2009-01-05 00:00:00-05:00,2.786682044939802,2.9063203824954496,2.6930644992101387,2.7092158794403076,-2.7798709809811757,7.918706861564499,10.020714918856477
2008-12-29 00:00:00-05:00,2.587781053770307,2.7229730767342577,2.5339434871619524,2.7142984867095947,4.889031579969111,7.459897607425364,0.18760436581883866
2008-12-22 00:00:00-05:00,2.6924649204595554,2.6927640236164065,2.528859487028607,2.5665454864501953,-4.676734432174809,6.481361951050365,-5.443505973379992
2008-12-15 00:00:00-05:00,2.8710258202442827,2.885681478187419,2.6326457534166092,2.6918675899505615,-6.240216616319994,9.61146118661896,4.882909894330378
2008-12-08 00:00:00-05:00,2.9096097705896686,3.0986384091206105,2.767538739224182,2.9392201900482178,1.01767665746284,11.963686910819721,9.188884364932637
2008-12-01 00:00:00-05:00,2.7307499907905233,2.8782048987795554,2.58718422374523,2.8115062713623047,2.9572930822716335,11.24854860984895,-4.345163357217475
2008-11-24 00:00:00-05:00,2.548599711265403,2.848892916638,2.5375332928669274,2.77172589302063,8.754853921114307,12.270169012020949,-1.4149133774615241
2008-11-17 00:00:00-05:00,2.646403977006797,2.7391235506657017,2.3670482445131724,2.469937324523926,-6.668167597090112,15.718957440559201,-10.888110157524078
2008-11-10 00:00:00-05:00,2.996047518685557,3.0029264912280516,2.5728263803047655,2.699044704437256,-9.913154327358733,16.717028176317843,9.275837797118601
2008-11-03 00:00:00-05:00,3.1683269157727647,3.343597563941405,2.8629493953729117,2.938321590423584,-7.259519975800279,16.78856669088581,8.865243528310396
2008-10-27 00:00:00-04:00,2.843508507622417,3.3555617467203955,2.7474985876879003,3.217977285385132,13.169251182435351,22.131518529521717,9.517531909134336
2008-10-20 00:00:00-04:00,2.984382217335636,3.028349377219725,2.695156291743925,2.882689952850342,-3.407481250041817,12.362662844320791,-10.41919512786935
2008-10-13 00:00:00-04:00,3.1270520711010192,3.4814811083191386,2.5689381866832393,2.9131975173950195,-6.838854897312362,35.52218291457161,1.0583019694682116
2008-10-06 00:00:00-04:00,2.750490385737756,3.035828055457301,2.5423187474558313,2.8952529430389404,5.263154456086387,19.411779443287276,-0.6159752041847488
2008-09-29 00:00:00-04:00,3.5777893728887604,3.5795839914660323,2.8309459134521067,2.903327465057373,-18.851358689313138,26.444803288418285,0.2788883105307338
2008-09-22 00:00:00-04:00,4.185554078813358,4.194826277434781,3.6788848703938237,3.835611343383789,-8.360726652677275,14.024396664137134,32.1108758673212
2008-09-15 00:00:00-04:00,4.248064426031712,4.417352792666505,3.609493663277072,4.214565277099609,-0.7885744087783513,22.381508453902505,9.879883538500177
2008-09-08 00:00:00-04:00,4.922227442871928,4.931798742731287,4.366805726680024,4.454740047454834,-9.497476515313833,12.938359327489781,5.698684314139002
2008-09-01 00:00:00-04:00,5.156421133274902,5.189321685131442,4.7152535170678815,4.790925025939941,-7.088174101536776,10.053927457931326,7.546680050998322
2008-08-25 00:00:00-04:00,5.268582094830753,5.2715735262957075,5.05592530122852,5.070580959320068,-3.7581484343757867,4.265257341021006,5.837201205737097
2008-08-18 00:00:00-04:00,5.25123241229441,5.318229902789044,5.138772053723745,5.287722587585449,0.6948878363411757,3.4922321361823654,4.282381644380617
2008-08-11 00:00:00-04:00,5.086731612584286,5.397193527640488,5.074767485296554,5.256319522857666,3.3339268353342897,6.353513599945616,-0.5938863888493628
2008-08-04 00:00:00-04:00,4.683850788382559,5.074172253141706,4.573484054168125,5.071180820465088,8.269478460826097,10.947631893835293,-3.522211722241819
2008-07-28 00:00:00-04:00,4.855530310348781,4.8594186522502785,4.595615998782764,4.685643672943115,-3.498827657271132,5.740311060310261,-7.602512337286649
2008-07-21 00:00:00-04:00,4.991915676666078,5.0358830297053565,4.38265669400235,4.848948001861572,-2.8639841709022837,14.904802755756453,3.485205882415787
2008-07-14 00:00:00-04:00,5.361000167883725,5.362793987275352,4.93508666530179,4.939572811126709,-7.860983838084384,8.666662836556432,1.8689581581478043
2008-07-07 00:00:00-04:00,5.179150669645646,5.410949563911322,5.114545603123931,5.161802291870117,-0.3349656899770438,5.795313675692893,4.498961534544477
2008-06-30 00:00:00-04:00,5.090318609365584,5.3074626490182295,4.905178199289559,5.0882248878479,-0.04113144339985081,8.201219882020494,-1.4254208096676213
2008-06-23 00:00:00-04:00,5.226408271690736,5.348739055350814,4.909665645685768,5.087328910827637,-2.661088717780311,8.943040959436189,-0.01760883294297244
2008-06-16 00:00:00-04:00,5.123519848418216,5.453722556899472,5.056821439488888,5.2422614097595215,2.3175778537866885,7.848826029552279,3.0454586610693335
2008-06-09 00:00:00-04:00,5.527000951093509,5.586520481611593,4.9443615889003905,5.15552282333374,-6.7211518696459125,12.98770086218587,-1.6546024634387702
2008-06-02 00:00:00-04:00,5.640956091449875,5.681334617846571,5.453722309348412,5.55242395401001,-1.5694526956885149,4.173522148496654,7.6985621881045185
2008-05-26 00:00:00-04:00,5.465984991226095,5.669071634302023,5.438767403660958,5.645442485809326,3.2831684476136243,4.234493103824255,1.675277906906536
2008-05-19 00:00:00-04:00,5.618825877594663,5.643650650483428,5.144458471219861,5.418729782104492,-3.5611727405197495,9.703493225890467,-4.015853571703376
2008-05-12 00:00:00-04:00,5.539561469871947,5.74982574050584,5.468974342086243,5.611643314361572,1.3012193272275736,5.1353577627585105,3.5601246051091717
2008-05-05 00:00:00-04:00,5.441159804884169,5.628992586028057,5.399884369668245,5.486921787261963,0.8410336034739585,4.242835599346152,-2.222549084337133
2008-04-28 00:00:00-04:00,5.077158816429577,5.441158895954716,5.058614823928207,5.4118475914001465,6.592048566365969,7.562229688194552,-1.3682388554563163
2008-04-21 00:00:00-04:00,4.851639385875231,5.117536019702626,4.728411718872513,5.0765604972839355,4.635981644957503,8.229492776126083,-6.195427503335615
2008-04-14 00:00:00-04:00,4.389836030006504,4.853135956656527,4.323137635068445,4.816646575927734,9.722699048524557,12.259575482604113,-5.119882280438903
2008-04-07 00:00:00-04:00,4.669790680683234,4.776269419566441,4.378770065737459,4.400903701782227,-5.758009240398477,9.077876843529491,-8.63137594988338
2008-03-31 00:00:00-04:00,4.285154478545235,4.627320214729314,4.262722133852961,4.578567981719971,6.847209468031748,8.553174929720392,4.036995398599519
2008-03-24 00:00:00-04:00,4.008188939182608,4.359029335602217,3.9971229216570903,4.277376174926758,6.7159318043287035,9.054172739703754,-6.578297144341361
2008-03-17 00:00:00-04:00,3.6654255820676878,4.016563889030553,3.6654255820676878,3.9860565662384033,8.747442199872621,9.579741808993047,-6.810708171893321
2008-03-10 00:00:00-04:00,3.648377230696771,3.897224666818067,3.570312505079895,3.7868587970733643,3.7957030652267805,9.156401891236026,-4.997364333768594
2008-03-03 00:00:00-05:00,3.7219552994176714,3.813478485974533,3.5293372242140424,3.6564528942108154,-1.7598923129760418,8.050839115374325,-3.443643131434737
2008-02-25 00:00:00-05:00,3.546983729092071,3.9540544384763026,3.452768607948938,3.7393031120300293,5.4220542755967625,14.518373150558306,2.265863125172185
2008-02-18 00:00:00-05:00,3.768315793882135,3.791047242775192,3.465630077231235,3.5730061531066895,-5.182942498941595,9.38984133597834,-4.44727142842023
2008-02-11 00:00:00-05:00,3.828732329421326,3.918161783683415,3.697428829547732,3.7276370525360107,-2.6404373089354767,5.969904068787249,4.327753516317667
2008-02-04 00:00:00-05:00,4.014171840454277,4.064719083748266,3.5075025953657337,3.753061532974243,-6.504711752710726,15.886416994209823,0.6820535390089866
2008-01-28 00:00:00-05:00,3.833217826709122,4.087149966032157,3.782071596588557,4.000412464141846,4.361730665754078,8.066435593624973,6.590644171282234
2008-01-21 00:00:00-05:00,4.428419259458648,4.78494178407615,3.7728004105716506,3.8885505199432373,-12.191003332900488,26.827323562317478,-2.796260265692496
2008-01-14 00:00:00-05:00,5.309557543575637,5.366385542835868,4.686839182140295,4.8262176513671875,-9.103204706638357,14.499033021765664,24.11353862100878
2008-01-07 00:00:00-05:00,5.4211216968809985,5.491409755935207,5.0337918103810715,5.165095329284668,-4.722756320774599,9.090919187607254,7.021599571280879
2007-12-31 00:00:00-05:00,5.966971590684944,5.996881108622261,5.350534341459422,5.385229110717773,-9.74937572813871,12.080041467158207,4.26195002026406
2007-12-24 00:00:00-05:00,5.83327520384785,6.070458421135006,5.826097526617006,5.976841926574707,2.461168343851749,4.194246550141285,10.985843010457907
2007-12-17 00:00:00-05:00,5.704365438830727,5.799776554107666,5.34185998645327,5.799776554107666,1.6725982284980643,8.57223081128396,-2.962523932241856
2007-12-10 00:00:00-05:00,5.790205736181582,5.887112761360221,5.556013159661561,5.694494724273682,-1.6529811939120806,5.959301970386773,-1.815273896361036
2007-12-03 00:00:00-05:00,5.4393651026531264,5.832079138800447,5.293705068389991,5.811441421508789,6.8404365552548985,10.170080566543453,2.05367996455601
2007-11-26 00:00:00-05:00,5.192012297898709,5.614036404525884,5.08493578024177,5.450131893157959,4.9714750360609665,10.405256765287172,-6.217210191839562
2007-11-19 00:00:00-05:00,4.967989691619096,5.154924360116185,4.848351232232051,5.130698204040527,3.27513788315457,6.323245020823225,-5.8610267674154
2007-11-12 00:00:00-05:00,4.943462117611656,5.311051803035582,4.5052865038550465,4.9766621589660645,0.6715949382140443,17.884884756853197,-3.002243338989541
2007-11-05 00:00:00-05:00,5.541955999980609,5.762988863950711,4.9413703739088,4.946156024932861,-10.750716444696286,16.627340755110843,-0.6129838244744557
2007-10-29 00:00:00-04:00,5.546742150244736,5.686420566780624,5.383734879197361,5.619123935699463,1.3049423155812896,5.622224986464968,13.605877116982711
2007-10-22 00:00:00-04:00,5.095107427792878,5.640957656400765,5.083442401567057,5.52431058883667,8.423829470259395,10.967277895424662,-1.6873332559978582
2007-10-15 00:00:00-04:00,5.024219872118432,5.223118665645682,4.890224462461412,5.097199440002441,1.4525552173583096,6.807339943997441,-7.73148326774602
2007-10-08 00:00:00-04:00,4.889926025647633,5.140866781890064,4.582454773578644,5.00238561630249,2.2998219209249178,12.185870584715683,-1.8601160267706862
2007-10-01 00:00:00-04:00,4.624927151226792,4.832798692562543,4.574080803105686,4.8289103507995605,4.410517028763582,5.656172258286157,-3.467850717817189
2007-09-24 00:00:00-04:00,4.388641564187906,4.635994373048107,4.386249137410314,4.5902323722839355,4.593467138921673,5.693822393892695,-4.9426881258233575
2007-09-17 00:00:00-04:00,4.157140519081017,4.326428129488536,4.1155659751037845,4.311473369598389,3.7124761554004038,5.12352749683315,-6.072873442501702
2007-09-10 00:00:00-04:00,4.09731976355794,4.169401618210493,4.0004127494832655,4.151755332946777,1.3285653190408464,4.2242858252328075,-3.7044885346581458
2007-09-03 00:00:00-04:00,4.185553509390768,4.362019969668207,3.8882517763126434,3.9411914348602295,-5.838226031092054,12.18460687761464,-5.071683690404194
2007-08-27 00:00:00-04:00,3.9896471521764014,4.17688139158835,3.7874577504548284,4.1418867111206055,3.8158652416456302,10.281927002004354,5.092248868837124
2007-08-20 00:00:00-04:00,3.7075984097398567,4.048867155973447,3.6041107047522094,4.046773433685303,9.148105767184322,12.34025499368826,-2.296375639148507
2007-08-13 00:00:00-04:00,3.8380053999228627,3.868812638145611,3.338514707305837,3.650771141052246,-4.878426144850648,15.884247257599224,-9.785630431808645
2007-08-06 00:00:00-04:00,3.974989252426132,4.104797192765631,3.598128160005029,3.7387030124664307,-5.94432399573116,14.081461533040368,2.40858350241151
2007-07-30 00:00:00-04:00,4.316855534945167,4.3503542767113546,3.8215516833941057,3.9435837268829346,-8.646845025055338,13.837379083869767,5.479994365247642
2007-07-23 00:00:00-04:00,4.286347176735472,4.4541399789173095,4.012374798296541,4.3024983406066895,0.37680484583422463,11.01006767384543,9.101229708325388
2007-07-16 00:00:00-04:00,4.13919383164241,4.312370561355184,4.0689057897151795,4.299509525299072,3.873113948690104,5.983544083409389,-0.06946697176868355
2007-07-09 00:00:00-04:00,3.9594341639968667,4.123039482682112,3.8526568079100114,4.11945104598999,4.041407821555843,7.018083578505352,-4.187884181895307
2007-07-02 00:00:00-04:00,3.6205604416419104,3.9881502133561817,3.568218590239106,3.9570438861846924,9.293683946626452,11.76866305965118,-3.9424466510747935
2007-06-25 00:00:00-04:00,3.7144767791595643,3.7413956620040723,3.550870958154982,3.6501708030700684,-1.7312256856817878,5.365576673844714,-7.755109418574213
2007-06-18 00:00:00-04:00,3.687259234098636,3.744087638599969,3.6106912183139137,3.678884744644165,-0.2271196279617761,3.6944843028794727,0.7866465193888006
2007-06-11 00:00:00-04:00,3.768612629045002,3.7730987760009893,3.4515709450994483,3.604109525680542,-4.365083906385634,9.31540553608053,-2.03255127990849
2007-06-04 00:00:00-04:00,3.548178969859453,3.816767161237582,3.526344443806306,3.7234489917755127,4.939717624305814,8.235801183329565,3.3112053128417696
2007-05-28 00:00:00-04:00,3.423158423092109,3.654060541164777,3.370517449150874,3.5413010120391846,3.451274359670406,8.41244990692261,-4.891915536876246
2007-05-21 00:00:00-04:00,3.299330677958521,3.439606831063572,3.2915539976968224,3.3983314037323,3.0006305956284396,4.497961554643968,-4.037205756326223
2007-05-14 00:00:00-04:00,3.2786933952420965,3.3092015147883167,3.0932534503008244,3.2906575202941895,0.36490527200423284,6.981259956777578,-3.1684338766918008
2007-05-07 00:00:00-04:00,3.0232655436563176,3.2640382033629254,3.021172021144205,3.252372980117798,7.578144663548119,8.038806811362562,-1.1634313185216794
2007-04-30 00:00:00-04:00,2.993654584036785,3.0388177566064427,2.947593902456156,3.0151894092559814,0.7193490302464322,3.0948582867630523,-7.292631328317878
2007-04-23 00:00:00-04:00,2.7394215501172705,3.0657355673494506,2.7307479616043,2.9885687828063965,9.09488474595888,12.2672473056923,-0.8828840525860637
2007-04-16 00:00:00-04:00,2.708915665694957,2.760659518670291,2.6799032555800233,2.7208797931671143,0.44165743598694895,3.0134021786838496,-8.95709649312172
2007-04-09 00:00:00-04:00,2.8476955632898417,2.8503870920798344,2.693661447188963,2.699044704437256,-5.22004039929236,5.818312655973398,-0.8025010434011937
2007-04-02 00:00:00-04:00,2.815692958270152,2.848294005895429,2.782194201795299,2.8318443298339844,0.5736197732921542,2.375815608323709,4.920245491984798
2007-03-26 00:00:00-04:00,2.811206183820476,2.896149075466132,2.7585654313961605,2.7789032459259033,-1.1490775056090867,4.987507002882211,-1.8694913187966344
2007-03-19 00:00:00-04:00,2.6990446026829384,2.8222722902545585,2.6796034992841777,2.7971482276916504,3.6347537536502266,5.32425006193987,0.6565533288175995
2007-03-12 00:00:00-04:00,2.634141169454409,2.7098124759078663,2.6296550211546177,2.6796040534973145,1.7259091718429833,3.048211803769357,-4.202286208169214
2007-03-05 00:00:00-05:00,2.568937994727731,2.661059559319501,2.565049454500139,2.631150245666504,2.421710880778444,3.7430118413865685,-1.808245056487745
2007-02-26 00:00:00-05:00,2.6870806997586043,2.691866948980717,2.482499544019456,2.5545814037323,-4.930975688158814,8.433733873814576,-2.9100900665141705
2007-02-19 00:00:00-05:00,2.5318506286742877,2.716093817661429,2.5171947707081244,2.664051055908203,5.221493943469226,7.901615292858385,4.2852285707539295
2007-02-12 00:00:00-05:00,2.5252699421513163,2.5614604242505137,2.501342489293491,2.53723406791687,0.4737761126385329,2.403426768399209,-4.760306215231291
2007-02-05 00:00:00-05:00,2.521383189318773,2.5874838277956598,2.4783137071145966,2.49057674407959,-1.221807354379413,4.405016215972337,-1.8389049882018615
2007-01-29 00:00:00-05:00,2.5812015713244607,2.5916699830781345,2.5034365406331442,2.534841775894165,-1.796054827539394,3.5244928726124245,1.7773004553984784
2007-01-22 00:00:00-05:00,2.6661445149195777,2.666743320299565,2.542019687144989,2.553684711456299,-4.218068556822815,4.906477860313359,0.7433574648061381
2007-01-15 00:00:00-05:00,2.8617531354584718,2.9191791329653896,2.6356361862372206,2.6470015048980713,-7.504198314645888,10.758045750349575,3.654201829346282
2007-01-08 00:00:00-05:00,2.5710317773694897,2.9251617208609093,2.546804621867788,2.830049514770508,10.07446658889716,14.856149378103439,6.915296781423064
2007-01-01 00:00:00-05:00,2.580901892925612,2.5895756836452075,2.449598419996083,2.543813705444336,-1.4370243046795674,5.714294331123391,-10.114162590875486
2006-12-25 00:00:00-05:00,2.4570764930652658,2.5542824220348335,2.2961625908923655,2.5375330448150635,3.274482987276725,11.241356869338855,-0.24689939423749863
2006-12-18 00:00:00-05:00,2.62098079905643,2.632047215408882,2.440625806671756,2.458571195602417,-6.196520154305659,7.843128111398791,-3.1117564901859684
2006-12-11 00:00:00-05:00,2.6589668215683386,2.6918677776024045,2.558171428861905,2.623673439025879,-1.3273344464540038,5.226246655408049,6.715373698299887
2006-12-04 00:00:00-05:00,2.7480975461863757,2.7615563907331744,2.599146756904849,2.639824390411377,-3.939931314492563,6.248574975494189,0.6155854286307383
2006-11-27 00:00:00-05:00,2.766940033044798,2.7863809369287615,2.6769119917323,2.7313475608825684,-1.2863477971028852,4.089374082321677,3.467017382051263
2006-11-20 00:00:00-05:00,2.5542819103412255,2.783988093961763,2.548299848483733,2.740618944168091,7.295084895385435,9.24884273796379,0.3394435559320286
2006-11-13 00:00:00-05:00,2.4890792322660804,2.5812009955471917,2.47173185049852,2.5677411556243896,3.160282016683523,4.428843890432244,-6.307983417817975
2006-11-06 00:00:00-05:00,2.3613651938766322,2.5330463893489243,2.3458116321532896,2.4860877990722656,5.281800778594411,7.981662066521789,-3.1799683692131597
2006-10-30 00:00:00-05:00,2.3924711879544387,2.443018413855212,2.3266695042822003,2.3416242599487305,-2.125289042631369,5.000663367052048,-5.810878408133647
2006-10-23 00:00:00-04:00,2.3924724051582538,2.4705363573077173,2.3852935277678236,2.4050345420837402,0.5250692504708544,3.5736830099759094,2.707961444523055
2006-10-16 00:00:00-04:00,2.248904766416452,2.392471263984337,2.2106205667333136,2.3912744522094727,6.330623151280943,8.226228416925863,-0.5721368917365188
2006-10-09 00:00:00-04:00,2.2073300140168333,2.2994515662790422,2.171438443100361,2.2438201904296875,1.6531364218824036,5.895314397948355,-6.166346219420415
2006-10-02 00:00:00-04:00,2.246213379808809,2.277917515572824,2.1881885657353672,2.2198925018310547,-1.1717888520455049,4.100604090639794,-1.0663817315081148
2006-09-25 00:00:00-04:00,2.2076291758306996,2.3263707164355614,2.204937647132994,2.302443265914917,4.294837698389276,5.507324411665912,3.7186829549526124
2006-09-18 00:00:00-04:00,2.2073307088067624,2.2749270278026947,2.170841319581445,2.183403253555298,-1.083999563635811,4.794717480378444,-5.170160503925225
2006-09-11 00:00:00-04:00,2.166354835216098,2.2426239434468105,2.136145616206723,2.216304063796997,2.305680850104889,4.984600601768303,1.5068590828618555
2006-09-04 00:00:00-04:00,2.0628674298737684,2.200452118558222,2.0503054937110585,2.1690468788146973,5.147177535660945,7.323134299142802,-2.1322518761860754
2006-08-28 00:00:00-04:00,2.048810289778225,2.053296637874483,1.947715210497575,2.0452208518981934,-0.17519620522894647,5.420783634478859,-5.708775966343804
2006-08-21 00:00:00-04:00,2.01291699200037,2.0652588274341035,1.9785213394614731,2.056286334991455,2.1545519841822225,4.383955140773925,0.5410409874802458
2006-08-14 00:00:00-04:00,1.915711081935113,2.0535945910684323,1.902252243542902,2.0311622619628906,6.026544457380133,7.955955790787174,-1.2218178276552583
2006-08-07 00:00:00-04:00,2.0254795287510663,2.0817097151495716,1.871744324651583,1.90374755859375,-6.010032114833449,11.217632009493213,-6.272994814604749
2006-07-31 00:00:00-04:00,1.9988604497914986,2.0936737344258054,1.9429291696400273,2.042827606201172,2.199611104129832,7.758623790372505,7.305592959507545
2006-07-24 00:00:00-04:00,1.8322639200707773,1.964464528398601,1.8074389555502486,1.9617727994918823,7.0682437176464346,8.687738657295252,-3.9677751790332616
2006-07-17 00:00:00-04:00,1.5472253591987013,1.8421344153556023,1.5448327333494323,1.8161126375198364,17.378675751565385,19.244910830027194,-7.424925149832506
2006-07-10 00:00:00-04:00,1.6659665327452926,1.689594881847308,1.5002673885482665,1.5155210494995117,-9.030522539841579,12.619583331891548,-16.551373621342446
2006-07-03 00:00:00-04:00,1.7204022413330793,1.7401422512198235,1.6351595379135977,1.6569932699203491,-3.6857061615774676,6.42033458338749,9.334889836571868
2006-06-26 00:00:00-04:00,1.7697524374213838,1.7712481526970543,1.6572928584404256,1.7129242420196533,-3.2110816292775914,6.87599018340457,3.375449563654098
2006-06-19 00:00:00-04:00,1.729673564273483,1.7996626942034755,1.7048484052915622,1.7595828771591187,1.7291882990764464,5.561449840210171,2.723917030005474
2006-06-12 00:00:00-04:00,1.776632779806272,1.7868012908643864,1.695577405171177,1.7215983867645264,-3.097679704398266,5.380107414441512,-2.1587213019439555
2006-06-05 00:00:00-04:00,1.8289741962881043,1.8412364268621595,1.709334935257571,1.7718462944030762,-3.1234941422885565,7.716538689049425,2.9186776675007797
2006-05-29 00:00:00-04:00,1.8929792250216888,1.8932783280004675,1.7553948498065584,1.8442268371582031,-2.575431743733326,7.85484121758154,4.085035083673083
2006-05-22 00:00:00-04:00,1.9103274560898567,1.949808268333755,1.841236234331334,1.9007569551467896,-0.5009874570224957,5.8966922319910875,3.065247552502526
2006-05-15 00:00:00-04:00,2.015011362294764,2.045220580228694,1.8789226262054792,1.9294706583023071,-4.245172289998407,8.850707937828005,1.510645697113877
2006-05-08 00:00:00-04:00,2.1831042142979475,2.207330571548668,1.9997577736984369,2.0248818397521973,-7.247586876956863,10.379897034546207,4.944940781521923
2006-05-01 00:00:00-04:00,2.116704042597103,2.180112300152895,2.068549643251938,2.150202989578247,1.5825994710173197,5.39327916373188,6.189059893064508
2006-04-24 00:00:00-04:00,1.999458283825878,2.132556353615583,1.9590805676902379,2.1053385734558105,5.295448796627807,8.854959249066198,-2.086520032754513
2006-04-17 00:00:00-04:00,1.9892906877911987,2.093675562215785,1.92468576086305,2.005143165588379,0.7968909669396774,8.780124256593359,-4.759111390951521
2006-04-10 00:00:00-04:00,2.1023477029620254,2.121489905055534,1.9683526876441115,1.9880934953689575,-5.434600919348101,7.779968415858943,-0.8502969020877105
2006-04-03 00:00:00-04:00,1.9043471728516501,2.1549892949168865,1.8259833231282843,2.0873937606811523,9.612038731120677,18.0180162448005,4.994748262267534
2006-03-27 00:00:00-05:00,1.8050457018295414,1.9025515167294118,1.724888266300129,1.875931739807129,3.927104887468473,10.299986028101921,-10.130432736611217
2006-03-20 00:00:00-05:00,1.9507062185605495,1.9578840944219633,1.7655649816627017,1.7933815717697144,-8.06500975359206,10.89278020105197,-4.4004889029651935
2006-03-13 00:00:00-05:00,1.9456209646625549,2.035050995690608,1.9175062712447808,1.9339567422866821,-0.5995115486379304,6.130082921164129,7.838553307885721
2006-03-06 00:00:00-05:00,2.024583257483531,2.025480167755562,1.8678565735173078,1.889990210533142,-6.647938357332975,8.438741843086884,-2.2733978890114526
2006-02-27 00:00:00-05:00,2.1531943494769825,2.165457581417939,2.0197981079158516,2.025480270385742,-5.931377217400858,7.211585798166118,7.168823367311528
2006-02-20 00:00:00-05:00,2.111320949227669,2.1834036285460754,2.0338550108566444,2.137342929840088,1.2324976277025934,7.352963553997008,5.522772109404062
2006-02-13 00:00:00-05:00,1.992878434521193,2.123882198196339,1.9333579158553806,2.1023473739624023,5.493006374345673,9.854578957081733,-1.6373393052234175
2006-02-06 00:00:00-05:00,2.15409188452275,2.1687475403296133,1.8813161863400394,2.0132176876068115,-6.5398415883800505,15.278205549740695,-4.239531842333144
2006-01-30 00:00:00-05:00,2.1286685893832256,2.2910774060534633,2.119695095587737,2.1490066051483154,0.9554336389669158,8.085234089679606,6.7448700842143605
2006-01-23 00:00:00-05:00,2.2761223031063165,2.379610179837394,2.126574545148228,2.154390335083008,-5.348217354453058,11.898742758228986,0.250521795595926
2006-01-16 00:00:00-05:00,2.5632554481950685,2.5835942655424,2.268047387000222,2.2758240699768066,-11.213528422251413,13.912711010836881,5.636570723342027
2006-01-09 00:00:00-05:00,2.2949658048510346,2.58419196781225,2.2653553910635527,2.5599656105041504,11.547004538933285,14.074461694021794,12.485215543494954
2006-01-02 00:00:00-05:00,2.1648593168591597,2.2940690963228563,2.160970975487245,2.282104969024658,5.415855490120342,6.1591813284581916,-10.854077114917626
2005-12-26 00:00:00-05:00,2.213312144044878,2.248605509892702,2.103843009099762,2.150202989578247,-2.851344517149646,6.880860414336891,-5.779838405188887
2005-12-19 00:00:00-05:00,2.1268737584234745,2.227968016891565,2.1247800365918406,2.193871259689331,3.150045977130201,4.856407652682899,2.0308905867370886
2005-12-12 00:00:00-05:00,2.2393333537709856,2.2569796329504697,2.101748962148509,2.126873016357422,-5.022045387935796,7.385785533743114,-3.0538821745354716
2005-12-05 00:00:00-05:00,2.1519977361145886,2.238137234565339,2.138238993194824,2.2231826782226562,3.3078539495395307,4.671986699730577,4.528228113504329
2005-11-28 00:00:00-05:00,2.11520894743757,2.1756265911463575,2.014413572867334,2.172337055206299,2.700825742909959,8.002975180987868,-2.2870645545424284
2005-11-21 00:00:00-05:00,1.9387431440292084,2.079916298846399,1.9058421824055516,2.073935031890869,6.97317167970467,9.133710967669492,-4.529776955173503
2005-11-14 00:00:00-05:00,1.840638695282934,1.9704466839426642,1.8217957933823445,1.9309656620025635,4.907370846386828,8.159580294360794,-6.893628184579925
2005-11-07 00:00:00-05:00,1.8200012711053641,1.8576874803833012,1.7649678727137748,1.8406389951705933,1.1339400907503188,5.25333118539789,-4.677797674470008
2005-10-31 00:00:00-05:00,1.6510117491778098,1.8639676751714165,1.6375519093982265,1.8289740085601807,10.778982007305194,13.826478688934756,-0.6337465761085626
2005-10-24 00:00:00-04:00,1.6525066564384792,1.7215977781069187,1.6202046185288859,1.629177212715149,-1.4117609531213868,6.258046571308744,-10.92398223867147
2005-10-17 00:00:00-04:00,1.614521641379279,1.7042506826472719,1.531672371370202,1.6647697687149048,3.1122609971767945,11.267312416341678,2.184695177539231
2005-10-10 00:00:00-04:00,1.5481219723309496,1.6255879864164058,1.4317740485586303,1.6151195764541626,4.327669610059031,13.53662877553119,-2.9824059274616066
2005-10-03 00:00:00-04:00,1.6199059332621093,1.6554984118923737,1.5119317851863345,1.5343642234802246,-5.280659081828524,9.495575667677732,-4.999961250623219
2005-09-26 00:00:00-04:00,1.6160175770651035,1.6318691464534398,1.513128483346038,1.6034555435180664,-0.7773451059765937,7.847361570038405,4.502928247448956
2005-09-19 00:00:00-04:00,1.5268867122044418,1.6094376988560284,1.5268867122044418,1.591192603111267,4.211569227292814,5.406490605475478,-0.7647820643591929
2005-09-12 00:00:00-04:00,1.5283821434277731,1.544234610262483,1.4754422839410595,1.531672477722168,0.21528217328000593,4.662488466690285,-3.740598421128849
2005-09-05 00:00:00-04:00,1.3967791934638305,1.535859316031546,1.3922928473926257,1.5346626043319702,9.871525257059908,10.311513767220736,0.1952197126535271
2005-08-29 00:00:00-04:00,1.3540091059650736,1.4108373023730791,1.3537101026724587,1.3824228048324585,2.098486542092561,4.220046787553805,-9.920082698944821
2005-08-22 00:00:00-04:00,1.380329702544272,1.4093422196931937,1.3537107103229857,1.368066668510437,-0.8884133994386516,4.109556712965262,-1.0384765262723916
2005-08-15 00:00:00-04:00,1.3901990550126846,1.4455315189593387,1.3683654320367582,1.370758056640625,-1.398432713787322,5.639289411726942,0.19672931094201207
2005-08-08 00:00:00-04:00,1.286114426136874,1.3824234839146972,1.2744500973021315,1.378834843635559,7.209344333162575,8.472154919296818,0.5892204649687205
2005-08-01 00:00:00-04:00,1.2732528486211732,1.301068542855753,1.2568023751624873,1.285814881324768,0.9866094324625733,3.522126355588931,-6.746272966639443
2005-07-25 00:00:00-04:00,1.315724687422396,1.3273898134755404,1.2639816245435032,1.2756458520889282,-3.0461414699138354,5.016543571583774,-0.7908626182147382
2005-07-18 00:00:00-04:00,1.2385579244118765,1.317219739771302,1.228388519331498,1.316023826599121,6.2545239637483165,7.231524801953272,3.1652965785192055
2005-07-11 00:00:00-04:00,1.1476324154024065,1.2565034647321218,1.1299860286210919,1.2427455186843872,8.287767233259112,11.196371716685526,-5.568159666538886
2005-07-04 00:00:00-04:00,1.0931968319999488,1.144940777351888,1.0917011166131494,1.14404296875,4.651141977518428,4.876761590563109,-7.942297795519481
2005-06-27 00:00:00-04:00,1.101870677622187,1.1395567804860667,1.0803359471062932,1.0917012691497803,-0.9229221431277239,5.481705347155942,-4.575151548495516
2005-06-20 00:00:00-04:00,1.1320795479025083,1.1898046477488353,1.1180218023871054,1.1293870210647583,-0.23783901429353288,6.420522856393794,3.452020527953392
2005-06-13 00:00:00-04:00,1.0734565784320287,1.1527171962586062,1.0692692352091973,1.145837426185608,6.742783006584591,7.804204806573605,1.4565781980866443
2005-06-06 00:00:00-04:00,1.146436914143609,1.155409512581813,1.0623900978812435,1.0710645914077759,-6.574484980897223,8.755674105592739,-6.525605907876841
2005-05-30 00:00:00-04:00,1.2161256564535563,1.2191162886229339,1.1296871421151022,1.1437439918518066,-5.951824486034426,7.916275504419241,6.785715915461554
2005-05-23 00:00:00-04:00,1.132079715363021,1.2245002884448017,1.132079715363021,1.2131341695785522,7.159783283418308,8.163786686359305,6.066932654605495
2005-05-16 00:00:00-04:00,1.0336772169117918,1.1269948213152832,1.0327795079587978,1.1231064796447754,8.651565621245085,9.122500265588542,-7.4210826956636495
2005-05-09 00:00:00-04:00,1.1150311590660436,1.1201154124150725,0.9903076666412893,1.039957880973816,-6.732841273701216,13.107819937821638,-7.403447507244221
2005-05-02 00:00:00-04:00,1.083027511796908,1.1165263677380095,1.0773453502843129,1.1138347387313843,2.844547031253385,3.6368113013488848,7.103831713683451
2005-04-25 00:00:00-04:00,1.0914018541657171,1.1219100680764695,1.053416762276968,1.0785409212112427,-1.178386577353354,6.502014041570106,-3.1686763119221695
2005-04-18 00:00:00-04:00,1.0468372360445692,1.128789515867225,1.0169278146593927,1.0617918968200684,1.4285564422607548,10.999964756131575,-1.552933603331852
2005-04-11 00:00:00-04:00,1.3205105806892616,1.3235011132985641,1.055211852171002,1.0573055744171143,-19.932063409500536,25.42515614997892,-0.42252369945466883
2005-04-04 00:00:00-04:00,1.225996046184198,1.329482931307207,1.2011708863306902,1.3082472085952759,6.708925584799158,10.682247333556464,23.734068962655776
2005-03-28 00:00:00-05:00,1.2786369894045402,1.2849180560882896,1.2134340962318975,1.223004698753357,-4.350905777963701,5.891045923167377,-6.515779990346604
2005-03-21 00:00:00-05:00,1.2947877441627058,1.3151264613430704,1.256802537983117,1.271159291267395,-1.8248900641695904,4.640659260089511,3.937400450147366
2005-03-14 00:00:00-05:00,1.2119383936961219,1.299274822365741,1.182029074965726,1.2849180698394775,6.0217315106905,9.919023980303926,1.0823803646484276
2005-03-07 00:00:00-05:00,1.2801324332368555,1.2935922809846814,1.1613917213763187,1.2044610977172852,-5.911211493035374,11.382943168537231,-6.261642201999984
2005-02-28 00:00:00-05:00,1.33636251787489,1.350121367678997,1.2328755851979354,1.280432105064392,-4.185272488743508,9.509944384391227,6.3074687502227
2005-02-21 00:00:00-05:00,1.2906001150135424,1.3445875294442862,1.2754963059301916,1.3308287858963013,3.117051549490735,5.416810945893556,3.9359119966282607
2005-02-14 00:00:00-05:00,1.2372114472196678,1.3590933772408205,1.2270428392875286,1.2982277870178223,4.931763275814645,10.76168930091845,-2.4496764139740557
2005-02-07 00:00:00-05:00,1.1803829701636825,1.2261448397818977,1.1464361705720325,1.2144805192947388,2.8886852820595976,6.952735028422323,-6.450891635547295
2005-01-31 00:00:00-05:00,1.1153306037554391,1.1950393124420442,1.1142837425282168,1.1790376901626587,5.711946412365167,7.247307560155165,-2.9183530381090117
2005-01-24 00:00:00-05:00,1.0614929001905995,1.1063569784164429,1.0550619823093215,1.1063569784164429,4.226507611853803,4.861799303472846,-6.16440953097851
2005-01-17 00:00:00-05:00,1.0445933677664934,1.0707642912821898,1.0131882395808278,1.0541647672653198,0.9162799414753737,5.682660877033281,-4.717483793144872
2005-01-10 00:00:00-05:00,1.044294486297126,1.112937660745056,0.946639704034713,1.0498276948928833,0.5298513655259326,17.56718591049557,-0.4114226264351095
2005-01-03 00:00:00-05:00,0.9687734851885621,1.0413042279422757,0.9361716295362773,1.035621166229248,6.900238503913505,11.230056016339091,-1.3532247941968056
2004-12-27 00:00:00-05:00,0.9690720650577976,0.9743062699295394,0.9279464834014544,0.9630900025367737,-0.617298004629529,4.995954762191664,-7.0036385946575574
2004-12-20 00:00:00-05:00,0.9790916179333811,0.9870174522249645,0.9212166548019021,0.9572579860687256,-2.229988640975279,7.142814568111798,-0.6055525914178905
2004-12-13 00:00:00-05:00,0.9813352651603247,1.0094499655839164,0.9660808033959096,0.9719138145446777,-0.9600644091912565,4.48918579435158,1.5310218028204536
2004-12-06 00:00:00-05:00,0.9608463272648039,0.9979345119405674,0.9279463845809693,0.9743061661720276,1.400831592450291,7.542259824763735,0.24614853617144217
2004-11-29 00:00:00-05:00,1.0311346450129237,1.0404062445233984,0.923460296318714,0.9373680949211121,-9.093531145065585,12.663884811385854,-3.791218051718004
2004-11-22 00:00:00-05:00,0.9242075998644976,0.9834292460824924,0.8658844614279627,0.9653339982032776,4.449909126998056,13.575111910506182,2.983449451041875
2004-11-15 00:00:00-05:00,0.8255055622739874,0.8510785317617063,0.8108498076658636,0.8250575065612793,-0.05427652255593242,4.961304019007709,-14.531394512478279
2004-11-08 00:00:00-05:00,0.8115976821950298,0.8328334069336093,0.7982877916297183,0.82999187707901,2.2664178678075633,4.327463812689096,0.5980638293076712
2004-11-01 00:00:00-05:00,0.7851276331775198,0.8391142428653218,0.7782486615135408,0.8183274269104004,4.228585561116539,7.820839837155569,-1.4053691958601178
2004-10-25 00:00:00-04:00,0.7058670147764281,0.7955959944184857,0.7024275289324116,0.7836319208145142,11.016934409765106,13.263783329744605,-4.239807313666521
2004-10-18 00:00:00-04:00,0.6684802278420109,0.7230656715046446,0.6684802278420109,0.7090079188346863,6.062661138610929,8.165603317669778,-9.52283846506189
2004-10-11 00:00:00-04:00,0.5802466565012834,0.6841824416126201,0.5630483774015059,0.6804440021514893,17.268060837156117,21.513970925580754,-4.028716171484259
2004-10-04 00:00:00-04:00,0.5859298340066904,0.6121007624624866,0.5742647105042737,0.584135115146637,-0.30630269289768797,6.588608226507285,-14.15382995519604
2004-09-27 00:00:00-04:00,0.5525800578789161,0.5872756249853119,0.5507862375982866,0.5783029794692993,4.65505789136165,6.624963533246215,-0.998422372856933
2004-09-20 00:00:00-04:00,0.5515332055184301,0.5812935183601184,0.5504863445402001,0.5576651692390442,1.1118031805265767,5.596355681747276,-3.568684748813533
2004-09-13 00:00:00-04:00,0.5365783199694346,0.5590107981914841,0.5201279024960148,0.5554214119911194,3.5117132616834272,7.475641185346184,-0.40234846493757415
2004-09-06 00:00:00-04:00,0.5294005907706001,0.5468978253900894,0.5268580143495121,0.5364294648170471,1.327704231726629,3.803645478434932,-3.4193761284766477
2004-08-30 00:00:00-04:00,0.5084636639291514,0.5382239687224688,0.5078657074029828,0.526857852935791,3.6176014750982484,5.977615908490015,-1.784318817110575
2004-08-23 00:00:00-04:00,0.46150545357933065,0.5261104177111268,0.45761790940756697,0.5136982798576355,11.30925450035514,14.967182642005932,-2.497746404428991
2004-08-16 00:00:00-04:00,0.46359882570447797,0.4764607083263955,0.4538783243223971,0.46060824394226074,-0.645079667247384,4.975426847649533,-10.33486737196938
2004-08-09 00:00:00-04:00,0.4464015660477792,0.4716747395174174,0.4458027606112288,0.4612063765525818,3.3164781736491498,5.803458657527417,0.12985712222641776
2004-08-02 00:00:00-04:00,0.46629129863687097,0.4830406728429986,0.44415781906379553,0.4453545808792114,-4.490051137317966,8.754287802736675,-3.4370287314453685
2004-07-26 00:00:00-04:00,0.4613562253034395,0.49350921834524775,0.46030936416703055,0.4836387634277344,4.829790279656328,7.212508969548162,8.596337433633883
2004-07-19 00:00:00-04:00,0.4787034596334711,0.4891718191970146,0.45582296957247675,0.4591125547885895,-4.092492847217315,7.316184538882762,-5.071183390123279
2004-07-12 00:00:00-04:00,0.44894315986542316,0.5029306251956619,0.42980110888599476,0.48154500126838684,7.261908481406985,17.014734210251845,4.8860450984894
2004-07-05 00:00:00-04:00,0.46763719947896026,0.4698799240490404,0.447896341371651,0.4490931034088135,-3.9654877949847775,4.908185364958819,-6.739120492185624
2004-06-28 00:00:00-04:00,0.5111554051493722,0.5113053061299068,0.4446067575193208,0.46479561924934387,-9.06960690095429,15.001694752173778,3.4964945400723035
2004-06-21 00:00:00-04:00,0.49530384512408,0.5059213083346378,0.4803483378880146,0.5039775371551514,1.7511860883895434,5.32383864573402,8.429924096334474
2004-06-14 00:00:00-04:00,0.4583647534872821,0.4996402900792483,0.44116732039929113,0.49216336011886597,7.3737359547043875,13.254148024163385,-2.3441872236953265
2004-06-07 00:00:00-04:00,0.43428750447251196,0.46315085951664126,0.43084801780819615,0.45971137285232544,5.854156087381203,7.497502686161969,-6.593743032537569
2004-05-31 00:00:00-04:00,0.41559435201601697,0.4374280102188175,0.4129027229463896,0.43039998412132263,3.5625200471288068,5.939725245069946,-6.3760416778765645
2004-05-24 00:00:00-04:00,0.40811649432492647,0.43039990117097654,0.40542486577405273,0.419631689786911,2.8215462060733545,6.160213027200615,-2.501927214610733
2004-05-17 00:00:00-04:00,0.3992938658185247,0.41125712038987244,0.3942087619477157,0.40542498230934143,1.5354897772467275,4.324703073042776,-3.3855182588292454
2004-05-10 00:00:00-04:00,0.3928629456969176,0.4145475534493271,0.3879277428671988,0.4046771228313446,3.0072006698084737,6.862053841619985,-0.18446309690560714
2004-05-03 00:00:00-04:00,0.38882538783163895,0.4123038591611929,0.3813476103086428,0.3988448679447174,2.576858514551752,8.117593506747227,-1.441211908847606
2004-04-26 00:00:00-04:00,0.4124538163306606,0.41335075141735933,0.3811986098569281,0.38553503155708313,-6.52649671496721,8.434485522520294,-3.3370960634948155
2004-04-19 00:00:00-04:00,0.42052956779933176,0.4299510679574586,0.4045280226059231,0.414248526096344,-1.493602872173058,6.284619094559423,7.447700517199163
2004-04-12 00:00:00-04:00,0.41125713006398995,0.4423632649037259,0.3934609133615016,0.4363812506198883,6.109102728988344,12.428769893413563,5.342861381333375
2004-04-05 00:00:00-04:00,0.41095805352419873,0.4242679427166186,0.4025833408609251,0.4117059111595154,0.18197906791297724,5.386363432058796,-5.654537041937779
2004-03-29 00:00:00-05:00,0.40931334181226736,0.4185849663329996,0.3980970973704401,0.4112570881843567,0.47487979831862703,5.146450224804071,-0.10901543140214853
2004-03-22 00:00:00-05:00,0.3794039209906549,0.40916338745023056,0.37716032283838274,0.40437808632850647,6.582474232907759,8.485268113836428,-1.6726767886773852
2004-03-15 00:00:00-05:00,0.40422903385997044,0.4090143349809849,0.37970289930047085,0.3867317736148834,-4.328551088477299,7.719571205412095,-4.363815278379757
2004-03-08 00:00:00-05:00,0.39809707941308403,0.42082852069969884,0.38508614160499804,0.4121548533439636,3.5312426686488174,9.281658110502331,6.57382751136375
2004-03-01 00:00:00-05:00,0.3604110261782428,0.4111080995135854,0.3529340944512618,0.39989185333251953,10.954389373967528,16.482965510252544,-2.9753380099615145
2004-02-23 00:00:00-05:00,0.3340908716133106,0.35921495772677575,0.3273609770520424,0.3577192425727844,7.072438359471915,9.73053690198063,-10.546003977897389
2004-02-16 00:00:00-05:00,0.3454561784052253,0.35353191241634163,0.3321462897474303,0.3349878191947937,-3.030300184167514,6.438615552554659,-6.354543080909492
2004-02-09 00:00:00-05:00,0.3382781701044087,0.36041082296338744,0.3355857184593299,0.34396040439605713,1.6797519892858084,7.397544990302128,2.6784810333792874
2004-02-02 00:00:00-05:00,0.335884818145094,0.34261471424324874,0.3245194968631601,0.3396241068840027,1.113265184046926,5.576003153893345,-1.2606967129452973
2004-01-26 00:00:00-05:00,0.33588475363706216,0.3496435215636808,0.3318473109327051,0.33738046884536743,0.44530607361876706,5.362770781826395,-0.660623905417157
2004-01-19 00:00:00-05:00,0.3390252613954696,0.34351240702038544,0.33169738500064844,0.33738046884536743,-0.4851533904382298,3.5619882923448136,0.0
2004-01-12 00:00:00-05:00,0.34769983613654476,0.37147726447319934,0.3364835924281831,0.33977317810058594,-2.279741665695222,10.399815275535335,0.7092020659664078
2004-01-05 00:00:00-05:00,0.3203320365822105,0.3608597021761644,0.3203320365822105,0.34396040439605713,7.3762112793806125,12.651767842631267,1.23235928123544
2003-12-29 00:00:00-05:00,0.3127052203791272,0.3252672747351097,0.3119573628723816,0.31823837757110596,1.769448295513045,4.266580451948814,-7.478194145664874
2003-12-22 00:00:00-05:00,0.29386217110988316,0.31270524143327616,0.2878801342847691,0.31076064705848694,5.750476791476835,8.623417941006732,-2.3497261925765733
2003-12-15 00:00:00-05:00,0.3213788684103218,0.3213788684103218,0.2934132570205766,0.29460999369621277,-8.329382341321761,9.531134234941558,-5.197135967873856
2003-12-08 00:00:00-05:00,0.3107607148633941,0.3191354035194937,0.2984984838728344,0.3124063313007355,0.5295445526519448,6.913576035264221,6.040642878826907
2003-12-01 00:00:00-05:00,0.314649163073312,0.3275101777808375,0.3100137618069685,0.31180763244628906,-0.9030790354782701,5.643754610081875,-0.1916410758878273
2003-11-24 00:00:00-05:00,0.30657340257779014,0.3180886265794859,0.30283493691318397,0.3127053678035736,2.0001621713506395,5.036964962425987,0.2879132079742108
2003-11-17 00:00:00-05:00,0.3192852374387971,0.31958421573772505,0.2968527801122153,0.3032837212085724,-5.011668049103588,7.657477762855014,-3.0129468711005414
2003-11-10 00:00:00-05:00,0.33573572445527644,0.33977316773878935,0.3182384646711649,0.3209300935268402,-4.409906319161605,6.766844821815053,5.818437022583267
2003-11-03 00:00:00-05:00,0.3414188906923355,0.34844694338274695,0.33573582921760925,0.3364836871623993,-1.4454980859226942,3.7860463670974234,4.846411710610843
2003-10-27 00:00:00-05:00,0.3402219723465069,0.3589151164980785,0.33498779314826765,0.3423156440258026,0.6153840285081136,7.142744851965537,1.7332064185889173
2003-10-20 00:00:00-04:00,0.33797845244407654,0.3499425278017144,0.33244529408991086,0.33797845244407654,0.0,5.263191876336617,-1.2670152993063732
2003-10-13 00:00:00-04:00,0.3548777290269177,0.3740197540495011,0.3351377224102652,0.34022200107574463,-4.129796477045604,11.601806970460267,0.6638141027760724
2003-10-06 00:00:00-04:00,0.3240706164815819,0.35607453029216585,0.3227248019925071,0.3541299104690552,9.275538249602963,10.33379774152997,4.087892420047878
2003-09-29 00:00:00-04:00,0.32137894281715446,0.3269121010059363,0.3019379386659179,0.32436954975128174,0.9305547239380771,8.271289938046284,-8.40379754377567
2003-09-22 00:00:00-04:00,0.3316974609149572,0.33648361090911416,0.30133918734383447,0.30941492319107056,-6.717729361696745,11.662745849639247,-4.610366963137569
2003-09-15 00:00:00-04:00,0.34111911243812165,0.34470850137101694,0.3267632039708513,0.3376796245574951,-1.0082952714209032,5.491835427640882,9.13488627986132
2003-09-08 00:00:00-04:00,0.3361845025139673,0.34605407988829034,0.33050144452491376,0.3454561233520508,2.757896562378948,4.705769254876647,2.3029221276664957
2003-09-01 00:00:00-04:00,0.33887633840646886,0.3487467704248896,0.33498797127281915,0.3364836871623993,-0.7060543841215832,4.107251702140996,-2.5972722968664153
2003-08-25 00:00:00-04:00,0.3107606957236048,0.34171774550918727,0.30433060226261605,0.33812835812568665,8.806667889050884,12.28504230879441,0.4887817823078011
2003-08-18 00:00:00-04:00,0.2970027390177844,0.329005802680032,0.29490906688517105,0.31225642561912537,5.1358740501135856,11.561779417293133,-7.651512180159803
2003-08-11 00:00:00-04:00,0.296404915501191,0.30418080156630994,0.29102080725043483,0.29475927352905273,-0.5552006346978673,4.5220114809696135,-5.603456215634384
2003-08-04 00:00:00-04:00,0.3070222017156075,0.32152885218097843,0.29042270304647433,0.2937122881412506,-4.335163222718917,10.710646519093379,-0.3552001520654158
2003-07-28 00:00:00-04:00,0.32152877990612017,0.32152877990612017,0.301638876981442,0.3100135624408722,-3.581395565463901,6.593945423653691,5.550082498346831
2003-07-21 00:00:00-04:00,0.3094148156782268,0.3225756503718041,0.3035826801419705,0.32212674617767334,4.108378091586339,6.256275957821944,3.9073076808087803
2003-07-14 00:00:00-04:00,0.2992455185006175,0.31674277998252515,0.28982399295972266,0.3119574785232544,4.248003474314581,9.287977419641525,-3.1569150264877277
2003-07-07 00:00:00-04:00,0.2881791605044139,0.3065733296675614,0.28608548844903753,0.29685282707214355,3.0098174179381076,7.161440214809608,-4.841894325666852
2003-06-30 00:00:00-04:00,0.2793556242025536,0.292366563446722,0.27681392089082957,0.2860855460166931,2.4090876399394814,5.618446682826378,-3.627144521966663
2003-06-23 00:00:00-04:00,0.2886281262218762,0.29446026479824006,0.2763650685656862,0.28010353446006775,-2.953486159992388,6.547569968399604,-2.090986993196897
2003-06-16 00:00:00-04:00,0.26320502496025344,0.29326432243864986,0.26096145146332017,0.2871323823928833,9.09076771472852,12.378407153314775,2.5093749517886232
2003-06-09 00:00:00-04:00,0.2533346082683447,0.26843919437509306,0.24869835913209862,0.2605125606060028,2.8333879791326675,7.937662038416948,-9.270922898015932
2003-06-02 00:00:00-04:00,0.2706817281233894,0.2735232560410043,0.25453114234469076,0.25647491216659546,-5.2485315707448965,7.4616070636237,-1.5498862818802306
2003-05-26 00:00:00-04:00,0.2685881914299326,0.28264596209810294,0.2621580988147982,0.2684391140937805,-0.05550405450010033,7.815079288387132,4.664862471777975
2003-05-19 00:00:00-04:00,0.2771129008144233,0.27890759489453953,0.2632050262749502,0.27397239208221436,-1.1332957516518076,5.965907582321805,2.061278590906368
2003-05-12 00:00:00-04:00,0.2714297252841377,0.28429075931874215,0.268439118562703,0.2811502516269684,3.581231323376624,5.905115782272409,2.6199207482920706
2003-05-05 00:00:00-04:00,0.2208826483856397,0.2751682822738384,0.22058369493451216,0.273673415184021,23.899915717333183,24.745522263343865,-2.659373911166796
2003-04-28 00:00:00-04:00,0.20159065613862517,0.21819096728710605,0.20084279847592887,0.21609729528427124,7.1960870724437145,8.637685265701158,-21.038258268906006
2003-04-21 00:00:00-04:00,0.1963564810908112,0.2038342467541186,0.19411373167786544,0.19964689016342163,1.6757323488032396,5.007639074387839,-7.6124993138898205
2003-04-14 00:00:00-04:00,0.2050301325099284,0.20562892526930485,0.1902253518566505,0.19620738923549652,-4.303144697038448,8.097539713982048,-1.7227921382144684
2003-04-07 00:00:00-04:00,0.22207939098633536,0.22357425794402871,0.19336589791005143,0.19740334153175354,-11.111363978884539,15.622382416174228,0.6095347891416969
2003-03-31 00:00:00-05:00,0.21430259371210406,0.2198357518537312,0.20996534888123053,0.21549850702285767,0.5580489204718682,4.700967576361363,9.166595332528061
2003-03-24 00:00:00-05:00,0.2193869027274954,0.22177955330991753,0.2138537438246686,0.21789203584194183,-0.6813838323841788,3.7061822456318705,1.1106939218053613
2003-03-17 00:00:00-05:00,0.22267731290431333,0.22656567854182594,0.21834004298768483,0.22432208061218262,0.7386328164360666,3.767350890649526,2.9510233108772876
2003-03-10 00:00:00-05:00,0.216994267567389,0.22447204680535005,0.21026437107910584,0.22103255987167358,1.8610133574291212,6.757053348281714,-1.4664275275674266
2003-03-03 00:00:00-05:00,0.22447201769513,0.22671476714575872,0.21400363228213132,0.21729321777820587,-3.198082322525441,5.939681830666174,-1.6917607503793453
2003-02-24 00:00:00-05:00,0.2222284033188827,0.22566788955369102,0.20637678644265636,0.22447200119495392,1.009590962525082,9.347515989350315,3.3037310092556726
2003-02-17 00:00:00-05:00,0.22058364091732816,0.22880842788114955,0.21908790064471967,0.22432208061218262,1.694794627247802,4.436816094282184,-0.06678809917193274
2003-02-10 00:00:00-05:00,0.21325574626153432,0.22013471832307718,0.210264315882281,0.21938686072826385,2.875005515307621,4.694283192742148,-2.2000597847748105
2003-02-03 00:00:00-05:00,0.21549854526522869,0.22327527769221278,0.21041426552875625,0.21161100268363953,-1.8039762527419834,6.112233945325766,-3.544359046303891
2003-01-27 00:00:00-05:00,0.20458211447949567,0.22581783938399397,0.20413323512214598,0.2147514969110489,4.970807178049988,10.622770098594037,1.4840883449261932
2003-01-20 00:00:00-05:00,0.21250796734160796,0.21549857519633442,0.2027874622737254,0.206376850605011,-2.8851232324579903,6.268194680325637,-3.8996917025014843
2003-01-13 00:00:00-05:00,0.2228264594842297,0.2228264594842297,0.21056422434745503,0.21086320281028748,-5.368867190024576,5.823513075298379,2.1738640705701195
2003-01-06 00:00:00-05:00,0.22477098332826823,0.23000516325933332,0.2159473911625698,0.22013473510742188,-2.0626542413062774,6.509813349020975,4.3969417961823964
2002-12-30 00:00:00-05:00,0.21056408965950135,0.2232751961758916,0.20697470313721605,0.22282631695270538,5.823513075298363,7.875596771779859,1.2226974738766438
2002-12-23 00:00:00-05:00,0.21176001038308054,0.221480510902542,0.20951726144946814,0.21026429533958435,-0.7063255431421598,5.7099111406432685,-5.637584368361348
2002-12-16 00:00:00-05:00,0.22148064130786918,0.22716372787252137,0.20607706097970455,0.2114611566066742,-4.523864768509226,10.232418296616498,0.5692175483987372
2002-12-09 00:00:00-05:00,0.22342524466317942,0.23254779329376457,0.21908797330803959,0.22118164598941803,-1.004183156269422,6.143568623367729,4.5968203043665
2002-12-02 00:00:00-05:00,0.2377819100452051,0.24077251721652887,0.2168451889504515,0.22357423603534698,-5.975086164947146,11.034290583935762,1.0817308259128522
2002-11-25 00:00:00-05:00,0.2397257414173219,0.24137053459338045,0.22836044295140684,0.2317999303340912,-3.3061994245470747,5.697173938632643,3.6791780862638124
2002-11-18 00:00:00-05:00,0.24211834614087713,0.2458568112371204,0.22447203314528083,0.23942671716213226,-1.111699721085462,9.526700405479504,3.2902455220968685
2002-11-11 00:00:00-05:00,0.2353884878493637,0.2454088198495947,0.22611686230536807,0.2385289967060089,1.3341811595539772,8.531852665712778,-0.3749458150551499
2002-11-04 00:00:00-05:00,0.24675468419693275,0.2599146791107703,0.23209894829227942,0.2368842512369156,-4.000099528866352,11.984427772358055,-0.6895369082193792
2002-10-28 00:00:00-05:00,0.23254777326962398,0.24675462630504774,0.2237242038344334,0.24466092884540558,5.208889083507667,10.294113053435185,3.2829019100608203
2002-10-21 00:00:00-04:00,0.21325582572802274,0.23105206772678935,0.20936745896508102,0.2306031882762909,8.134531607306352,10.357201099395756,-5.745805280579708
2002-10-14 00:00:00-04:00,0.21759223900649347,0.22806060152376417,0.20787173433073983,0.21445173025131226,-1.4432999860291384,9.712175278675605,-7.004004647857343
2002-10-07 00:00:00-04:00,0.20891845908068238,0.2210324567952725,0.19979590361487157,0.21699416637420654,3.865482891775208,10.629123418534501,1.1855516949734302
2002-09-30 00:00:00-04:00,0.21534943531363843,0.21878892161975014,0.20921749672431805,0.20981627702713013,-2.569386020655089,4.574868280755777,-3.3078720350012247
2002-09-23 00:00:00-04:00,0.2207326917761793,0.22716363363507297,0.2153494344938124,0.22013473510742188,-0.2708962881509836,5.486059979228787,4.917853956086327
2002-09-16 00:00:00-04:00,0.21146106452924146,0.22566788872624194,0.2111620862010189,0.22237832844257355,5.162777335693596,6.869510898568235,1.0191909668671117
2002-09-09 00:00:00-04:00,0.21355480251401582,0.21834010450925356,0.2101153152279379,0.21191000938415527,-0.770197209567598,3.9144168393404533,-4.707436705605772
2002-09-02 00:00:00-04:00,0.21669528161433682,0.22103255215731243,0.21011528636670354,0.21505048871040344,-0.7590349414532693,5.19584556620766,1.4819872526903755
2002-08-26 00:00:00-04:00,0.23852903394648667,0.23852903394648667,0.21699432307511515,0.2205837368965149,-7.523317708148583,9.924089518193073,2.5729995868843503
2002-08-19 00:00:00-04:00,0.23598728919384218,0.24301619035305336,0.23105208574945812,0.2352394312620163,-0.31690602251530053,5.178098507437209,6.644050269389079
2002-08-12 00:00:00-04:00,0.22282627281521175,0.2407724031987946,0.21744301772970276,0.2364351600408554,6.107397953440351,10.728965092864891,0.5083028693039449
2002-08-05 00:00:00-04:00,0.2169942286577345,0.23000516485876146,0.20891851904625153,0.22432208061218262,3.3769801159119153,10.093239177060056,-5.123214088200623
2002-07-29 00:00:00-04:00,0.21654535097645933,0.2319489376175382,0.21310586463348605,0.21609729528427124,-0.2069107880486409,8.84211845434651,-3.666507240600503
2002-07-22 00:00:00-04:00,0.22058369533110667,0.22761257068298615,0.20637684227968975,0.21445173025131226,-2.7798813827060234,10.289782598047962,-0.761492655793905
2002-07-15 00:00:00-04:00,0.2606624730443373,0.2781597356558089,0.21729325791106824,0.22372420132160187,-14.170920459445055,28.011213200941356,4.323803337666421
2002-07-08 00:00:00-04:00,0.2769629398481052,0.2810012318847625,0.2537834680187334,0.2618591785430908,-5.453351019922648,10.724797828052363,17.045530611447003
2002-07-01 00:00:00-04:00,0.2648497637556287,0.2804024031329094,0.2504930128009349,0.2802533507347107,5.815971575981685,11.940209428413588,7.024451956948674
2002-06-24 00:00:00-04:00,0.25079201284447306,0.26649457952740596,0.23897783720877058,0.2649996876716614,5.66512253163306,11.51434904593132,-5.442812021001853
2002-06-17 00:00:00-04:00,0.3026858301094575,0.30851796727977243,0.2510909848963057,0.2519887685775757,-16.749069989020857,22.870985355042762,-4.909786576883224
2002-06-10 00:00:00-04:00,0.3212291374861811,0.32661321992890513,0.27083186857140884,0.30059221386909485,-6.424362303676149,20.596302662509125,19.28794111177079
2002-06-03 00:00:00-04:00,0.3497935350333023,0.350690445245171,0.3130043177546042,0.3200331926345825,-8.507973824012048,12.04013023236082,6.467558994709699
2002-05-27 00:00:00-04:00,0.35427971064848024,0.3654959255844824,0.34814774853335045,0.34844672679901123,-1.6464346317750473,4.9829927449523925,8.87830850622786
2002-05-20 00:00:00-04:00,0.3674397438896361,0.37745922343381605,0.34874659898748156,0.36115872859954834,-1.7094000838336894,8.233090883092782,3.6481909063446505
2002-05-13 00:00:00-04:00,0.35173726904437835,0.3885264850279825,0.34306360150802007,0.3740198314189911,6.335001814039036,13.252027705684654,3.561066589561257
2002-05-06 00:00:00-04:00,0.3491947776507573,0.36669204170829695,0.3310995816893153,0.34874674677848816,-0.12830400136087555,10.74977498835367,-6.757150962990266
2002-04-29 00:00:00-04:00,0.3463531746059772,0.36459829273845534,0.34530633849979836,0.35158735513687134,1.511226376616503,5.586909965936883,0.8145189552656751
2002-04-22 00:00:00-04:00,0.3714773350584223,0.37282397341504575,0.3439605878635248,0.34411048889160156,-7.367029851906507,8.391480468969673,-2.1266027165166568
2002-04-15 00:00:00-04:00,0.3747675663881262,0.3913670632154351,0.3708792014634221,0.37357082962989807,-0.31932772885387,5.524133375819285,8.56130274703042
2002-04-08 00:00:00-04:00,0.3613087506935493,0.37686139316455997,0.3556256901073091,0.3747677206993103,3.7250606247221763,5.9713636129164485,0.32039200453579664
2002-04-01 00:00:00-05:00,0.34964354397050224,0.376711403596355,0.3481478286663444,0.3699823319911957,5.817006597556204,8.204438625807192,-1.2768945786433172
2002-03-25 00:00:00-05:00,0.3599620839405284,0.3602618859535286,0.3439605383540538,0.3539808690547943,-1.6616235855336097,4.739307502390018,-4.324926233715976
2002-03-18 00:00:00-05:00,0.3731228686727568,0.37835707396698603,0.34784887710824575,0.36026185750961304,-3.4468568514419733,8.770531936846403,1.7743864157377498
2002-03-11 00:00:00-05:00,0.36788877870760944,0.3759645158295364,0.3569715360022953,0.3731229603290558,1.4227619662208737,5.320586632744565,3.569931856885389
2002-03-04 00:00:00-05:00,0.3478489579741363,0.3752166280351986,0.3403720264031528,0.36878570914268494,6.01892019182227,10.237210736811326,-1.162418732566295
2002-02-25 00:00:00-05:00,0.3417177497029008,0.36968336913483946,0.31315417357697367,0.35069039463996887,2.6257474026061387,18.051554259094313,-4.906728773406699
2002-02-18 00:00:00-05:00,0.35532669681890217,0.35697148979213994,0.32078105267221546,0.3400721848011017,-4.293094820729213,11.281974673518217,-3.0278017308595584
2002-02-11 00:00:00-05:00,0.35786832619834086,0.37745925631067534,0.3550276452006258,0.35742029547691345,-0.1251942931599637,6.318271665118772,5.101302444349631
2002-02-04 00:00:00-05:00,0.36370136769732475,0.38852648152250824,0.3494936925961343,0.3593641221523285,-1.1925293469354648,11.168381505379333,0.5438489923526468
2002-01-28 00:00:00-05:00,0.34994249049137344,0.3732718833677098,0.3397731098848041,0.3650470972061157,4.316311144020573,9.85915968872965,1.5813974471770686
2002-01-21 00:00:00-05:00,0.3330439199763494,0.3515871574613524,0.3228745180422809,0.3476996421813965,4.400537384404983,8.892816811053365,-4.752114222380566
2002-01-14 00:00:00-05:00,0.3142010615675354,0.3400721895852642,0.30657338115608934,0.33154842257499695,5.5211019723855514,10.926848346340678,-4.645164287506908
2002-01-07 00:00:00-05:00,0.35472795502754084,0.3589153005332089,0.3028349657743676,0.31479907035827637,-11.256199040237588,18.518447701519698,-5.0518570067791035
2001-12-31 00:00:00-05:00,0.3366325989430087,0.3581681217665269,0.3264631934766157,0.3542797565460205,5.242260452024572,9.711639450767741,12.541551073454805
2001-12-24 00:00:00-05:00,0.3125553914400883,0.34396049712820065,0.3125553914400883,0.33543673157691956,7.320731225081816,10.047852812077366,-5.318685197485529
2001-12-17 00:00:00-05:00,0.30507850511980905,0.32422053461380074,0.3019379966020779,0.31405115127563477,2.941094179120229,7.3798389942584395,-6.375443798521752
2001-12-10 00:00:00-05:00,0.33334310310645227,0.34381146471817925,0.3004422528005353,0.30492860078811646,-8.524100859906412,14.435124059077303,-2.904797658108782
2001-12-03 00:00:00-05:00,0.31494809514953126,0.3593641449407159,0.3080691211485956,0.33708158135414124,7.027661556137186,16.650491811991248,10.544429247673847
2001-11-26 00:00:00-05:00,0.29819876578509386,0.3222760294198858,0.29730183037242913,0.31853756308555603,6.8205504630156515,8.40028432255919,-5.5013442722349986
2001-11-19 00:00:00-05:00,0.28414178034438164,0.3020870741487064,0.2835429998874446,0.2967038154602051,4.421044698389011,6.540127694431913,-6.854371400928505
2001-11-12 00:00:00-05:00,0.2790567305976205,0.297600808458045,0.26858834101077844,0.28369295597076416,1.6613917045522821,10.80183426357374,-4.385133864645563
2001-11-05 00:00:00-05:00,0.28174897279605576,0.3010400705491122,0.2771127508998917,0.27980437874794006,-0.6901867392160098,8.634506918761154,-1.3706992510680527
2001-10-29 00:00:00-05:00,0.2777107059955597,0.2820479496236278,0.2551291754254177,0.2777107059955597,0.0,10.551037196480612,-0.7482630406818735
2001-10-22 00:00:00-04:00,0.272327628734491,0.29042282526598007,0.26544780511287897,0.27920660376548767,2.52599233612958,9.408636904147965,0.5386532595368809
2001-10-15 00:00:00-04:00,0.2684392089762514,0.27531820825321085,0.25363360045759487,0.273673415184021,1.9498664996560409,8.54958008579839,-1.9817541945082784
2001-10-08 00:00:00-04:00,0.23284674286917464,0.27038297040626674,0.23179990665823563,0.26933613419532776,15.67099065957506,16.64498674924738,-1.5848382590529675
2001-10-01 00:00:00-04:00,0.23164999527222943,0.24301614065894664,0.22177956544330676,0.24137049913406372,4.196202918291015,9.575532882477649,-10.383172367426507
2001-09-24 00:00:00-04:00,0.24092244138934812,0.25183885870203854,0.22327527916343676,0.23194897174835205,-3.724630046602548,12.792987940995177,-3.903346688809184
2001-09-17 00:00:00-04:00,0.2392768757353759,0.2649997542939838,0.21953686063137512,0.2352394312620163,-1.6873525537941008,20.708546861725218,1.4186135376509368
2001-09-10 00:00:00-04:00,0.25423158578442623,0.26170936708532383,0.25303569685278055,0.2597655951976776,2.1767591922838045,3.427844505903742,10.426042863682738
2001-09-03 00:00:00-04:00,0.27666411013900166,0.28533780702308487,0.25722309293928963,0.258419007062912,-6.594676507524942,10.930089426469547,-0.518385867743909
2001-08-27 00:00:00-04:00,0.2781596761766938,0.2886280363261429,0.2584188442895946,0.2774118185043335,-0.2688591253195303,11.69001127591712,7.34961861253407
2001-08-20 00:00:00-04:00,0.2712806146540619,0.27845856342326303,0.26290590431569855,0.2777107059955597,2.370273065658407,5.91567509601792,0.10774144116774131
2001-08-13 00:00:00-04:00,0.2856366079258439,0.289524973674201,0.2687381292373652,0.2702338695526123,-5.392424481259208,7.734981446743519,-2.6923112006589145
2001-08-06 00:00:00-04:00,0.2847395850852885,0.29460998558491996,0.2772618092809494,0.2844406068325043,-0.10500059297855963,6.256965699301073,5.257200847329768
2001-07-30 00:00:00-04:00,0.28593638016165307,0.2976006525616892,0.2768138352454831,0.29161861538887024,1.9872375890065959,7.509313000115054,2.5235526798720542
2001-07-23 00:00:00-04:00,0.30044230289122686,0.3065734198723321,0.2669435151901338,0.28354302048683167,-5.6248012486156025,14.845801612364099,-2.7692316182455823
2001-07-16 00:00:00-04:00,0.3720758846855549,0.37716016200530655,0.29146946468569085,0.2987973392009735,-19.69451622657831,29.399545304692953,5.379895681421054
2001-07-09 00:00:00-04:00,0.3303515897292046,0.37401977245537393,0.311658443079227,0.3716271221637726,12.494425248082603,20.009510655321463,24.37430773565663
2001-07-02 00:00:00-04:00,0.3535320074364824,0.36235557646588284,0.3248185006442935,0.3294547498226166,-6.8104887555879,11.556323222702119,-11.348034044342715
2001-06-25 00:00:00-04:00,0.33648340472971944,0.37536542112433197,0.33573554741265527,0.3476996421813965,3.3333701733928,11.80389566046377,5.5379053932606
2001-06-18 00:00:00-04:00,0.3052275629738346,0.3439605238401833,0.2987974689718304,0.3328942060470581,9.064267592240755,15.114938899502755,-4.258110834239604
2001-06-11 00:00:00-04:00,0.3147989459996156,0.32496835225917414,0.2893758796044048,0.3056764006614685,-2.8978957693709186,12.299737180385078,-8.176112678194848
2001-06-04 00:00:00-04:00,0.3152479747186403,0.3245196017990472,0.304031752138825,0.3188365399837494,1.13833094988537,6.738720385648136,4.305251989948511
2001-05-28 00:00:00-04:00,0.33379113362620894,0.3364835861455628,0.28862805481764736,0.3124063313007355,-6.40664181015093,16.58034641093712,-2.016772821377888
2001-05-21 00:00:00-04:00,0.35338193185167294,0.3608597080752026,0.3364834823854395,0.34037184715270996,-3.6815930658344396,7.244404841792594,8.951648238221432
2001-05-14 00:00:00-04:00,0.3423156000431408,0.3813475243461213,0.34022192863285194,0.351887047290802,2.796088535391003,12.087873312143186,3.383123555728651
2001-05-07 00:00:00-04:00,0.3831423616460409,0.38523603370761433,0.3403719354561649,0.34171774983406067,-10.811806774383664,13.18090405759299,-2.8899323049925596
2001-04-30 00:00:00-04:00,0.3992938241827926,0.40557486599834347,0.3583172886481904,0.38508614897727966,-3.5582005894007485,13.188751658743533,12.691292496301077
2001-04-23 00:00:00-04:00,0.3640002467695721,0.39316177455216206,0.3515872689482076,0.3918159604072571,7.641674390208183,11.824804046041507,1.7476119169309579
2001-04-16 00:00:00-04:00,0.33035164462669364,0.3850861529091561,0.29311439753050794,0.37446871399879456,13.354578398407673,31.377426749934912,-4.427396574256859
2001-04-09 00:00:00-04:00,0.30941493404152354,0.34425953185452474,0.2999933833210988,0.3352868854999542,8.361571667047805,14.75570829042103,-10.463311629010075
2001-04-02 00:00:00-04:00,0.33035165434100877,0.33887626978544777,0.28040244596815983,0.30792003870010376,-6.790223492493776,20.853535572912847,-8.162218083490835
2001-03-26 00:00:00-05:00,0.345905147525226,0.35517677224868155,0.3159949287466337,0.3300527036190033,-4.582887540020382,12.399516554730546,7.187796225388077
2001-03-19 00:00:00-05:00,0.2953578797201488,0.3523727777173434,0.28974932301738654,0.34396040439605713,16.455469114945952,21.61297705472088,4.21378180652876
2001-03-12 00:00:00-05:00,0.29442337760612025,0.3196588356391838,0.27105629114338103,0.29348790645599365,-0.31772991592334515,17.930793744275576,-14.673926793604519
2001-03-05 00:00:00-05:00,0.28974940545279737,0.3299404168321146,0.2878801855224664,0.3028348684310913,4.51613108846419,14.610325206409797,3.1847860744814493
2001-02-26 00:00:00-05:00,0.28507628089906495,0.3056386690258044,0.2570361161763954,0.2878801226615906,0.9835408802454404,18.90884190611357,-4.938250950749956
2001-02-19 00:00:00-05:00,0.2869454807830222,0.2981617206142049,0.2691869605927153,0.28133779764175415,-1.9542678023594158,10.763805184950586,-2.2725865750470975
2001-02-12 00:00:00-05:00,0.28507631188088295,0.3075087705579046,0.27666391213034797,0.2841416895389557,-0.3278498784275648,11.14885500969289,0.996628224399454
2001-02-05 00:00:00-05:00,0.3065733812885635,0.31989250820463117,0.27946785359880116,0.2860110104084015,-6.7071612002764125,14.46486745622732,0.657883351253008
2001-01-29 00:00:00-05:00,0.29255335792506737,0.33648367054001627,0.29255335792506737,0.30844351649284363,5.431542020394876,15.016171041933795,7.843231647764282
2001-01-22 00:00:00-05:00,0.28507631706690917,0.31311646038851804,0.27572931976294635,0.29255324602127075,2.622781517346003,13.559363457507768,-5.151760248441328
2001-01-15 00:00:00-05:00,0.2607746058655436,0.2925532377212838,0.2467545470817691,0.29161861538887024,11.827842446909866,18.56042418717333,-0.3194736838888379
2001-01-08 00:00:00-05:00,0.2532968320137088,0.2766638858548935,0.23834212720704295,0.25703611969947815,1.4762473166529735,16.078466319368374,-11.858809371026169
2001-01-01 00:00:00-05:00,0.22245293255567214,0.2766640194900294,0.21591062354050797,0.2448853999376297,10.084141001981846,28.138215226877524,-4.727242138597032
2000-12-25 00:00:00-05:00,0.22245289385318756,0.2243221139786492,0.21217127217634615,0.22245289385318756,0.0,5.726902458408168,-9.16040976316086
2000-12-18 00:00:00-05:00,0.2177797737083791,0.22806054526557593,0.20375970138673868,0.22432208061218262,3.004092984578124,11.926226684399143,0.8402618309963028
2000-12-11 00:00:00-05:00,0.22712596856907313,0.2392768096739954,0.20936741749252763,0.21030203998088837,-7.407311763678096,14.28560018539429,-6.249960143483458
2000-12-04 00:00:00-05:00,0.25703611928229286,0.26077458333034564,0.20936736446559404,0.22525666654109955,-12.363808179927883,24.553596973419182,7.111023060722665
2000-11-27 00:00:00-05:00,0.2972272131193132,0.2981618356563148,0.24114604224222902,0.2551669776439667,-14.150869644113872,23.643677865885916,13.278324482978077
2000-11-20 00:00:00-05:00,0.27806586467545535,0.2916186252296338,0.2729254791115222,0.2888147830963135,3.8656015665222787,6.84917589188264,13.186583061423974
2000-11-13 00:00:00-05:00,0.28040251468429056,0.306573450664013,0.27292560714086656,0.27666404843330383,-1.3332499015552421,12.328576961186197,-4.207102743406887
2000-11-06 00:00:00-05:00,0.33554892312771223,0.3383527902350348,0.2850763201713562,0.2850763201713562,-15.041801501221272,18.68849367483581,3.0406089210685217
2000-10-30 00:00:00-05:00,0.2860109753534172,0.3439605139938882,0.28040241686357237,0.3327442705631256,16.339685969030093,22.66674368974485,16.721118879013417
2000-10-23 00:00:00-04:00,0.30306845968138435,0.31218181882529583,0.26170919860015673,0.27759850025177,-8.404028402160648,19.285764694213874,-16.573018738392907
2000-10-16 00:00:00-04:00,0.3336796902475232,0.34769977398983465,0.27386006727544143,0.29161861538887024,-12.605224737367774,26.96256794537596,5.050501038148458
2000-10-09 00:00:00-04:00,0.33835283949037576,0.34209127959394936,0.2860109841761969,0.32994043827056885,-2.486280662659015,19.607741842251837,13.141075658217805
2000-10-02 00:00:00-04:00,0.3991069830765922,0.4000416053757046,0.3140510626477216,0.3318096101284027,-16.861988339420893,27.381070454915356,0.5665179653732144
2000-09-25 00:00:00-04:00,0.7888662961105214,0.8299919339772719,0.37947846367646393,0.38508614897727966,-51.18486480206672,118.71911410627696,16.056357990433167
2000-09-18 00:00:00-04:00,0.8262534796369726,0.9187863254872582,0.7477406953897092,0.7804547548294067,-5.542938811911357,22.874992781876486,102.6701705325304
2000-09-11 00:00:00-04:00,0.8776608077165252,0.9028970903177805,0.8112988347782956,0.8260198831558228,-5.883927379081728,11.29032258064516,5.838279290946957
2000-09-04 00:00:00-04:00,0.9370131476229413,0.9589774655111987,0.8636407171579147,0.8804646730422974,-6.034971304735557,11.038936268199578,6.591220259549613
2000-08-28 00:00:00-04:00,0.8561629657380573,0.951500515904892,0.8533591227495776,0.9486966729164124,10.807954896599174,11.500596939667863,7.7495442989609975
2000-08-21 00:00:00-04:00,0.7514790880253157,0.859902082252339,0.7421329632470598,0.8496204614639282,13.059761076851995,15.869005264232317,-10.44340243630364
2000-08-14 00:00:00-04:00,0.7117554606129043,0.7841932350002153,0.6925949878693568,0.7477406859397888,5.055841130589579,13.225369622244013,-11.991210210332826
2000-08-07 00:00:00-04:00,0.7159622024506046,0.7337207072030413,0.6813788422398891,0.7131583094596863,-0.3916258402079218,7.681756714236879,-4.624915713478672
2000-07-31 00:00:00-04:00,0.735122307975534,0.7720421713324027,0.6617508033831547,0.7084841132164001,-3.6236411914220445,16.666601292418697,-0.6554219703094333
2000-07-24 00:00:00-04:00,0.7860624536297209,0.7963440752462372,0.7010073851445447,0.7225043773651123,-8.085626780814037,13.599955167666945,1.9789101670978138
2000-07-17 00:00:00-04:00,0.8711182933879662,0.880464467470975,0.7739115238206962,0.8010170459747314,-8.047270726068206,13.768104023602254,10.86673950626369
2000-07-10 00:00:00-04:00,0.8089622763838414,0.9066355365980707,0.8038210162538146,0.8627060055732727,6.643539601088964,12.790723091991335,7.701329192498507
2000-07-03 00:00:00-04:00,0.7795201351742417,0.8253188087666862,0.7421329891509533,0.8141025900840759,4.436377374922359,11.209017902694598,-5.633832983102927
2000-06-26 00:00:00-04:00,0.7851278620115117,0.82999194045668,0.7636300210373169,0.7832586169242859,-0.2380816141764244,8.690323532489844,-3.7887083932019783
2000-06-19 00:00:00-04:00,0.6771728233752143,0.8617712528902096,0.6715642907427947,0.772976815700531,14.147642820012091,28.322971421996456,-1.3126955773726023
2000-06-12 00:00:00-04:00,0.7206349003631605,0.7211022239602876,0.6594134126226239,0.6818458437919617,-5.382622539048725,9.355104120844993,-11.789612580550612
2000-06-05 00:00:00-04:00,0.6977354452630069,0.7365245184934976,0.6706299162322091,0.7159621715545654,2.612268935927152,9.825777327606149,5.00352507435875
2000-05-29 00:00:00-04:00,0.6552077168164842,0.7458713560849781,0.6009966723792685,0.6921275854110718,5.634834213182572,24.10573807874334,-3.329028695991254
2000-05-22 00:00:00-04:00,0.7010074003160828,0.7010074003160828,0.6206245193077456,0.6458608508110046,-7.866757109869692,12.951934464013354,-6.684711832802936
2000-05-15 00:00:00-04:00,0.8080278205658143,0.8155047528135391,0.6982028687740366,0.7028768062591553,-13.013291328636187,16.800544553114054,8.827900836001422
2000-05-08 00:00:00-04:00,0.8381704738196873,0.8500876761472146,0.7383935301102655,0.8047562837600708,-3.9865625315268285,15.126642025190765,14.494642104231259
2000-05-01 00:00:00-04:00,0.9337409766995254,0.9440225980506493,0.8267207464182488,0.8458821177482605,-9.409339543158719,14.188811898166149,5.110346426378554
2000-04-24 00:00:00-04:00,0.8599021117592591,0.9627166259906266,0.8580329166897164,0.9276659488677979,7.880412919314948,12.20043045723456,9.668466728821045
2000-04-17 00:00:00-04:00,0.818776446634187,0.9739319020254575,0.815504432112434,0.8888767957687378,8.56159815328325,19.426929354956727,-4.1813707990900895
2000-04-10 00:00:00-04:00,0.9846804725344358,0.9926255711007286,0.7841928491843676,0.8365346789360046,-15.045062609713758,26.57926836914543,-5.8885682562413555
2000-04-03 00:00:00-04:00,1.0131882504616627,1.0430984624008368,0.8729874577219541,0.9851481318473816,-2.767513204136008,19.486076595279446,17.76536665525925
2000-03-27 00:00:00-05:00,1.0290783638394394,1.0823547543081442,0.9379473622762303,1.0155255794525146,-1.3169827355382346,15.396108336129119,3.083541106469778
2000-03-20 00:00:00-05:00,0.9234601586455086,1.1244151345594808,0.9094400486903085,1.0370227098464966,12.297504135701605,23.63818111801428,2.116847751444273
2000-03-13 00:00:00-05:00,0.9131784673163768,0.945891721886489,0.8524241963439804,0.9346754550933838,2.3540839547149837,10.964907606258452,-9.869335915340038
2000-03-06 00:00:00-05:00,0.9421534473625787,0.9655205337451519,0.8842039037541053,0.940284252166748,-0.19839604695638052,9.196592510595899,0.6000796364984184
2000-02-28 00:00:00-05:00,0.8234495432955401,0.9874846996231171,0.8103640807439376,0.9571079611778259,16.231524927121754,21.856918771199442,1.789215226386065
2000-02-21 00:00:00-05:00,0.8234496182430069,0.8907461819540329,0.7977459645695173,0.8253188133239746,0.2269956824991942,11.657873748656405,-13.769517462969416
2000-02-14 00:00:00-05:00,0.8173738567165331,0.8968220946214787,0.8122334448482458,0.8318620920181274,1.7725347076544589,10.414327347605965,0.7928183131800548
2000-02-07 00:00:00-05:00,0.8075606001986416,0.8757917358863145,0.7921385622247362,0.8131682872772217,0.694398299917145,10.560421831584211,-2.2472240194950976
2000-01-31 00:00:00-05:00,0.7552184688749018,0.8225149837277594,0.7066150532187623,0.8075603246688843,6.930690647960384,16.402131539803964,-0.6896435456324679
2000-01-24 00:00:00-05:00,0.8108314447431474,0.8538263268383004,0.7524145797831305,0.7598915100097656,-6.282432071873872,13.478174105079132,-5.902817808522698
2000-01-17 00:00:00-05:00,0.7552183533296537,0.9085045586141063,0.751011741508848,0.8323291540145874,10.210398137831636,20.970752972362526,9.532629730774445
2000-01-10 00:00:00-05:00,0.7626953410659465,0.7645645860735956,0.6467954117854993,0.751011848449707,-1.5318688848827322,18.208102924383887,-9.769849484745452
2000-01-03 00:00:00-05:00,0.7841931379248851,0.8412080739545177,0.7103534014775754,0.744002103805542,-5.125144836856868,18.421066500808912,-0.9333733760173102
1999-12-27 00:00:00-05:00,0.7804545926729758,0.7809219163153269,0.7103533507983291,0.7687710523605347,-1.4970173053151254,9.934290510165052,3.3291503381913223
1999-12-20 00:00:00-05:00,0.7444695019902194,0.781856647714319,0.7225043386098945,0.7739115953445435,3.9547749472094313,8.214803141337377,0.6686702065881178
1999-12-13 00:00:00-05:00,0.7656164427113041,0.76643468354021,0.680911445277062,0.7477406859397888,-2.334818817136591,12.56011172324306,-3.38164068896053
1999-12-06 00:00:00-05:00,0.8566302368386888,0.8823338431384853,0.7402638215004695,0.770173192024231,-10.092691233211566,19.191809394392457,3.000038182521547
1999-11-29 00:00:00-05:00,0.704745769940527,0.8641078974365373,0.6972679915632012,0.8599020838737488,22.015926955661666,23.92765879002973,11.65048235627173
1999-11-22 00:00:00-05:00,0.6860516732455036,0.7140926891508983,0.6617508438276684,0.7108206748962402,3.6103696873971476,7.909600087621602,-17.337021478761383
1999-11-15 00:00:00-05:00,0.6701625363072355,0.7084843324474721,0.6584789930860572,0.6911931037902832,3.138129385586277,7.594067523256538,-2.761254954890291
1999-11-08 00:00:00-05:00,0.6561425351511294,0.7307995841053743,0.6486656039020299,0.6776403784751892,3.276398369617692,12.661990971815019,-1.960772646714093
1999-11-01 00:00:00-05:00,0.5981927668986559,0.6608161800510324,0.5780968025076471,0.6603480577468872,10.39051193655799,14.308914559736058,-2.551843319492386
1999-10-25 00:00:00-04:00,0.5551971454247902,0.6061370775806986,0.5481875392910825,0.599127471446991,7.912563381173192,10.57111556467637,-9.270957274983338
1999-10-18 00:00:00-04:00,0.5523935917019849,0.577629934071963,0.5117352591865469,0.5528609156608582,0.08459981540216678,12.876711874448912,-7.7223225425453235
1999-10-11 00:00:00-04:00,0.49350943371605643,0.5668809937184953,0.47668462281016416,0.5575348138809204,12.973486582163565,18.92160279402408,0.8454021775938569
1999-10-04 00:00:00-04:00,0.466403644242533,0.5206147485168651,0.466403644242533,0.49023720622062683,5.110071988567101,11.623216272757494,-12.070565996021754
1999-09-27 00:00:00-04:00,0.49631305243100254,0.49911689512632246,0.42948380871179687,0.4614960849285126,-7.015122276545452,16.213204084080513,-5.862696859279093
1999-09-20 00:00:00-04:00,0.5757603376920462,0.5991274199202495,0.471076639929856,0.4855640232563019,-15.665600516579364,27.182579040527354,5.21519880965351
1999-09-13 00:00:00-04:00,0.5762278309506212,0.5916498162475214,0.552393418033521,0.5752931833267212,-0.16220105550232372,7.1066013700435136,18.47936745162364
1999-09-06 00:00:00-04:00,0.5514588506773699,0.5827709953970057,0.5495896052437838,0.5790317058563232,4.9999841593049,6.037485031854552,0.6498464848798458
1999-08-30 00:00:00-04:00,0.4860313839640997,0.5626749183450427,0.4635988974583987,0.5495894551277161,13.076947962749472,21.37106482129514,-5.084738958303737
1999-08-23 00:00:00-04:00,0.44397127291185945,0.4860315164553658,0.44350394907444357,0.48416227102279663,9.05261231145381,9.588994070892442,-11.904737890161154
1999-08-16 00:00:00-04:00,0.4472423236433954,0.463598955027889,0.4350915063372349,0.4425692856311798,-1.0448559461339317,6.552058193606348,-8.590711809028672
1999-08-09 00:00:00-04:00,0.4063502468830491,0.4635988136483513,0.40097619989908,0.4491114318370819,10.523233413056058,15.617538837724664,1.4782196637464162
1999-08-02 00:00:00-04:00,0.41593100713485454,0.43368955883716576,0.3897600790260923,0.40471476316452026,-2.696659729121302,11.270902838700586,-9.885446133258712
1999-07-26 00:00:00-04:00,0.39536777440163184,0.41966945809259854,0.38041308987872074,0.4163983166217804,5.31923529983625,10.31940520931945,2.8868611972305613
1999-07-19 00:00:00-04:00,0.4033128452157008,0.41733293190796394,0.3822823033613601,0.39863893389701843,-1.158879855706722,9.168781353049326,-4.264998684154875
1999-07-12 00:00:00-04:00,0.41499643345615017,0.4234079872207054,0.3836842666424003,0.3967697322368622,-4.392013942744855,10.353231558313599,-0.4688959108643198
1999-07-05 00:00:00-04:00,0.34349326386311735,0.4159310460090637,0.3425586412544702,0.4159310460090637,21.08855973804859,21.418932678474953,4.829328503506591
1999-06-28 00:00:00-04:00,0.31732225903983935,0.35097093630327825,0.3168549353656196,0.346297025680542,9.131022427602502,10.767072603206298,-16.741722214937592
1999-06-21 00:00:00-04:00,0.35143836900683073,0.35330758940799656,0.3145184894455407,0.31545311212539673,-10.239421774898624,12.332852046579669,-8.90677980688136
1999-06-14 00:00:00-04:00,0.347699822355343,0.3593825157807116,0.3374182015539618,0.3523728847503662,1.3439933225641398,6.509522641515582,11.70372749731927
1999-06-07 00:00:00-04:00,0.35985071674088764,0.36639302503555826,0.34582978036886636,0.34723255038261414,-3.506500271155298,5.946059545467395,-1.4587769349488022
1999-05-31 00:00:00-04:00,0.3364836458076909,0.36031803331686846,0.3290058659523781,0.3598507344722748,6.944494615330804,9.517206410241531,3.633928926235952
1999-05-24 00:00:00-04:00,0.3262019715830258,0.3318096816275267,0.3061060528718269,0.3294731378555298,1.002803955055626,8.396968473688585,-8.441721443557448
1999-05-17 00:00:00-04:00,0.3271366453366425,0.3439605767793074,0.317789645152376,0.32853856682777405,0.42854309082031894,8.235300308284991,-0.28365621362599347
1999-05-10 00:00:00-04:00,0.3495689812407731,0.35097090221017374,0.325734602621976,0.3318096101284027,-5.080362407824242,7.7475034537504,0.9956344949734408
1999-05-03 00:00:00-04:00,0.34442769451763466,0.373870626038523,0.31965869740578956,0.3430257737636566,-0.4070290444969632,16.95931600569413,3.380301019887133
1999-04-26 00:00:00-04:00,0.2953578797201488,0.3523727777173434,0.2934877867729732,0.34396040439605713,16.455469114945952,20.063864187275538,0.2724665911093993
1999-04-19 00:00:00-04:00,0.26684967700196044,0.2948906747818992,0.250493046020932,0.2930206060409546,9.80736770342873,17.724096323718783,-14.80978557533248
1999-04-12 00:00:00-04:00,0.261709328043867,0.2771313386892513,0.2565689406922653,0.2649804949760437,1.2499237060546855,8.014375372757614,-9.569330786583595
1999-04-05 00:00:00-04:00,0.2691870427118894,0.28647826956819245,0.2687197190018651,0.27479472756385803,2.083192710716952,6.608577380286746,3.7037566061991045
1999-03-29 00:00:00-05:00,0.25049295841192887,0.2775985005253731,0.25002565977737873,0.2696542739868164,7.64944280125323,11.028004394646958,-1.8706521855835323
1999-03-22 00:00:00-05:00,0.2542314729206689,0.26311117204284673,0.2430161037928931,0.248623788356781,-2.2057397140745514,8.269027416832985,-7.799055182438385
1999-03-15 00:00:00-05:00,0.24909109861339998,0.2696543400914659,0.24581995745257415,0.25049301981925964,0.562814654423081,9.695869646177968,0.7518313009518884
1999-03-08 00:00:00-05:00,0.2486238314537056,0.2593727523075713,0.23927683198382363,0.24815653264522552,-0.1879541497481418,8.398606817523497,-0.9327554020147844
1999-03-01 00:00:00-05:00,0.26030737488307487,0.2640458402265458,0.2420815233422673,0.24815653264522552,-4.667882438331712,9.073107513961007,0.0
1999-02-22 00:00:00-05:00,0.2794677495042657,0.2958251986610211,0.2579707390817569,0.26030728220939636,-6.856056675182427,14.673935390504598,4.896405278817317
1999-02-15 00:00:00-05:00,0.2906839047977362,0.2906839047977362,0.2659149105177629,0.2780657708644867,-4.340843687932933,9.314631598410788,6.822125183883654
1999-02-08 00:00:00-05:00,0.2743274919408015,0.2972272575091556,0.26918710465740747,0.28180524706840515,2.7258497041985446,10.416603309224119,1.3448171604482972
1999-02-01 00:00:00-05:00,0.3117145434904904,0.3135837882333023,0.2654477036435327,0.27152353525161743,-12.893530019108358,18.13392390631154,-3.6485168121415223
1999-01-25 00:00:00-05:00,0.29348797800352827,0.3107800594817864,0.2902168356850659,0.30797621607780457,4.936569522483854,7.085468955713874,13.425237997290695
1999-01-18 00:00:00-05:00,0.3135837894389667,0.31638763160542677,0.27713124558702706,0.2897493839263916,-7.600649751448336,14.165268854923141,-5.918259657690028
1999-01-11 00:00:00-05:00,0.34209116060200345,0.3537746990881063,0.2990963439679816,0.30891063809394836,-9.699321797635706,18.28118471617896,6.613043971967336
1999-01-04 00:00:00-05:00,0.31498584115114037,0.3505037773578554,0.2990965303890323,0.3364836871623993,6.825019795395681,17.187510300423124,8.925898194566283
1998-12-28 00:00:00-05:00,0.2916187037277965,0.31031270346825857,0.2916187037277965,0.3061060905456543,4.967920998435212,6.410425497917116,-9.027955225087524
1998-12-21 00:00:00-05:00,0.26451313455235254,0.30283490576747313,0.25610160639099966,0.29348790645599365,10.95400118889235,18.24795245724622,-4.122160414112608
1998-12-14 00:00:00-05:00,0.24582003153425283,0.2645131851419155,0.24114609421009509,0.26311126351356506,7.034102091433038,9.690014266398272,-10.350219642519864
1998-12-07 00:00:00-05:00,0.24955846796187917,0.254231531183204,0.2364730024179741,0.25236231088638306,1.123521452669034,7.5097489284806915,-4.085325912559357
1998-11-30 00:00:00-05:00,0.2584381654315823,0.275729421743968,0.2364730218812023,0.2448853999376297,-5.244103738052775,16.600794268399472,-2.9627684587654524
1998-11-23 00:00:00-05:00,0.26591491740001566,0.27526191184273424,0.25983993632295305,0.2621764540672302,-1.4058870293318924,5.935182919923957,7.060875876636352
1998-11-16 00:00:00-05:00,0.26871968533187857,0.2780658588588251,0.2598400118246724,0.264045774936676,-1.7393256431623503,7.01425731401622,0.7130010496543049
1998-11-09 00:00:00-05:00,0.2818051365792768,0.2850763021855019,0.24488529658117164,0.2668496072292328,-5.3070463979412805,16.412175890277766,1.0618735684103209
1998-11-02 00:00:00-05:00,0.28040243696106126,0.29442337245760186,0.2785332168329616,0.2846090495586395,1.500205434435088,5.704940978070018,6.655225208613769
1998-10-26 00:00:00-05:00,0.2696542737210432,0.2911512837744015,0.2621764972342463,0.27759850025177,2.946078480827298,11.051633859562623,-2.46322079980984
1998-10-19 00:00:00-04:00,0.274327435583978,0.2855436541551536,0.26264389329124255,0.265447735786438,-3.236898190163599,8.718939007851892,-4.377100184011007
1998-10-12 00:00:00-04:00,0.28040231932854676,0.30891062856395396,0.26544764111136177,0.2743273377418518,-2.166523301676727,16.373469084382787,3.3451413435892974
1998-10-05 00:00:00-04:00,0.25423147328480944,0.26357847114785277,0.21310586572217363,0.26264387369155884,3.3089531748593486,23.68428726944585,-4.258949963378189
1998-09-28 00:00:00-04:00,0.29722706550380745,0.3004982302794435,0.2551668509173387,0.2621764540672302,-11.792536920271896,17.765387313883455,-0.1779670767716235
1998-09-21 00:00:00-04:00,0.26684962574735394,0.2958252405163747,0.26404578358089387,0.2897493839263916,8.581521564777663,12.035585838372151,10.516935991548193
1998-09-14 00:00:00-04:00,0.2860109708167085,0.290216734455685,0.265915027985508,0.27479472756385803,-3.9216129440148157,9.138899239459853,-5.161238363955478
1998-09-07 00:00:00-04:00,0.28414163921238816,0.296292476261427,0.2673168676498235,0.28133779764175415,-0.9867760242412827,10.839423963908125,2.381075552614309
1998-08-31 00:00:00-04:00,0.2598400314055989,0.2794678009561881,0.2289960191623003,0.26264387369155884,1.0790647887442903,22.04046252791673,-6.6446542579392425
1998-08-24 00:00:00-04:00,0.32480014079142944,0.32526746465113654,0.2551670387624918,0.2556343376636505,-21.29488089483119,27.472367210364446,-2.6688366758328086
1998-08-17 00:00:00-04:00,0.3065733541152019,0.32713659672175943,0.29161867018878435,0.32152891159057617,4.878296588605139,12.179579074954956,25.776886833421454
1998-08-10 00:00:00-04:00,0.27152355646791837,0.3065733332502932,0.2710562577249706,0.3028348684310913,11.531711049487708,13.103211792055456,-5.814109551457447
1998-08-03 00:00:00-04:00,0.25610159667055077,0.2794678336559522,0.24862381780367998,0.2729255259037018,6.569240274902826,12.405897441663235,-9.876452695933613
1998-07-27 00:00:00-04:00,0.2561016569001354,0.2747948106193522,0.24675465574521238,0.2589055001735687,1.0948165300338677,11.363576824703477,-5.1369419125273925
1998-07-20 00:00:00-04:00,0.2733927649342319,0.27666390561615073,0.2528295264666998,0.25937268137931824,-5.128183826768932,9.427055250443678,0.18044468172222494
1998-07-13 00:00:00-04:00,0.2388095369365314,0.2850763876156757,0.23834221316214768,0.27572938799858093,15.459956723529745,19.608013970120393,6.306256515635855
1998-07-06 00:00:00-04:00,0.22058359569675748,0.251427576267302,0.21777972906261292,0.23974403738975525,8.686249597335504,15.450403648456707,-13.050966699643517
1998-06-29 00:00:00-04:00,0.2112366843632302,0.22478947468598748,0.20983476279901198,0.21684524416923523,2.655106911430628,7.126899131246292,-9.551350461030705
1998-06-22 00:00:00-04:00,0.20188968151896092,0.2154424583788626,0.20002044874257027,0.21076937019824982,4.398287526376103,7.71021649698463,-2.801940155184379
1998-06-15 00:00:00-04:00,0.20375966170819557,0.2135731201529057,0.20002036167191367,0.20235690474510193,-0.6884370298486888,6.775689418671352,-3.9913130855945167
1998-06-08 00:00:00-04:00,0.20188965139159737,0.21684519607272845,0.20048773013832683,0.21030203998088837,4.166825060772342,8.158836415134116,3.926298065190559
1998-06-01 00:00:00-04:00,0.19815119073438764,0.20656357950783272,0.19160888308972826,0.20095503330230713,1.415001624531194,7.804803293541116,-4.4445630101499045
1998-05-25 00:00:00-04:00,0.20983476910195878,0.21123669070828746,0.19160892714980116,0.19908584654331207,-5.122565056615476,10.24365818986147,-0.930151750010233
1998-05-18 00:00:00-04:00,0.21964903966993596,0.2233875046834011,0.2042270322584438,0.20843280851840973,-5.1064330480937805,9.38194724423662,4.694940467836917
1998-05-11 00:00:00-04:00,0.23086529142654078,0.2364730022296269,0.21871444851999655,0.22105099260807037,-4.251093249152708,8.119515573753562,6.053837771200099
1998-05-04 00:00:00-04:00,0.21591060716036833,0.22899607278855647,0.21591060716036833,0.2275933027267456,5.41089468462284,6.060594150647196,2.959638426177502
1998-04-27 00:00:00-04:00,0.2000203968777754,0.2112366142597608,0.19628193229436874,0.20936739444732666,4.673022209461391,7.618980407714844,-8.008103956073542
1998-04-20 00:00:00-04:00,0.20656360711004118,0.22058369537204028,0.20329244037132868,0.20890013873577118,1.1311438923920776,8.505606489413895,-0.22317501385012983
1998-04-13 00:00:00-04:00,0.19160890869360453,0.2215182930472053,0.18693498437234288,0.20890013873577118,9.024230741701308,18.500180044404274,0.0
1998-04-06 00:00:00-04:00,0.20188963262968984,0.20188963262968984,0.1845983944042255,0.19160886108875275,-5.092273143016858,9.366949415389133,-8.277293520082063
1998-03-30 00:00:00-05:00,0.20002036167191367,0.20796543674408102,0.20002036167191367,0.20235690474510193,1.1681526088932919,3.972133139724733,5.609366704272989
1998-03-23 00:00:00-05:00,0.1939454326622716,0.20936744178669456,0.18413112168089638,0.20142236351966858,3.855172434205755,13.705624489451232,-0.461828187484159
1998-03-16 00:00:00-05:00,0.2028251013191409,0.20375971128827108,0.19347810312039784,0.19721655547618866,-2.765212888579951,5.3140939476107985,-2.088054161408559
1998-03-09 00:00:00-05:00,0.17758882253259375,0.20375975409879074,0.16824182237001867,0.2028251439332962,14.210534785245677,21.111238114537628,2.8438730427906123
1998-03-02 00:00:00-05:00,0.17618604081566566,0.18506572844033306,0.16169864304856968,0.18272918462753296,3.713769707052473,14.451008957907316,-9.908021715676574
1998-02-23 00:00:00-05:00,0.15048323621124052,0.17852339227912542,0.1495477777323923,0.1766541600227356,17.391255312158293,19.37548988429866,-3.324605545184489
1998-02-16 00:00:00-05:00,0.14580933534173696,0.15655825543800114,0.14580933534173696,0.14954780042171478,2.5639408280792813,7.371901168791199,-15.34430867494555
1998-02-09 00:00:00-05:00,0.13739776909905532,0.14861314973313888,0.13739776909905532,0.14580930769443512,6.122034331806069,8.162709414879918,-2.4998647367178717
1998-02-02 00:00:00-05:00,0.13833244144916534,0.1397343631018889,0.12992006294218506,0.13833244144916534,0.0,7.554106684870707,-5.127838794035455
1998-01-26 00:00:00-05:00,0.1453420223344012,0.14721125485185105,0.13646233488519638,0.13692964613437653,-5.787986203102065,7.876840137388507,-1.0140754403617724
1998-01-19 00:00:00-05:00,0.14253815448952456,0.1476785398799938,0.1387996901184072,0.14580930769443512,2.2949316389184506,6.396880103991751,6.484834957759622
1998-01-12 00:00:00-05:00,0.1303872811660833,0.14908043601204546,0.12805075068364377,0.14066889882087708,7.885445238862952,16.4229301399073,-3.525432604296108
1998-01-05 00:00:00-05:00,0.12337689080972553,0.14954782244614628,0.11029142499151515,0.1359950453042984,10.227324105640546,35.59333598024613,-3.322591955831111
1997-12-29 00:00:00-05:00,0.09954333459774534,0.12150765210390091,0.0953367217362159,0.12150765210390091,22.06508109750732,27.45104917714343,-10.65288310171958
1997-12-22 00:00:00-05:00,0.10374908020289499,0.10468369634086502,0.09673861993727484,0.09954331070184708,-4.053789674879983,8.212931307829033,-18.07650878092203
1997-12-15 00:00:00-05:00,0.10561832804614173,0.1088894945638841,0.09907601996920028,0.10234718024730682,-3.097140296905504,9.90499476839555,2.8167332648377785
1997-12-08 00:00:00-05:00,0.11636722006899283,0.11776914094858616,0.10374906484358094,0.10561829060316086,-9.23707678112363,13.513448170489854,3.196092308503151
1997-12-01 00:00:00-05:00,0.13225657224307588,0.13412580495333276,0.1163672643343064,0.1182364970445633,-10.600664270010665,15.260770046126229,11.946989834187693
1997-11-24 00:00:00-05:00,0.13132194664562127,0.13459310038310612,0.1261815604182493,0.132723867893219,1.0675452834862964,6.666219641741164,12.252875559392983
1997-11-17 00:00:00-05:00,0.1411362810170345,0.14160357986139932,0.13365850116538353,0.1359950453042984,-3.642745632581578,5.944312278487159,2.464648945968917
1997-11-10 00:00:00-05:00,0.15702550154206443,0.16076396507093296,0.13085458461838703,0.13786503672599792,-12.202135721842449,22.85696029663084,1.3750437874521682
1997-11-03 00:00:00-05:00,0.1313219246221924,0.1495477713333201,0.12758346026937975,0.14767853915691376,12.455357002860456,17.215641445658306,7.118195203051969
1997-10-27 00:00:00-05:00,0.12524692712226707,0.13833238953305388,0.1187037716217134,0.12734980881214142,1.678988649215723,16.535799699687043,-13.765527788145526
1997-10-20 00:00:00-04:00,0.15048317766932656,0.1509504761921809,0.12337680592407482,0.12384411692619324,-17.702351289836727,22.3491523075048,-2.752804985455115
1997-10-13 00:00:00-04:00,0.17011107159478278,0.1850657716311646,0.14861321374021413,0.15048329532146454,-11.538212115948022,24.528476959439146,21.51024938160553
1997-10-06 00:00:00-04:00,0.16590525003888826,0.17011102626695035,0.15842748395755138,0.16964371502399445,2.25337352749831,7.374694098234512,12.732589129975613
1997-09-29 00:00:00-04:00,0.1621659201304704,0.16683984288219217,0.15982937681009746,0.16543792188167572,2.0176876550713194,4.386218736511907,-2.479191841397632
1997-09-22 00:00:00-04:00,0.1654378905108076,0.172447506663472,0.1570255050333802,0.1593620479106903,-3.672582249058821,9.821335474650072,-3.672600514972013
1997-09-15 00:00:00-04:00,0.16356870700535844,0.16824178166063472,0.1607640161177127,0.16403600573539734,0.28568956654012484,4.651392596118481,2.9329177718188104
1997-09-08 00:00:00-04:00,0.1663725275306719,0.1729148336877672,0.15889476296631214,0.16497060656547546,-0.8426396989959596,8.823494531677865,0.5697534671660565
1997-09-01 00:00:00-04:00,0.1645033012815426,0.17384946218147113,0.16403599011672906,0.16590522229671478,0.8522145174295453,5.982511556005931,0.5665347001487575
1997-08-25 00:00:00-04:00,0.1766541768437612,0.17712147559290317,0.16076402268971382,0.1626332551240921,-7.936931902872391,10.174821847273888,-1.9721905840738962
1997-08-18 00:00:00-04:00,0.17431678047141225,0.18786954108180554,0.17011100477471794,0.1766541600227356,1.3408804046301648,10.439381232628453,8.621179529331368
1997-08-11 00:00:00-04:00,0.1967491488583766,0.19768375831508267,0.15281969655897842,0.17384938895702362,-11.639064277648602,29.357512654652894,-1.5877186619047023
1997-08-04 00:00:00-04:00,0.14347277958557536,0.2210509464339152,0.14347277958557536,0.20048771798610687,39.73920249208286,54.071697134764015,15.322647487514818
1997-07-28 00:00:00-04:00,0.12290958620561097,0.143472820520401,0.12150766463732743,0.143472820520401,16.730374700302498,18.077177228806544,-28.43809986886918
1997-07-21 00:00:00-04:00,0.13132196313940786,0.13225657326210144,0.116834576531889,0.12150765210390091,-7.473472678053359,13.199856744465658,-15.309637279610577
1997-07-14 00:00:00-04:00,0.11403068679378604,0.13552768651172667,0.11122684479255948,0.12968634068965912,13.729334038112809,21.84800060137352,6.731007014080581
1997-07-07 00:00:00-04:00,0.10421636949638213,0.11589990175756881,0.09533667882039858,0.11356335878372192,8.96883026391,21.569057357146423,-12.43228995451392
1997-06-30 00:00:00-04:00,0.1102914159404756,0.1102914159404756,0.09720595119612085,0.10234718024730682,-7.202950134810394,13.46158808523335,-9.876582250244981
1997-06-23 00:00:00-04:00,0.11589994369635298,0.1168345662157946,0.10935678738691997,0.10982409864664078,-5.242319241871549,6.837964983752849,7.305446404353377
1997-06-16 00:00:00-04:00,0.11870375913460401,0.12337684570398491,0.11496530735007465,0.11636722832918167,-1.9683713662116096,7.316588410707882,5.957826891521711
1997-06-09 00:00:00-04:00,0.1247796414020483,0.1266488741123052,0.11776918574718108,0.1182364970445633,-5.243759546000421,7.539908091227209,1.6063532166408656
1997-06-02 00:00:00-04:00,0.12711617459452532,0.12805079710977119,0.12337687338093288,0.12524694204330444,-1.4704915068309314,3.7883305037300703,5.929171765042152
1997-05-26 00:00:00-04:00,0.12524691378543418,0.13085461017390343,0.12244222324060342,0.12431230396032333,-0.7462138561848827,6.870495087931692,-0.746236249550869
1997-05-19 00:00:00-04:00,0.13085463266171796,0.13178924264744468,0.1233768667477173,0.12618155777454376,-3.5711956024170024,6.818438595080484,1.5036756255575767
1997-05-12 00:00:00-04:00,0.12898549437522888,0.1345931958212318,0.12711626055989456,0.12898549437522888,0.0,5.88196602732368,2.222144543258131
1997-05-05 00:00:00-04:00,0.12711617755348253,0.13085464274294667,0.12244225371584658,0.12758348882198334,0.3676253310120088,6.870495087931687,-1.0869482340138181
1997-04-28 00:00:00-04:00,0.1327238244358497,0.13459305631369978,0.12524689692444943,0.1271161288022995,-4.225085931170265,7.462188380513789,-0.36631700857149285
1997-04-21 00:00:00-04:00,0.13926700919291335,0.13926700919291335,0.12992001162336209,0.13085462152957916,-6.040474131013545,7.194424825521256,2.9410058050887145
1997-04-14 00:00:00-04:00,0.13739775121212006,0.14394005677024022,0.13459306094828538,0.13739775121212006,0.0,6.944634259819847,5.000304617488682
1997-04-07 00:00:00-04:00,0.14767854557380058,0.14861315546297996,0.13552769354856675,0.13646231591701508,-7.595029876008856,9.655194131761705,-0.6808228568900065
1997-03-31 00:00:00-05:00,0.13926698756683012,0.14674390309332094,0.1289853692083744,0.1439400613307953,3.3554784558851027,13.76786684717539,5.479714574335337
1997-03-24 00:00:00-05:00,0.12337687236200016,0.14394010247790542,0.12022296129339197,0.13926702737808228,12.879362810769587,19.727630170940618,-3.2465137985273618
1997-03-17 00:00:00-05:00,0.12150761341549259,0.13085461017390343,0.11870375898162391,0.12431230396032333,2.308242640928327,10.236281729006192,-10.738165163215442
1997-03-10 00:00:00-05:00,0.12431226403900522,0.12524687356397798,0.11963834286565565,0.12384411692619324,-0.37658964417629337,4.687904031419313,-0.3766216369696873
1997-03-03 00:00:00-05:00,0.12337683141231537,0.12711613135392466,0.11963836758157238,0.12337683141231537,0.0,6.250305753506503,-0.3773174903062615
1997-02-24 00:00:00-05:00,0.12150765210390091,0.12992004171573152,0.12150765210390091,0.12150765210390091,0.0,6.9233414243221425,-1.515016463802521
1997-02-17 00:00:00-05:00,0.12431239462220746,0.13365854960660323,0.11963846853916052,0.12244231253862381,-1.5043408095121458,11.718706565400076,0.7692194018560139
1997-02-10 00:00:00-05:00,0.1205730261060569,0.12244225877807008,0.1158999506656598,0.12197495996952057,1.1627259501893223,5.644789385012831,-0.3816920469840168
1997-02-03 00:00:00-05:00,0.12618157529419494,0.12711618540968742,0.11309611021117483,0.1182364970445633,-6.296543874260192,12.396602475835893,-3.0649429406588435
1997-01-27 00:00:00-05:00,0.12805076821930284,0.12898537804441368,0.12337684554498234,0.12431230396032333,-2.9195172437988948,4.54585499787844,5.138689886482406
1997-01-20 00:00:00-05:00,0.12618155777454376,0.13085463266171796,0.12524693530954678,0.12618155777454376,0.0,4.477313028308275,1.5036756255575767
1997-01-13 00:00:00-05:00,0.13833240601300115,0.13833240601300115,0.12431233200732948,0.12524694204330444,-9.459434955874958,11.27810393328076,-0.74069122914876
1997-01-06 00:00:00-05:00,0.1317892290333114,0.1373977743964828,0.12898538688650432,0.13646231591701508,3.54587921788548,6.521969436259181,8.954608943532438
1996-12-30 00:00:00-05:00,0.17291486338463605,0.17384948584146026,0.15515632538657895,0.1626332551240921,-5.946052328464838,12.047952546121769,19.17814382029981
1996-12-23 00:00:00-05:00,0.17945800301033132,0.18132723527549813,0.17104561546642347,0.17291484773159027,-3.646064911557255,6.01103967560803,6.321949714191688
1996-12-16 00:00:00-05:00,0.1757187694311142,0.17665422827136776,0.15982944676246316,0.1757187694311142,0.0,10.526709470445336,1.6215621366861166
1996-12-09 00:00:00-05:00,0.18880407620905837,0.1897395342556601,0.17384938895702362,0.17384938895702362,-7.920743848493912,9.140178975587075,-1.06384792025499
1996-12-02 00:00:00-05:00,0.18039268917671245,0.19067430014251227,0.17852345625050917,0.1878696084022522,4.144801687731021,6.806301058250125,8.064577925375648
1996-11-25 00:00:00-05:00,0.1897396359316492,0.19067424588918572,0.17945801541204767,0.18039263784885406,-4.926223262156063,6.250058238627472,-3.97987232580429
1996-11-18 00:00:00-05:00,0.18693491750813823,0.18973960803805084,0.18226184344890395,0.18880414962768555,0.9999373816643633,4.102759221374408,4.662890835866174
1996-11-11 00:00:00-05:00,0.19721658761313976,0.19721658761313976,0.18693497776985168,0.18693497776985168,-5.213359569660788,5.500099535115607,-0.9900057077769753
1996-11-04 00:00:00-05:00,0.18226188099039006,0.19628195464611053,0.17758879348934611,0.19628195464611053,7.692268717702795,10.526092772788537,5.000121960998949
1996-10-28 00:00:00-05:00,0.1878695609289745,0.1878695609289745,0.16637255783809193,0.18132725358009338,-3.4823668701469335,12.921002940763051,-7.618989271316334
1996-10-21 00:00:00-04:00,0.19815113235092646,0.1990857421051016,0.181327208351471,0.18319644033908844,-7.547114081262579,9.793639859721875,1.030836083429354
1996-10-14 00:00:00-04:00,0.183196480051928,0.20749817338080742,0.18132724765910344,0.19861848652362823,8.418287549700066,14.432980183378463,8.418311052329553
1996-10-07 00:00:00-04:00,0.1719802551996773,0.18413109602125094,0.17104563273311127,0.18132725358009338,5.434925288117389,7.650276174287008,-8.705752040597602
1996-09-30 00:00:00-04:00,0.16543793027196874,0.18506569882341484,0.16450330790471226,0.17057831585407257,3.1071384740206733,12.499682335028323,-5.927921762336153
1996-09-23 00:00:00-04:00,0.17104560090713591,0.17104560090713591,0.16450329477556336,0.1668398380279541,-2.458854748018457,3.9770061386906663,-2.1916489252459814
1996-09-16 00:00:00-04:00,0.16076405090739884,0.18039267337546486,0.15982942828652746,0.17104566097259521,6.39546590619233,12.865744005586697,2.520874507164428
1996-09-09 00:00:00-04:00,0.16917643019070283,0.17011104027430216,0.15141787769840676,0.15702557563781738,-7.182356631587799,12.34541314409936,-8.196691605655005
1996-09-02 00:00:00-04:00,0.18039258799858118,0.18413103927490143,0.1691763606209718,0.17198020219802856,-4.663376635307646,8.83969757892746,9.52368841793283
1996-08-26 00:00:00-04:00,0.17852341113893583,0.18693495094167872,0.17571872010740086,0.18132725358009338,1.570574090686328,6.383059714652145,5.434957781536998
1996-08-19 00:00:00-04:00,0.16730721774555304,0.17945806128630679,0.16730721774555304,0.178523451089859,6.703974577692174,7.262593750876421,-1.5462664518855251
1996-08-12 00:00:00-04:00,0.17478415300230446,0.17665423463887694,0.16543800025194735,0.16824184358119965,-3.743079283062096,6.7797207230795005,-5.759247564334924
1996-08-05 00:00:00-04:00,0.16169861802956673,0.17478407999675707,0.15515631134111743,0.17291484773159027,6.936503130764325,12.650319207761521,2.7775516785366605
1996-07-29 00:00:00-04:00,0.1645033759906835,0.17011107507737483,0.15796021803854213,0.16169868409633636,-1.7049448848429491,7.692352663040706,-6.4865243108934045
1996-07-22 00:00:00-04:00,0.1560909453593098,0.1645033210515976,0.14861316715043243,0.1645033210515976,5.389406587885746,10.692292080068844,1.7344834751965577
1996-07-15 00:00:00-04:00,0.13552770975955872,0.1626332591990327,0.1196384037977573,0.15515632927417755,14.483104266605107,35.93733620347865,-5.681947159284584
1996-07-08 00:00:00-04:00,0.14674389617830236,0.14861312809165797,0.12898536313019188,0.1350603699684143,-7.9618481682480935,15.217048264348204,-12.952071887606708
1996-07-01 00:00:00-04:00,0.1579601467719194,0.16076400128989166,0.14394007550887644,0.14580930769443512,-7.692344762776802,11.68814572420988,7.958617119540401
1996-06-24 00:00:00-04:00,0.16917643019070283,0.16917643019070283,0.14674395373140214,0.15702557563781738,-7.182356631587799,15.286814815117184,7.6924224665325225
1996-06-17 00:00:00-04:00,0.18039266145500896,0.18039266145500896,0.16730719687116619,0.16917642951011658,-6.217676403477077,7.821220382957672,7.7381368117543925
1996-06-10 00:00:00-04:00,0.18226188807211474,0.18635124537071313,0.17852342291773102,0.17899072170257568,-1.7947615950542388,4.384759335804023,5.801217238641532
1996-06-03 00:00:00-04:00,0.19347809973112465,0.19441270968388275,0.1757187136138707,0.1822618693113327,-5.797157629405639,10.63859146561405,1.8275514940895077
1996-05-27 00:00:00-04:00,0.20002038328459523,0.20375968372491748,0.1850656898562396,0.19534730911254883,-2.3362989787882813,10.101274786914583,7.179471960130113
1996-05-20 00:00:00-04:00,0.20843279057684422,0.21030202292267622,0.19254347328657861,0.20002040266990662,-4.036019420771587,9.223137680531016,2.392197557564213
1996-05-13 00:00:00-04:00,0.20282517054946425,0.21591063804973126,0.19908585584770203,0.20656363666057587,1.8431963355356296,8.451018346024524,3.2712832807698877
1996-05-06 00:00:00-04:00,0.1860003418149807,0.2046943523958099,0.1850657317606551,0.20375972986221313,9.548040543333057,10.606296718692596,-1.3574058066038508
1996-04-29 00:00:00-04:00,0.18693499277498124,0.18693499277498124,0.1757187594306753,0.178523451089859,-4.499714879625258,6.383059714652137,-12.385312244681257
1996-04-22 00:00:00-04:00,0.18880418137272087,0.1906742499176542,0.18039264166009794,0.18506571650505066,-1.9800752507117714,5.6995718688621535,3.664653229170778
1996-04-15 00:00:00-04:00,0.19067425308863606,0.1944127180184783,0.18132725465291832,0.18740226328372955,-1.716010290799724,7.216490091689237,1.2625497703217858
1996-04-08 00:00:00-04:00,0.17852343285987002,0.19815120588500063,0.17758881027958853,0.19067427515983582,6.806301058250132,11.578654968767177,1.7459831160909767
1996-04-01 00:00:00-05:00,0.18786955494695587,0.19347810072033503,0.17945801541204767,0.18039263784885406,-3.9798450048028693,7.812459797962379,-5.392251945031912
1996-03-25 00:00:00-05:00,0.1906743170498041,0.19254355014175423,0.17198031390751742,0.18366385996341705,-3.676665633240949,11.956738400474551,1.8133900327483632
1996-03-18 00:00:00-05:00,0.1939453168570289,0.1981510910728542,0.18600024333402657,0.18973955512046814,-2.1685296684225324,6.532705291684302,3.3080515449589676
1996-03-11 00:00:00-05:00,0.19628193478472597,0.19721654470280103,0.19067423783846746,0.19347809255123138,-1.428476969401043,3.431143576866419,1.9703521642546296
1996-03-04 00:00:00-05:00,0.20375967501493739,0.20469429729695596,0.18693491403012866,0.19441267848014832,-4.587265136786193,9.500303011327775,0.48304483292829214
1996-02-26 00:00:00-05:00,0.22432210601458583,0.22525672852340622,0.1990858007639372,0.20095503330230713,-10.416749881422444,13.145552148392936,3.365189386466305
1996-02-19 00:00:00-05:00,0.20936735329584577,0.22619127672544187,0.20936735329584577,0.2233874350786209,6.696403026580803,8.03560018539429,11.162896200050664
1996-02-12 00:00:00-05:00,0.21030203376875428,0.21591056720656257,0.20469433644204793,0.20562894642353058,-2.2220837628047745,5.479502246848987,-7.949636311836539
1996-02-05 00:00:00-05:00,0.22198557471548253,0.22432209341852152,0.20562894545259985,0.20749817788600922,-6.526278497168887,9.090718198635455,0.9090312891204544
1996-01-29 00:00:00-05:00,0.21684521078324429,0.22245289617674502,0.20083863589222176,0.21871443092823029,0.8620066536099101,10.76200313176911,5.405470619786756
1996-01-22 00:00:00-05:00,0.22245289678445596,0.25423151122674154,0.21404052008076863,0.22899605333805084,2.941367205451511,18.777281577715637,4.700934623373976
1996-01-15 00:00:00-05:00,0.2523621958874226,0.25983997217477106,0.2196489712300152,0.2233874350786209,-11.481418881664496,18.297832546034584,-2.4492204899052683
1996-01-08 00:00:00-05:00,0.257970762421606,0.2654476911231119,0.2411459881419841,0.2532968521118164,-1.811798463482825,10.077589583128052,13.389032835561633
1996-01-01 00:00:00-05:00,0.2411460779268381,0.2561016380786896,0.23460376911678568,0.2561016380786896,6.201867465739537,9.163479786721696,1.1073118135850324
1995-12-25 00:00:00-05:00,0.24301617757100483,0.249558486534589,0.2364730200168338,0.23834224045276642,-1.9233028701855746,5.533598089466487,-6.934511531888921
1995-12-18 00:00:00-05:00,0.2626438763269778,0.26357847379264965,0.23647295093670115,0.2411460131406784,-8.18517586891524,11.46242001403538,1.1763641570985417
1995-12-11 00:00:00-05:00,0.2953580583635805,0.2962926561488567,0.2570362546389311,0.2635785639286041,-10.759650375225707,15.27270990042654,9.302476327833432
1995-12-04 00:00:00-05:00,0.3000310872489885,0.3000310872489885,0.28320715602017776,0.2944234013557434,-1.869034953898439,5.940503575274101,11.702331542975642
1995-11-27 00:00:00-05:00,0.30376940375547284,0.30376940375547284,0.2775984853046173,0.28133779764175415,-7.384419179943351,9.42761572424915,-4.4444849335118946
1995-11-20 00:00:00-05:00,0.3009656651246551,0.3019002876207146,0.28320711390182696,0.300498366355896,-0.1552664715310862,6.600531131208648,6.810520617830473
1995-11-13 00:00:00-05:00,0.30003101635763285,0.3168026983796672,0.2944407459623346,0.29909929633140564,-0.3105412358822977,7.59472074567871,-0.4655832380910052
1995-11-06 00:00:00-05:00,0.2720779797149828,0.305621322838585,0.2711462595787445,0.29630419611930847,8.904144477147321,12.714563466005876,-0.9345057799802214
1995-10-30 00:00:00-05:00,0.25996484466572867,0.27673652854120706,0.25810142928838015,0.2720779776573181,4.659527332307148,7.2200682127977185,-8.176130739719778
1995-10-23 00:00:00-04:00,0.26182824883935213,0.26462338396067137,0.25437453859514614,0.25903311371803284,-1.067545283486306,4.029037427302008,-4.794531351491916
1995-10-16 00:00:00-04:00,0.2702144333741651,0.2949065125946481,0.25810132992680673,0.2618281841278076,-3.103553404471584,14.259974049060006,1.0790398067859863
1995-10-09 00:00:00-04:00,0.2636914813679348,0.27487288494681617,0.2506466639588301,0.26835089921951294,1.766995970975925,9.665487106568998,2.4912196192451663
1995-10-02 00:00:00-04:00,0.28139581916269363,0.2869860875713414,0.2655550168412297,0.26602086424827576,-5.463817820807276,8.070294052446759,-0.8682791740269868
1995-09-25 00:00:00-04:00,0.28512276401550346,0.2852388091471358,0.2590331113683093,0.27766820788383484,-2.6145075288563357,10.116736675245194,4.3783571895656515
1995-09-18 00:00:00-04:00,0.27114617631892074,0.2795315803270849,0.26741932179939404,0.2762705981731415,1.8899111629711574,4.529313157400402,-0.5033380383533403
1995-09-11 00:00:00-04:00,0.3345068788304765,0.3391654534863068,0.26462335743023285,0.26741933822631836,-20.055653515620875,28.169129429826214,-3.20383710946901
1995-09-04 00:00:00-04:00,0.3242572185796734,0.33776789144198144,0.3186660779724784,0.33357518911361694,2.8736354967696864,5.994304003437962,24.73861887703519
1995-08-28 00:00:00-04:00,0.33450690872055316,0.3354386287111795,0.31680268627469244,0.320064514875412,-4.317517357229337,5.882507707124769,-4.050263532520448
1995-08-21 00:00:00-04:00,0.3345068841547892,0.34475572865592224,0.328915768428624,0.33357518911361694,-0.27852791237059005,4.815810535011049,4.221234660600892
1995-08-14 00:00:00-04:00,0.3205303495532038,0.3391654438394276,0.31959862967233277,0.3345068693161011,4.360435691153592,6.122308530282381,0.27930140876477605
1995-08-07 00:00:00-04:00,0.3280202977813325,0.3317378499074955,0.3112942784019175,0.32012230157852173,-2.4077766699900414,6.5672814837871725,-4.300230894208113
1995-07-31 00:00:00-04:00,0.33824211432808976,0.3391712977345707,0.3233744602388796,0.328949511051178,-2.7473229628342777,4.884998488755681,2.757449084031105
1995-07-24 00:00:00-04:00,0.3270911435246918,0.353109767647018,0.3252328015290774,0.3382421135902405,3.4091323737436756,8.571388244628906,2.8249327714053862
1995-07-17 00:00:00-04:00,0.3633314902822349,0.36983572334065684,0.3196576943992113,0.32523274421691895,-10.48594660367064,15.697425658954925,-3.8461707902764486
1995-07-10 00:00:00-04:00,0.3614730772462373,0.37076567703065066,0.3428878776774106,0.3624022603034973,0.25705456802999077,8.130295985403006,11.42858975533767
1995-07-03 00:00:00-04:00,0.3456764226638412,0.3661191303483087,0.34010050262719044,0.3614732623100281,4.569834275781311,7.6502761742869865,-0.25634442585740214
1995-06-26 00:00:00-04:00,0.3586856284812366,0.3605439701741204,0.33731287523629244,0.3452117145061493,-3.7564688700071893,6.8871059017697505,-4.498686209861791
1995-06-19 00:00:00-04:00,0.32616186306148587,0.37262401833188635,0.3233743387029902,0.3624022603034973,11.111169436501424,15.229928208413138,4.979711022246258
1995-06-12 00:00:00-04:00,0.32709116909508723,0.3317379053193043,0.3224453013362131,0.3261620104312897,-0.28406718113733187,2.8819163884797474,-10.000006578838082
1995-06-05 00:00:00-04:00,0.31501106384558103,0.329878745027264,0.31315272156103346,0.32337450981140137,2.6549689600490076,5.341171356535898,-0.8546368156740147
1995-05-29 00:00:00-04:00,0.3168694097969688,0.31872859560955524,0.3047892552549318,0.3131527006626129,-1.1729466522935577,4.57343561634557,-3.1609817220132896
1995-05-22 00:00:00-04:00,0.31594032245503334,0.3298788233992776,0.31408195491568075,0.3173340857028961,0.44114763099323845,5.029537111687208,1.3352543444254517
1995-05-15 00:00:00-04:00,0.3197003724317695,0.32896646175923216,0.31506651119373064,0.3169197142124176,-0.8697700907262361,4.411751192736132,-0.1305789416099712
1995-05-08 00:00:00-04:00,0.2956069380839475,0.3238701348596912,0.29468032416698137,0.32340681552886963,9.404338621114306,9.905585238928044,2.046922619684044
1995-05-01 00:00:00-04:00,0.28356032320360597,0.29560705106889285,0.2779998210021728,0.28819334506988525,1.6338752241273962,6.333540073244304,-10.888289537559537
1995-04-24 00:00:00-04:00,0.2891198504707366,0.2937537119114372,0.2761465132195281,0.28356021642684937,-1.9229513417481268,6.376035129551641,-1.607645950989045
1995-04-17 00:00:00-04:00,0.28263367898861097,0.292827201976362,0.26409986135902785,0.2900465428829193,2.62278151734601,10.877453880326362,2.2874599750995817
1995-04-10 00:00:00-04:00,0.2733666961975845,0.2937537119114372,0.2678070374090203,0.28356021642684937,3.7288815247257285,9.688570828252233,-2.236305384507975
1995-04-03 00:00:00-04:00,0.2631731409963869,0.2817069511476255,0.24927319167007528,0.2724400460720062,3.521219924090415,13.011330765354753,-3.921625711451604
1995-03-27 00:00:00-05:00,0.27892706246478133,0.27892706246478133,0.25112635441719555,0.2613198459148407,-6.312480543964356,11.070406414374387,-4.081705431156202
1995-03-20 00:00:00-05:00,0.2603933363486486,0.29282709732147927,0.2594667225068561,0.2798537611961365,7.473472678053379,12.857284545898432,7.092425459081153
1995-03-13 00:00:00-05:00,0.29375360244264315,0.29375360244264315,0.2557602187696549,0.26039326190948486,-11.356572398008993,14.855079439545765,-6.95381016266301
1995-03-06 00:00:00-05:00,0.29468024253291664,0.2993132860895971,0.2798537063731627,0.2928270399570465,-0.6288859273159854,6.953482935289987,12.455690216299043
1995-02-27 00:00:00-05:00,0.28356026910476273,0.30209324384278935,0.28170704091606874,0.298386812210083,5.228709632745672,7.2366678732728005,1.898653981494336
1995-02-20 00:00:00-05:00,0.31599322480604436,0.31691981423549076,0.28541349712340414,0.2891199290752411,-8.504389848009563,11.038832231001413,-3.1056610934659723
1995-02-13 00:00:00-05:00,0.3224802804121365,0.32989311875640703,0.3150665760040283,0.3150665760040283,-2.2989636447330395,4.705844377535351,8.974354348999181
1995-02-06 00:00:00-05:00,0.301264838162781,0.3266783418019077,0.292024181032848,0.32344409823417664,7.362047362265235,11.866880559853934,2.6589688872745487
1995-01-30 00:00:00-05:00,0.296644466875161,0.3114303755221423,0.2947963455092014,0.2994166612625122,0.9345174769492176,5.6425495995240205,-7.428621237128996
1995-01-23 00:00:00-05:00,0.30958232558532195,0.3151267407580426,0.2883271342086522,0.2947964370250702,-4.776076454718897,9.294861069161971,-1.5430751976060697
1995-01-16 00:00:00-05:00,0.3317614712268976,0.34747145213515096,0.3142025547069587,0.3151266276836395,-5.014097472422044,10.588359938454527,6.8963488377711935
1995-01-09 00:00:00-05:00,0.3077342666479484,0.35532621098950434,0.30311308482512356,0.3317616581916809,7.807837523411109,17.225625939079585,5.278840011178465
1995-01-02 00:00:00-05:00,0.2874030375294012,0.3188237977236241,0.28001050101813973,0.3105063736438751,8.038654118994982,13.861371828683659,-6.406793558864232
1994-12-26 00:00:00-05:00,0.2901751896063196,0.294796369423338,0.28278267886597075,0.28832706809043884,-0.6368985296048596,4.248382752983717,-7.142946952475149
1994-12-19 00:00:00-05:00,0.2753893829065643,0.29110018466125503,0.2753893829065643,0.28740307688713074,4.3624390503981525,5.704940978070024,-0.3204663403362007
1994-12-12 00:00:00-05:00,0.2689209093640902,0.2837067982311515,0.2624516064134331,0.2753893733024597,2.4053406459413385,8.098708980365567,-4.180088715399888
1994-12-05 00:00:00-05:00,0.26984496435651645,0.2837067789542833,0.2569071983465651,0.26799681782722473,-0.6848919836984484,10.431619191754155,-2.684401139587822
1994-11-28 00:00:00-05:00,0.27816237431219054,0.291100139652009,0.26337564820345005,0.2703069746494293,-2.824033869492663,10.526596379610071,0.8620090495603971
1994-11-21 00:00:00-05:00,0.295720473930776,0.29756859564296206,0.26892087068035897,0.2790864408016205,-5.624917648768988,10.65284553412515,3.24796138300818
1994-11-14 00:00:00-05:00,0.3049620773952385,0.3178998469429695,0.2929483566880004,0.29572057723999023,-3.0303768370750754,8.517368227309523,5.960209457181609
1994-11-07 00:00:00-05:00,0.29759752714093185,0.3169463948536345,0.2957549231087885,0.30312612652778625,1.8577437252145754,7.165213522769022,2.5042387502801633
1994-10-31 00:00:00-05:00,0.30957522281408567,0.3205160267281364,0.2948336755807452,0.2975975573062897,-3.869064648946128,8.710792990930798,-1.8238511093796483
1994-10-24 00:00:00-04:00,0.31510303067059975,0.32247423587554047,0.3058900820861877,0.31049656867980957,-1.4618907285616207,5.421605589905997,4.334380796091053
1994-10-17 00:00:00-04:00,0.3012827473662495,0.31510299277567955,0.28654117522549755,0.31418171525001526,4.281349661248722,9.967788234170841,1.186855811603471
1994-10-10 00:00:00-04:00,0.27364217395069645,0.3160250928375628,0.27272087193462474,0.30312612652778625,10.77463760480213,15.878586994734576,-3.518851729939576
1994-10-03 00:00:00-04:00,0.24784437804204482,0.2810135323766935,0.23955272913220513,0.2727210223674774,10.037203394305953,17.3075896044611,-10.030512548881775
1994-09-26 00:00:00-04:00,0.249686904159994,0.25429420261571134,0.24600171983073932,0.24830496311187744,-0.5534695753330522,3.3709043947650597,-8.952760239619739
1994-09-19 00:00:00-04:00,0.2681144192310713,0.27087830076069375,0.24784424888453585,0.2501474916934967,-6.701216439273275,9.293760892103192,0.7420425909042683
1994-09-12 00:00:00-04:00,0.2625858182657077,0.27456348286013127,0.2579793326725216,0.2681144177913666,2.105444826447003,6.428480148315428,7.182532983334711
1994-09-05 00:00:00-04:00,0.25982182621736605,0.2699569079842408,0.2579792473511826,0.26350700855255127,1.4183497933319162,4.642877578735331,-1.7184488908763451
1994-08-29 00:00:00-04:00,0.2635071122698411,0.27548480222017685,0.25521546720416854,0.26074323058128357,-1.0488831457904615,7.942048042015079,-1.0488441982811736
1994-08-22 00:00:00-04:00,0.2561366684849991,0.2681143291180574,0.2524514861498139,0.26350700855255127,2.8775029015354794,6.204298183037273,1.0599615434334853
1994-08-15 00:00:00-04:00,0.2561367766878867,0.26074323810071653,0.2506081520523575,0.2570580542087555,0.35968185934947,4.044196473800906,-2.447355908755522
1994-08-08 00:00:00-04:00,0.24331622766282918,0.25800691051816954,0.2423981304733257,0.25525256991386414,4.905690987275833,6.439315358730245,-0.7023644135363827
1994-08-01 00:00:00-04:00,0.24698875422940977,0.24790687617566295,0.23597055533725542,0.24423441290855408,-1.1151687166685293,5.058394180302636,-4.316570449820811
1994-07-25 00:00:00-04:00,0.22862570314574499,0.24974317675978672,0.224953238684453,0.2474479079246521,8.232759711583382,11.02004052944849,1.3157421093239696
1994-07-18 00:00:00-04:00,0.20658927261731375,0.23482297192731805,0.19373481345978125,0.22770757973194122,10.222363846426362,21.208453831178144,-7.977569242057125
1994-07-11 00:00:00-04:00,0.19924425938642915,0.2221979676552473,0.19373473144611994,0.20750728249549866,4.147182525868206,14.691860358060444,-8.871157148226017
1994-07-04 00:00:00-04:00,0.18822608141837757,0.20291675682022248,0.18730795941065054,0.19878441095352173,5.609387102776548,8.333226980147437,-4.203645981516891
1994-06-27 00:00:00-04:00,0.18547093842937173,0.19924432781793877,0.18088035211351572,0.18914422392845154,1.980518096358589,10.152554155190005,-4.849568926873338
1994-06-20 00:00:00-04:00,0.192816615630843,0.20016236251901867,0.18179840597341365,0.1881108582019806,-2.440535227457694,10.101274786914567,-0.5463374482225003
1994-06-13 00:00:00-04:00,0.19373473353495235,0.20567106552809042,0.19006228286653118,0.19465285539627075,0.4739066890928766,8.212456688484746,3.4777350211574687
1994-06-06 00:00:00-04:00,0.20199860260071842,0.20383483406440442,0.18730792954152678,0.19465285539627075,-3.6365336739322283,8.823387543352013,0.0
1994-05-30 00:00:00-04:00,0.21668933780074603,0.21668933780074603,0.19648913209175461,0.20291677117347717,-6.355904156176457,10.280571497236052,4.24546342275991
1994-05-23 00:00:00-04:00,0.22770747208840628,0.2332161538890037,0.21668927487860712,0.2199026644229889,-3.4275588736004265,7.62699446922568,8.370867105405576
1994-05-16 00:00:00-04:00,0.21949510343023051,0.23778686472486626,0.21034923499365232,0.2272692173719406,3.541816569125063,13.043845741602969,3.3499152765070317
1994-05-09 00:00:00-04:00,0.23595707547827413,0.23778692857405734,0.21400814291500517,0.21949516236782074,-6.976655850258294,11.111159292894795,-3.420637028637774
1994-05-02 00:00:00-04:00,0.21949514829013422,0.24693195329852027,0.2158371518371928,0.2364143282175064,7.70822501507322,14.406602939600718,7.708218107027465
1994-04-25 00:00:00-04:00,0.21766616402404418,0.23047005602545856,0.21583716568026762,0.21949516236782074,0.8402768303366266,6.779597155601788,-7.156573790282151
1994-04-18 00:00:00-04:00,0.2231530918330223,0.23412798098352577,0.19754533055745455,0.21766607463359833,-2.458857797735424,18.518610550215687,-0.833315738939755
1994-04-11 00:00:00-04:00,0.24510295231129917,0.24510295231129917,0.21949516768780522,0.22132419049739838,-9.701540348522597,11.666673527827589,1.680609102708286
1994-04-04 00:00:00-04:00,0.23595707126098847,0.2505908160966356,0.23229905021732963,0.24510294198989868,3.8760740163595706,7.874231884371852,10.74385562602107
1994-03-28 00:00:00-05:00,0.24144494535167832,0.24876096301702427,0.23047005189092537,0.24327394366264343,0.7575218890174209,7.936350504557289,-0.7462163907157926
1994-03-21 00:00:00-05:00,0.26613807911210674,0.26705259000270054,0.239615797996521,0.239615797996521,-9.96560928224541,11.450326829693383,-1.5037145413301256
1994-03-14 00:00:00-05:00,0.281685501552253,0.281685501552253,0.26156474575088784,0.26613810658454895,-5.519416115500717,7.692457079260992,11.068681117767131
1994-03-07 00:00:00-05:00,0.2707106825956133,0.2789420650740825,0.2633946660902286,0.2725397050380707,0.6756373353723721,5.90270077015453,2.4053670989381715
1994-02-28 00:00:00-05:00,0.2652235700087187,0.27436860571186206,0.2542487066034564,0.26888158917427063,1.3792209966224598,7.913471567737821,-1.3422322678778298
1994-02-21 00:00:00-05:00,0.26522365173276297,0.27985656323392677,0.25973580317410716,0.26339465379714966,-0.6896058943703068,7.74662553792485,-2.040651200393162
1994-02-14 00:00:00-05:00,0.270710609523066,0.2780274788052739,0.26522359251976013,0.26522359251976013,-2.026893963621463,4.827581952220117,0.6943719989165098
1994-02-07 00:00:00-05:00,0.24510297891271263,0.2743687879101709,0.24510297891271263,0.2707107663154602,10.447766696408516,11.940209428413578,2.068886008054216
1994-01-31 00:00:00-05:00,0.24422529339790344,0.25516088867832126,0.23511217160502243,0.24422529339790344,0.0,8.527298666178691,-9.783679193125682
1994-01-24 00:00:00-05:00,0.24240277695149257,0.2569832664912486,0.2405803283039204,0.24787014722824097,2.2554899516858593,6.818071245877874,1.4924145569145342
1994-01-17 00:00:00-05:00,0.2259997723901935,0.2442251801688788,0.2095959855631438,0.2433139681816101,7.661156295999834,16.52187875292224,-1.8381314158156692
1994-01-10 00:00:00-05:00,0.24058042648312308,0.24695903585373974,0.21688678367711642,0.22599990665912628,-6.06055947158263,13.86541478774127,-7.1159340550315475
1994-01-03 00:00:00-05:00,0.21506432685996624,0.2478702398237813,0.21141940386917593,0.2414916306734085,12.288092683381075,17.241007820247553,6.854747970161013
1993-12-27 00:00:00-05:00,0.20230624747105524,0.22053167567273635,0.19866132486877597,0.2132418304681778,5.405459857925123,11.00886184988782,-11.698045239271892
1993-12-20 00:00:00-05:00,0.21324181714964022,0.21688673952426699,0.1931931137087254,0.19866131246089935,-6.837544757231714,12.26421861560973,-6.837550575919627
1993-12-13 00:00:00-05:00,0.20595114186544136,0.2168867361778447,0.2023062317140716,0.21506428718566895,4.4249064305657875,7.20714549435154,8.256753427015662
1993-12-06 00:00:00-05:00,0.2296447766562561,0.2369354485605474,0.20230622922435101,0.20595113933086395,-10.317516326904304,17.117228406147454,-4.237406393250886
1993-11-29 00:00:00-05:00,0.2351121466037714,0.23784665956756929,0.22599985313718207,0.229644775390625,-2.3254312004391724,5.241953154366075,11.504493802142468
1993-11-22 00:00:00-05:00,0.2387578643567416,0.24422523484037134,0.22782229603236778,0.23784662783145905,-0.3816571771311455,7.199883020085583,3.5715388808139625
1993-11-15 00:00:00-05:00,0.229644828041631,0.2551609200462567,0.229644828041631,0.24058042466640472,4.761960771348734,11.111111111111116,1.1493948263512355
1993-11-08 00:00:00-05:00,0.2324542871315999,0.23336226063962626,0.21611006082714637,0.23063834011554718,-0.7812060764552217,7.983061846564792,-4.132540943280616
1993-11-01 00:00:00-05:00,0.22337469565254556,0.23971892714183335,0.21974200032048818,0.23154638707637787,3.658288777947883,9.09108262972455,0.393710326035035
1993-10-25 00:00:00-04:00,0.2197420285887446,0.23427031435487283,0.21066236220081713,0.22337472438812256,1.653163858870484,11.206535380796241,-3.529168730047949
1993-10-18 00:00:00-04:00,0.20339776862988587,0.2288224897086216,0.19794996222927125,0.21974200010299683,8.035600185394289,15.596126986673992,-1.6262915578638681
1993-10-11 00:00:00-04:00,0.1652606900649034,0.2070296433884138,0.1652606900649034,0.20521369576454163,24.175746624286358,25.274584843562202,-6.611528215655427
1993-10-04 00:00:00-04:00,0.16435271501541138,0.17434116566527016,0.15981287057170032,0.16435271501541138,0.0,9.090816679280971,-19.91142969132693
1993-09-27 00:00:00-04:00,0.1816048862391448,0.18342082138357907,0.16344472252367948,0.1652606576681137,-8.99988370880525,12.22192956215243,0.5524354450835878
1993-09-20 00:00:00-04:00,0.18342085731797786,0.18523760508945816,0.1734332181286131,0.18160492181777954,-0.9900376253558871,6.806301058250142,9.889990987745767
1993-09-13 00:00:00-04:00,0.1906853748985834,0.19250131004936147,0.17070846369777318,0.1834208220243454,-3.8097063700358094,12.766119429304295,0.9999179473714426
1993-09-06 00:00:00-04:00,0.1888694856364225,0.19613322800436775,0.184329652718183,0.1906854212284088,0.9614764321866285,6.403514091262866,3.9606186058304793
1993-08-30 00:00:00-04:00,0.19250135297665177,0.19431728853237867,0.18342086292671056,0.18705354630947113,-2.8300095469154445,5.940668597782138,-1.904642156458991
1993-08-23 00:00:00-04:00,0.20339774525524473,0.20884553890634255,0.19068538617679193,0.19250132143497467,-5.357199907302852,9.523620605468757,2.9124147780071885
1993-08-16 00:00:00-04:00,0.1997659387784907,0.21611017361283302,0.1961332548264103,0.20339781045913696,1.8180635311775801,10.185380752541677,5.660474921904912
1993-08-09 00:00:00-04:00,0.21154722908317536,0.2187791429627543,0.18804189155036835,0.19798658788204193,-6.41021924981192,16.345959487518112,-2.660413386397864
1993-08-02 00:00:00-04:00,0.20431453434201907,0.22239596413871612,0.20250656758919694,0.21154727041721344,3.5400007632775115,9.821605682373049,6.8492935204534255
1993-07-26 00:00:00-04:00,0.19346580301696234,0.2043144691354712,0.1880418682785376,0.20069852471351624,3.7385013701464116,8.653711540894573,-5.128284417142948
1993-07-19 00:00:00-04:00,0.20250651041666667,0.20793043328449132,0.18442591857747176,0.189849853515625,-6.250000000000003,12.744691683423023,-5.4054563746180895
1993-07-12 00:00:00-04:00,0.2657897924275209,0.28025441543520574,0.19165783002969392,0.1988905519247055,-25.16998109363374,46.22643666151568,4.762025485753907
1993-07-05 00:00:00-04:00,0.27663843595051474,0.2820623578452666,0.26217379126144025,0.2657897472381592,-3.9216129440148295,7.586023945465034,33.63618566395243
1993-06-28 00:00:00-04:00,0.2929111522975347,0.2929111522975347,0.2730226010355223,0.2784465253353119,-4.938230193273722,7.284580538966001,4.761951214698912
1993-06-21 00:00:00-04:00,0.29291119004322874,0.30375988496404,0.2856792980918003,0.2892952561378479,-1.2344813132086865,6.328980431207043,3.896163110482953
1993-06-14 00:00:00-04:00,0.31822428905474653,0.32726501063815366,0.2874870620161654,0.2965269386768341,-6.818257161438631,13.836430879018662,2.499758425191856
1993-06-07 00:00:00-04:00,0.39416446630029217,0.3959724573077324,0.30918379527016443,0.31641653180122375,-19.724744655150257,28.070249270901193,6.707516427728688
1993-05-31 00:00:00-04:00,0.40862894260238525,0.4212855991715237,0.3941643198382691,0.3968763053417206,-2.8761147425870233,6.880703799974287,25.428435449460807
1993-05-24 00:00:00-04:00,0.4104369651299682,0.4249024339516407,0.4004930899260176,0.40953299403190613,-0.22024602432576026,6.094822767137418,3.189076425030679
1993-05-17 00:00:00-04:00,0.40055970218133524,0.4267223187495419,0.39334205649172527,0.41499415040016174,3.6035697400963116,8.486319148158232,1.3335082759730277
1993-05-10 00:00:00-04:00,0.3969504317388109,0.4041680767363373,0.3825159849040705,0.400559663772583,0.9092399819196946,5.660441049985618,-3.4782385760522505
1993-05-03 00:00:00-04:00,0.369885745070698,0.40055967737918297,0.36808152648238607,0.3951462507247925,6.829272549896816,8.823629701598481,-1.351462350653454
1993-04-26 00:00:00-04:00,0.3554512713428842,0.3789075823463628,0.3500386637937521,0.36988574266433716,4.06088611440887,8.247351375338551,-6.392698403216912
1993-04-19 00:00:00-04:00,0.35003861937218944,0.36627728311915786,0.34823442511487135,0.35545122623443604,1.5462884843833393,5.18123904560405,-3.902425739885873
1993-04-12 00:00:00-04:00,0.35725551886693035,0.3698857726352053,0.33740843838818874,0.3473323881626129,-2.777600395310781,9.625525194971958,-2.2840934205888397
1993-04-05 00:00:00-04:00,0.3608649088239145,0.36627751917443196,0.3500388449621074,0.3590598702430725,-0.5001978681509158,4.639106329493925,3.376443568219467
1993-03-29 00:00:00-05:00,0.37710342719743717,0.38071181654640235,0.3572555271863881,0.36176684498786926,-4.066943205355238,6.565689702479144,0.7539062337888813
1993-03-22 00:00:00-05:00,0.38612535695044886,0.3951463805857934,0.378907709335737,0.38432031869888306,-0.46747467346399724,4.285653432210291,6.234256683132489
1993-03-15 00:00:00-05:00,0.4041680439859528,0.4167982953605138,0.3861251856494999,0.38792937994003296,-4.017800092697142,7.943825176650628,0.9390763552050485
1993-03-08 00:00:00-05:00,0.3969505257067114,0.41499420884660515,0.3969505257067114,0.4059723913669586,2.2727934782766988,4.54557481886934,4.651107227226459
1993-03-01 00:00:00-05:00,0.382516120767491,0.4023640252126764,0.3807119015996376,0.3969505727291107,3.7735538917047617,5.687272586452659,-2.222273935296515
1993-02-22 00:00:00-05:00,0.39695053675501313,0.40416818366202145,0.3762013677669302,0.382516086101532,-3.6363348369496444,7.434001652119901,-3.636343570016509
1993-02-15 00:00:00-05:00,0.3861253540832033,0.40055980604482305,0.37169005896097157,0.3969505727291107,2.803550331889048,7.7671560989697825,3.773563296302096
1993-02-08 00:00:00-05:00,0.41138579051222485,0.4149941799889603,0.3879294762313425,0.38883158564567566,-5.482494871411695,6.9767072150706415,-2.045339556412651
1993-02-01 00:00:00-05:00,0.42669403992570976,0.442897401110984,0.4050890775876495,0.412291020154953,-3.3754912005015147,9.333335706923348,6.033315032862285
1993-01-25 00:00:00-05:00,0.4266940705552295,0.44649797176382033,0.4230935316950442,0.4284943640232086,0.4219166827503608,5.531741403611315,3.9300744076758765
1993-01-18 00:00:00-05:00,0.4284943640232086,0.4356963071074915,0.4176918820787404,0.4284943640232086,0.0,4.310456056542902,0.0
1993-01-11 00:00:00-05:00,0.44649782268388205,0.46990307222608274,0.4320947586124554,0.4338950514793396,-2.8225829028208147,8.750005145870682,1.260387045799849
1993-01-04 00:00:00-05:00,0.42849439022786867,0.4536999425942139,0.4122910749643191,0.4482991099357605,4.621932085822615,10.043600297066451,3.319710240370588
1992-12-28 00:00:00-05:00,0.42669401662845363,0.4374965452834412,0.4230934782233144,0.43029460310935974,0.8438333655007265,3.4042280964975435,-4.0161817026539985
1992-12-21 00:00:00-05:00,0.41949206969352587,0.4410970786825372,0.4176918245492708,0.4248937666416168,1.2876755815759147,5.603474321893405,-1.2551485490907455
1992-12-14 00:00:00-05:00,0.41409120495235663,0.42669397761987865,0.3924862217311701,0.41949203610420227,1.3042612562773548,8.715657772093424,-1.2713131990874094
1992-12-07 00:00:00-05:00,0.4086894336117423,0.4230933123115705,0.4068891410772557,0.4140910804271698,1.3216996504389897,3.982453596921651,-1.287498977856849
1992-11-30 00:00:00-05:00,0.4050890049971441,0.42489371852329166,0.4005882964946696,0.409590482711792,1.1112317686034474,6.067431884881711,-1.0868617867197394
1992-11-23 00:00:00-05:00,0.40602532029151917,0.413211970010229,0.40243242719531785,0.40602532029151917,0.0,2.6785969734191903,-0.8704212062421002
1992-11-16 00:00:00-05:00,0.4042288408996948,0.4275843937809006,0.39434751075463004,0.4132119119167328,2.222273650005851,8.428323273213485,1.7699860737881545
1992-11-09 00:00:00-05:00,0.40243245504568864,0.4186013626107142,0.39344935815720217,0.40422892570495605,0.44640302658081027,6.392691697685414,-2.1739417361198665
1992-11-02 00:00:00-05:00,0.37728054729273286,0.4060254782730855,0.3700938947777487,0.40063613653182983,6.190509796142582,9.708774989902142,-0.8888006138750626
1992-10-26 00:00:00-05:00,0.3503320782525729,0.38806013456418026,0.34853560694329155,0.3772805631160736,7.6922687177027855,11.340169220449129,-5.829622264715672
1992-10-19 00:00:00-04:00,0.35212843879061734,0.3593150898358157,0.34494178774541895,0.35033199191093445,-0.510168075561512,4.1668776010997135,-7.142846422450921
1992-10-12 00:00:00-04:00,0.31080748048466944,0.3557213639229571,0.31080748048466944,0.35212844610214233,13.294713998851467,14.450708640683132,0.512786223550088
1992-10-05 00:00:00-04:00,0.3108074433567852,0.3251799284759525,0.298231428926849,0.31170567870140076,0.28900058985539545,9.036103151862475,-11.479551807926391
1992-09-28 00:00:00-04:00,0.32338347233172954,0.3269763898849487,0.3090110105529675,0.3144003748893738,-2.777846801379144,5.8138314553363735,0.8645001910774885
1992-09-21 00:00:00-04:00,0.3359595779657263,0.34314541501082924,0.325180030831973,0.326976478099823,-2.6738633023344613,5.524750130840387,4.000028058132665
1992-09-14 00:00:00-04:00,0.3521283564121588,0.3593150057760808,0.3251798844947331,0.33416298031806946,-5.101939610072536,10.497304079674873,2.1978651981358954
1992-09-07 00:00:00-04:00,0.3359596157683587,0.35572147342554744,0.33416316829837,0.34224721789360046,1.8715350983068788,6.451430669920002,2.4192499024985104
1992-08-31 00:00:00-04:00,0.3233834984442591,0.35392489523796816,0.3215870515160128,0.3395524322986603,4.9999254545105245,10.055704534591674,-0.7873798394989251
1992-08-24 00:00:00-04:00,0.31799335889946384,0.32518001106055827,0.3108075222912702,0.32338353991508484,1.695060876200609,4.624240965384055,-4.7618249335212415
1992-08-17 00:00:00-04:00,0.3179931977968394,0.32517984631701335,0.3144002813129962,0.3206886947154999,0.8476586723665105,3.4286117553710906,-0.8333278806622602
1992-08-10 00:00:00-04:00,0.30997423454368006,0.3260998208895063,0.3081826037337584,0.3207249045372009,3.4682463235523966,5.813831455336375,0.011291268541024913
1992-08-03 00:00:00-04:00,0.3350589854117972,0.3386422725504546,0.29743206623952445,0.3108702003955841,-7.219261702975779,13.855334037098485,-3.072634523295581
1992-07-27 00:00:00-04:00,0.32789148280039226,0.34222543969589264,0.3243082208406715,0.33505886793136597,2.185901588464538,5.524750130840387,7.780954078262137
1992-07-20 00:00:00-04:00,0.32072506739954615,0.33147490556286285,0.3135576793088505,0.3287874460220337,2.5137974676746304,5.7141723632812464,-1.8717373302344353
1992-07-13 00:00:00-04:00,0.3278917197188612,0.3511847095555672,0.31982933860019463,0.3225167989730835,-1.6392364986789703,9.803781945898528,-1.9072039169433452
1992-07-06 00:00:00-04:00,0.33326725321758505,0.3350588842848912,0.3117659340642191,0.3278914988040924,-1.61304609486576,7.47129422288778,1.6664867839822017
1992-06-29 00:00:00-04:00,0.3278916129411897,0.3547678824970293,0.32430834955926496,0.3314749002456665,1.0928267644099572,9.392151937857545,1.0928619542268425
1992-06-22 00:00:00-04:00,0.3153492925724825,0.33326735506716126,0.30639027328641866,0.3243083357810974,2.840990425420308,8.772172005479256,-2.1620232660927607
1992-06-15 00:00:00-04:00,0.3870196940967974,0.3870196940967974,0.31355752008606375,0.3207249045372009,-17.129564869899223,23.428611755371097,-1.104945771827226
1992-06-08 00:00:00-04:00,0.39418638244038684,0.39418638244038684,0.3834365458856265,0.3914989233016968,-0.6817737137574734,2.8035503318890425,22.066892144413043
1992-06-01 00:00:00-04:00,0.41031287470635525,0.4264384453754166,0.383436604623886,0.393290638923645,-4.148598991657859,11.214850182003671,0.4576553127752847
1992-05-25 00:00:00-04:00,0.42558245917223503,0.4336294660145587,0.4202183291001004,0.42737051844596863,0.42014402501724457,3.191468811743255,8.665316727495265
1992-05-18 00:00:00-04:00,0.4398874744249497,0.4398874744249497,0.42021816175972215,0.42558228969573975,-3.2520100164049075,4.680738353349494,-0.41842585603034665
1992-05-11 00:00:00-04:00,0.44346361583851035,0.4524046740841487,0.43094648763762156,0.4336293637752533,-2.2176006580973375,4.979315776340915,1.8908385697315122
1992-05-04 00:00:00-04:00,0.4255822232023455,0.4497224663593726,0.42379416492002536,0.4434634745121002,4.201597325942105,6.118135544466538,2.2678608872861883
1992-04-27 00:00:00-04:00,0.40054813001573214,0.4345234470031589,0.379089965965826,0.42379432916641235,5.803596973419195,14.622777180636353,-4.43534732309756
1992-04-20 00:00:00-04:00,0.4220061624673474,0.4220061624673474,0.4005479824483981,0.40412405133247375,-4.237405214730074,5.35720586776734,-4.641467919740528
1992-04-13 00:00:00-04:00,0.39697197149157787,0.4354173819266231,0.3951839366810898,0.4220062494277954,6.30630869029721,10.180941458154802,4.424927948821811
1992-04-06 00:00:00-04:00,0.42200631205247197,0.43809951109248463,0.3916070895652424,0.39697203040122986,-5.932205499364512,11.872211399149474,-5.932191539938048
1992-03-30 00:00:00-05:00,0.4380994460796178,0.4380994460796178,0.40948912239694923,0.4220062494277954,-3.673411778041307,6.986833622147941,6.306292914708078
1992-03-23 00:00:00-05:00,0.4506165799078598,0.46670977680244247,0.4327353243012917,0.43631139397621155,-3.1745804680718406,7.851092941397149,3.3897944800136637
1992-03-16 00:00:00-05:00,0.4488285010001863,0.4577695581426134,0.4416755024892884,0.45240461826324463,0.7967669733738362,3.6438642312328198,3.688472157550504
1992-03-09 00:00:00-05:00,0.4559808818143761,0.4631338833691469,0.4398876787956632,0.4515107572078705,-0.9803315851135558,5.284577335088768,-0.1975800023451657
1992-03-02 00:00:00-05:00,0.48459198017987654,0.4899561095440741,0.4506166620058354,0.4577696621417999,-5.535031353205719,8.730136023627388,1.3862139127391648
1992-02-24 00:00:00-05:00,0.47386264723244953,0.5006849531157096,0.46670965033794254,0.48280370235443115,1.886845307221622,7.279751501423997,5.46869796821019
1992-02-17 00:00:00-05:00,0.4595578207673221,0.4684980223953375,0.4416756985447705,0.4649219512939453,1.1672373495171384,6.072854797975293,-3.7037311382004834
1992-02-10 00:00:00-05:00,0.4577694880904206,0.46849774273975947,0.44525236334947227,0.4586634933948517,0.19529595739558753,5.220720046362164,-1.3461308681328998
1992-02-03 00:00:00-05:00,0.46226907534723105,0.4765475546967646,0.4479905959976975,0.4569149613380432,-1.1582245697846265,6.374454944856437,-0.3812232894025436
1992-01-27 00:00:00-05:00,0.46226915717124945,0.46940880321898404,0.44799067529435116,0.4622691571712494,-1.2008404707540006e-14,4.780931636704302,1.1718145139145264
1992-01-20 00:00:00-05:00,0.4604842830535902,0.46940864700363966,0.4354967693599729,0.4613766670227051,0.19379249237287047,7.786941265604634,-0.19306720656114829
1992-01-13 00:00:00-05:00,0.44442128120972735,0.4926107941373999,0.4390663560342626,0.4622691571712494,4.015981393361636,12.1950674123068,0.1934406770727204
1992-01-06 00:00:00-05:00,0.4194337687718522,0.44620601226431517,0.41050940164819566,0.44442129135131836,5.957441779814814,8.69568649896874,-3.8609250786158844
1991-12-30 00:00:00-05:00,0.3926606825763103,0.43014196334471466,0.3926606825763103,0.4212184548377991,7.272888152212385,9.54546315217597,-5.220910196036776
1991-12-23 00:00:00-05:00,0.3605341542221363,0.39801541458620127,0.3569647384645424,0.3926604688167572,8.910754839284069,11.49992469795065,-6.77985156942823
1991-12-16 00:00:00-05:00,0.35964171955748225,0.3712431107034132,0.3569646642533195,0.3587493598461151,-0.248124637059665,3.99996074680406,-8.636242164338515
1991-12-09 00:00:00-05:00,0.34982515088114163,0.3623189062697538,0.3462557345710333,0.3596418499946594,2.806173052106583,4.639106329493932,0.24877818567456966
1991-12-02 00:00:00-05:00,0.36231900652686644,0.37124334807482046,0.3462558303833124,0.34804055094718933,-3.940851935024927,7.216490091689237,-3.2257922840855047
1991-11-25 00:00:00-05:00,0.3641035694836554,0.37302793158261827,0.35696476134091487,0.36231887340545654,-0.4901616539298941,4.499931640692807,4.102488178290975
1991-11-18 00:00:00-05:00,0.35696479838327116,0.3748126665552526,0.3551792680717088,0.3658883273601532,2.4998344423028764,5.527743381570319,0.9851692022408765
1991-11-11 00:00:00-05:00,0.3810360878828294,0.3934998735968958,0.3543272692470864,0.35610851645469666,-6.542050010706096,11.05548676314066,-2.672895026746791
1991-11-04 00:00:00-05:00,0.3614497924648286,0.38281651019930824,0.3383026357641332,0.37925484776496887,4.926010658001085,13.158004026374295,6.49979718000282
1991-10-28 00:00:00-05:00,0.36679099250384184,0.3756939226088336,0.3525467940551352,0.3632301390171051,-0.9708126861101803,6.565689702479148,-4.225314150181825
1991-10-21 00:00:00-04:00,0.39349978709182676,0.4006214937123861,0.36144970624858874,0.3650105595588684,-7.239960088291008,10.837410236227102,0.49016321899417736
1991-10-14 00:00:00-04:00,0.34898589346220643,0.3952801680935724,0.3472054788455491,0.3917185068130493,12.24479675292968,13.84617817894771,7.317034139083178
1991-10-07 00:00:00-04:00,0.34186340775386054,0.34898592263588646,0.33118087161534904,0.3454250693321228,1.041837616275866,5.376231704957027,-11.81803684935938
1991-09-30 00:00:00-04:00,0.35076645318517985,0.36857234213050577,0.3383026661197515,0.34364476799964905,-2.030321064304019,8.947513289782787,-0.5153943620583079
1991-09-23 00:00:00-04:00,0.35610848586939675,0.3614497546638761,0.3436447012258148,0.3489859700202942,-2.000097198389918,5.181239045604042,1.5542800350886177
1991-09-16 00:00:00-04:00,0.3507664311755048,0.3632302174588632,0.3311809601534827,0.3605595827102661,2.7919295190084252,9.677264444951053,3.316354720305492
1991-09-09 00:00:00-04:00,0.3685722267514681,0.38103600991519365,0.3454250752198562,0.34631529450416565,-6.038689470303071,10.309307936799836,-3.950605916234018
1991-09-02 00:00:00-04:00,0.37569400148166343,0.37925485571596246,0.3596693848117865,0.3667910695075989,-2.3697296041334535,5.44540951530388,5.9124662780918325
1991-08-26 00:00:00-04:00,0.377474308013916,0.38637723686357595,0.3721330404233312,0.377474308013916,0.0,3.8277161372290016,2.912622305842638
1991-08-19 00:00:00-04:00,0.3525467443452982,0.39528016571323593,0.3454250383760003,0.377474308013916,7.070711634257151,14.432980183378477,0.0
1991-08-12 00:00:00-04:00,0.3606355869420911,0.3908362442859581,0.35885918233025005,0.3784005343914032,4.926010658001069,8.910754839284081,0.24537468056051726
1991-08-05 00:00:00-04:00,0.35352904802619317,0.3677419900292268,0.3393169361962025,0.36063551902770996,2.0101519355179738,8.377139718303992,-4.694764871900992
1991-07-29 00:00:00-04:00,0.32155197875429264,0.3570826719419676,0.3162219122511795,0.3553062677383423,10.497304079674873,12.921545948508395,-1.4777388826634708
1991-07-22 00:00:00-04:00,0.32510477316495257,0.33043483943859275,0.3162218986370194,0.318887323141098,-1.9124450137494335,4.494609912480455,-10.250014678622055
1991-07-15 00:00:00-04:00,0.3322113334791115,0.3322113334791115,0.3002334414205641,0.3268812894821167,-1.6044136547587,10.651009396968918,2.5068310217780443
1991-07-08 00:00:00-04:00,0.3215519192801254,0.34287049728425284,0.3197754916858389,0.3322111964225769,3.3149474480870715,7.222256301337643,1.6305328912843198
1991-07-01 00:00:00-04:00,0.3002333246647845,0.32688116236343323,0.2966805168305478,0.3242165446281433,7.988193845615407,10.179517635846254,-2.4064967949678273
1991-06-24 00:00:00-04:00,0.2966805705763351,0.3091162778603044,0.2860212675312924,0.2949041426181793,-0.5987678784306273,8.074577994968582,-9.040995129839391
1991-06-17 00:00:00-04:00,0.2913505834961635,0.307339933795563,0.28957417877233854,0.2984570562839508,2.4391482943025884,6.135130935549264,1.204768991791183
1991-06-10 00:00:00-04:00,0.3268811799382027,0.33487584002755516,0.28957406283892695,0.2922394871711731,-10.597640639200662,15.644279996798929,-2.083237431271301
1991-06-03 00:00:00-04:00,0.3339877459618197,0.3517526925292709,0.32421665532968535,0.3277694880962372,-1.861822159874497,8.493097670008664,12.157837145482375
1991-05-27 00:00:00-04:00,0.32688138741840117,0.33931710101143364,0.3215521482786869,0.33398786187171936,2.174022360050147,5.5247501308403635,1.8971789630572333
1991-05-20 00:00:00-04:00,0.3357640289517593,0.3375404328324285,0.3126690232804463,0.3259929418563843,-2.910105387369787,7.954548644134138,-2.3937756212247696
1991-05-13 00:00:00-04:00,0.3703472817010995,0.3809793588844591,0.32959160095771706,0.33313536643981934,-10.047843497151197,15.591343279810863,2.1909752225806267
1991-05-06 00:00:00-04:00,0.3437673981202461,0.3774347390472793,0.34199552744307876,0.36325889825820923,5.66996761314324,10.362478091208079,9.042429850759092
1991-04-29 00:00:00-04:00,0.414646691858869,0.4270506632414188,0.33313535647016984,0.34731119871139526,-16.23924523444464,28.191335728022164,-4.390174507295386
1991-04-22 00:00:00-04:00,0.4217351213704612,0.4465430696863707,0.40933114721250646,0.41553351283073425,-1.4704984777113994,9.090909090909093,19.642992904478618
1991-04-15 00:00:00-04:00,0.4376826490902006,0.4607187398649523,0.4217349393066363,0.42262086272239685,-3.4412573582965402,9.243673436781949,1.7056024779762202
1991-04-08 00:00:00-04:00,0.4908433115227725,0.5191950013455625,0.47312289617194414,0.5085629224777222,3.6100341063988557,9.737872664034985,20.335498631494996
1991-04-01 00:00:00-05:00,0.48198310391031396,0.5156512843394077,0.47843936135105,0.4917292594909668,2.0220948621606403,7.777772063585256,-3.310045275172957
1991-03-25 00:00:00-05:00,0.45008669915906674,0.49793073617860595,0.4483148520076286,0.4819829761981964,7.086696207358284,11.067196178932985,-1.9820425782390183
1991-03-18 00:00:00-05:00,0.46603522585444856,0.4979306959190022,0.4412272857747769,0.4483148157596588,-3.802375681430606,12.851292740125187,-6.985342242605041
1991-03-11 00:00:00-05:00,0.45717515605976344,0.4784393621970029,0.44122743914284895,0.46957913041114807,2.7131776928322715,8.433728221083378,4.74316571837079
1991-03-04 00:00:00-05:00,0.4111030075111626,0.4837549514277058,0.4040154757699957,0.46071889996528625,12.068968493930678,19.73673793206512,-1.8868450218611943
1991-02-25 00:00:00-05:00,0.4270507232054115,0.42882342236742427,0.39869903474198054,0.4093311131000519,-4.149298699779153,7.55567107026954,-11.153826523962074
1991-02-18 00:00:00-05:00,0.407559184056317,0.441227358382461,0.4066732604064421,0.4235069453716278,3.9129927478476603,8.496771570740718,3.4631699907236024
1991-02-11 00:00:00-05:00,0.425278600903285,0.435910720890277,0.40224256174589534,0.40844497084617615,-3.9582593672370296,8.370113544983461,-3.5564881969609163
1991-02-04 00:00:00-05:00,0.39432554518350876,0.4261540273301899,0.38725209270978156,0.42350178956985474,7.399024674591678,10.045635737742199,3.6863763293462304
1991-01-28 00:00:00-05:00,0.3766422387303905,0.4093556040519656,0.3695696140113239,0.39432546496391296,4.694966314221744,10.765492760295665,-6.889303734838004
1991-01-21 00:00:00-05:00,0.3518864046105326,0.37929529680167645,0.3518864046105326,0.3784112334251404,7.537895317088313,7.789130762661878,-4.035811265759614
1991-01-14 00:00:00-05:00,0.3253624914874358,0.37310603490489164,0.3253624914874358,0.35542362928390503,9.23927575641585,14.67395433296266,-6.074767900827371
1991-01-07 00:00:00-05:00,0.3041436977337198,0.3342040266136009,0.30060657045286454,0.33243587613105774,9.302240555419289,11.17655416184739,-6.467705368706689
1990-12-31 00:00:00-05:00,0.3041435404286748,0.3129843354869169,0.2970700922321454,0.30591168999671936,0.5813536481992798,5.357066790262848,-7.978737566784644
1990-12-24 00:00:00-05:00,0.31652149984527306,0.31828964963065914,0.3023746017132729,0.3041435778141022,-3.9106101914788263,5.26335473522267,-0.5779812411340512
1990-12-17 00:00:00-05:00,0.27585067489510723,0.3200579007966311,0.27585067489510723,0.31828972697257996,15.38479182391352,16.025781310244668,4.6511418258925685
1990-12-10 00:00:00-05:00,0.2988383416089161,0.30060651537652094,0.27585066608899356,0.2820400297641754,-5.621203676308811,8.974366325996392,-11.388899526602502
1990-12-03 00:00:00-05:00,0.26347287521122076,0.3023748190517359,0.2617047005459081,0.3006066679954529,14.093971819475811,15.540461604621989,6.5829798155963015
1990-11-26 00:00:00-05:00,0.2546319771252976,0.27231437819344656,0.2546319771252976,0.25993645191192627,2.0831927107169514,6.9442971255129935,-13.529379223265202
1990-11-19 00:00:00-05:00,0.25109483022496876,0.2617045816683237,0.2457903558566127,0.2572841942310333,2.4649507919056712,6.474715314296109,-1.0203484972517884
1990-11-12 00:00:00-05:00,0.2510948876318579,0.2634728157672637,0.24579041205075933,0.2484426498413086,-1.0562691321847484,7.194098243690938,-3.436489527135622
1990-11-05 00:00:00-05:00,0.2273470726117739,0.2520204362619933,0.2255848138686252,0.2502581775188446,10.07758958312806,11.718706565400057,0.7307632883064352
1990-10-29 00:00:00-05:00,0.21324817700659793,0.2282290619023153,0.20355569304975027,0.22382257878780365,4.958730212675417,12.121188301294376,-10.563330634440637
1990-10-22 00:00:00-04:00,0.22206023952331322,0.22206023952331322,0.2088424185452939,0.21148581802845,-4.761960771348731,6.329088252323908,-5.511848190726809
1990-10-15 00:00:00-04:00,0.20091151424340692,0.22382260292126135,0.17095132952072067,0.22117920219898224,10.087867801852687,30.92767605187432,4.583467705256816
1990-10-08 00:00:00-04:00,0.20267367215141643,0.20619901255979445,0.17976338320255994,0.19914913177490234,-1.7390223106437448,14.705792073042186,-9.960281167964746
1990-10-01 00:00:00-04:00,0.2079613598362311,0.22558484375605126,0.18505025189369917,0.1973869353532791,-5.084802528353973,21.904640197753906,-0.8848627186660463
1990-09-24 00:00:00-04:00,0.22206017862297622,0.22206017862297622,0.19210001616107386,0.20443670451641083,-7.936350504557291,15.596126986674003,3.5715480107709086
1990-09-17 00:00:00-04:00,0.23968366355351614,0.24849580102058472,0.21853564897087097,0.2220601886510849,-7.352806044912737,13.709503319390787,8.620508815362648
1990-09-10 00:00:00-04:00,0.2608325692946568,0.2608325692946568,0.23263468899875955,0.23968374729156494,-8.108198320586457,12.1210987137209,7.936388214175261
1990-09-03 00:00:00-04:00,0.2573080716054687,0.26435713043774545,0.24761478920739302,0.25642693042755127,-0.34244599184921387,6.761446391770104,6.9855312782718615
1990-08-27 00:00:00-04:00,0.25907034879572205,0.2705258908313297,0.2537835484141594,0.26083260774612427,0.6802241007486989,6.597095249786573,1.7181024283320134
1990-08-20 00:00:00-04:00,0.257308059584155,0.264357118087103,0.236159213420233,0.2502581775188446,-2.7398605689631133,11.940209428413576,-4.054105933554153
1990-08-13 00:00:00-04:00,0.26707532707514453,0.28288875992155577,0.2512610966072271,0.25653278827667236,-3.9474027473552096,12.587568764681944,2.5072550355943024
1990-08-06 00:00:00-04:00,0.274103201061632,0.28640271374890863,0.26883232987904276,0.27234622836112976,-0.6409894863311649,6.535815047904175,6.1642958744916765
1990-07-30 00:00:00-04:00,0.286402690146519,0.3074877918419075,0.2793748468425908,0.2899174094200134,1.2271949232377586,10.062804621475639,6.451780575269939
1990-07-23 00:00:00-04:00,0.2881595411693331,0.3039737667342233,0.2811317237167389,0.29079577326774597,0.9148515741367393,8.125032179043405,0.302970369902833
1990-07-16 00:00:00-04:00,0.3285727569257867,0.3312081912041545,0.2811317025114767,0.2881595194339752,-12.299631250602872,17.812465917334087,-0.9065653892236791
1990-07-09 00:00:00-04:00,0.3162733011609559,0.33560065120684907,0.31451635251301846,0.3285728096961975,3.8888861279448292,6.703720975194091,14.024624396100172
1990-07-02 00:00:00-04:00,0.31275853645512663,0.31627325431114117,0.3039737475978355,0.3145163059234619,0.5620212603173751,4.046239785673265,-4.2780483831673095
1990-06-25 00:00:00-04:00,0.29167424088452987,0.3153947683875779,0.2828886544060301,0.3145163059234619,7.831361785552716,11.4907803742782,0.0
1990-06-18 00:00:00-04:00,0.2758600591047733,0.2995806137466421,0.269710703604878,0.29167428612709045,5.732699062574631,11.074795973067149,-7.2625868249673875
1990-06-11 00:00:00-04:00,0.2653182757929751,0.2864025711031345,0.2653182757929751,0.27761778235435486,4.635755499548363,7.946793430321857,-4.81924682473065
1990-06-04 00:00:00-04:00,0.28640270954747804,0.2881596587627477,0.2635606337490537,0.26883232593536377,-6.1348524390274894,9.333345676014602,-3.1645870608451254
1990-05-28 00:00:00-04:00,0.28113174359752796,0.2951882005774543,0.27586005318971435,0.2864026129245758,1.8748751953794636,7.006504625897257,6.535779106206352
1990-05-21 00:00:00-04:00,0.2776178236704104,0.2987021221184088,0.2723461332478348,0.2811317443847656,1.265740314471665,9.677386844552723,-1.840370269665892
1990-05-14 00:00:00-04:00,0.2996276294330321,0.2996276294330321,0.2768495894906126,0.27860167622566223,-7.01736126509964,8.227586677780447,-0.8999581902926823
1990-05-07 00:00:00-04:00,0.2786017270292614,0.2996276840707579,0.2786017270292614,0.2987516522407532,7.232519850594985,7.546958615690191,7.232539404669569
1990-04-30 00:00:00-04:00,0.27509671142995334,0.2856100984882807,0.2733446245198647,0.2803538143634796,1.9110017368800363,4.487183162998188,-6.158238034595842
1990-04-23 00:00:00-04:00,0.2821059580222615,0.2838580452848017,0.2672123389954309,0.274220734834671,-2.7951282003651468,6.22939283116541,-2.1876212181144217
1990-04-16 00:00:00-04:00,0.30488488208193154,0.31014116827179555,0.2786018135145177,0.2821060121059418,-7.471301896126295,11.320584873233205,2.8755218951713513
1990-04-09 00:00:00-04:00,0.27860175998030473,0.3083889980208861,0.2768496727185339,0.30313271284103394,8.805024369718044,11.392220547942438,7.453474875677513
1990-04-02 00:00:00-04:00,0.28035389009048317,0.294371454755303,0.27684969192924413,0.2794778347015381,-0.31248198077877265,6.328980431207057,-7.803472583937432
1990-03-26 00:00:00-05:00,0.2978756894845807,0.3040088265854395,0.2803539245075018,0.2821060121059418,-5.294046454722596,8.437514159822195,0.940388495284572
1990-03-19 00:00:00-05:00,0.2838581146141736,0.30138069932068207,0.28035393923323515,0.29612359404563904,4.320989536669389,7.500076562132449,4.9689057794461755
1990-03-12 00:00:00-05:00,0.2610792531229361,0.28561021069736586,0.25407085594008794,0.2821060121059418,8.053783949314672,12.413605897685162,-4.733693032760112
1990-03-05 00:00:00-05:00,0.23479617922833762,0.26283133475811443,0.23479617922833762,0.25845110416412354,10.074663486232316,11.940209428413578,-8.385113016639611
1990-02-26 00:00:00-05:00,0.23129198902765105,0.24355746673670786,0.23129198902765105,0.2365482747554779,2.2725757817744663,5.303027467843025,-8.474651125783828
1990-02-19 00:00:00-05:00,0.2347961904302496,0.2418053832029742,0.22778781646659232,0.2330441027879715,-0.7462163841191427,6.153782477842803,-1.4813770978159502
1990-02-12 00:00:00-05:00,0.24005326845330924,0.2453095541811361,0.23479616391650754,0.2365482747554779,-1.4600899710361825,4.477666964085097,1.503651851982113
1990-02-05 00:00:00-05:00,0.2392822653055191,0.2462681289830628,0.22530890559218367,0.2392822653055191,0.0,9.302438949668506,1.1557854534628653
1990-01-29 00:00:00-05:00,0.23054912535931632,0.24277520880399273,0.2244356872071179,0.2392822653055191,3.7879735750859935,8.171392805258465,0.0
1990-01-22 00:00:00-05:00,0.237535184243593,0.24277540831714883,0.22530909075149658,0.22880282998085022,-3.676236129207586,7.752158382688888,-4.379528633803509
1990-01-15 00:00:00-05:00,0.24102872539505413,0.24976107248153642,0.22530890559218367,0.2392822653055191,-0.7245858711124648,10.85272986661786,4.580116131232281
1990-01-08 00:00:00-05:00,0.26198720528409214,0.26548094230049946,0.2357885733694331,0.2410287708044052,-7.999793141409384,12.592793835070376,0.729893415484062
1990-01-01 00:00:00-05:00,0.24626821048912007,0.2707203854712769,0.24452174982156838,0.26373451948165894,7.092392866236594,10.71423530578614,9.420347870287827
1989-12-25 00:00:00-05:00,0.25674788632270185,0.25674788632270185,0.23928239017560587,0.24626825749874115,-4.081680661156072,7.299114713071154,-6.622668135079845
1989-12-18 00:00:00-05:00,0.23578856971307502,0.26024074082999105,0.23578856971307502,0.25500133633613586,8.148302797900833,10.3703801870766,3.546165034054116
1989-12-11 00:00:00-05:00,0.28643962472522877,0.2899333647658529,0.22705642118013278,0.23578877747058868,-17.682905185770867,27.692211151270364,-7.534297326278205
1989-12-04 00:00:00-05:00,0.3056524178608939,0.31962497656041083,0.28643963370669473,0.29167985916137695,-4.571388244628919,11.58545778888157,23.703876957316126
1989-11-27 00:00:00-05:00,0.31263908072901836,0.31613202774408394,0.2969192450998993,0.30739885568618774,-1.6761260398448423,6.470709784312041,5.38912647928631
1989-11-20 00:00:00-05:00,0.314385459417472,0.3248650905511779,0.31089172046603064,0.3126389980316162,-0.5555159545520345,4.494609912480462,1.7046720404118698
1989-11-13 00:00:00-05:00,0.3248650905511779,0.330104498028166,0.3056523129890426,0.3126389980316162,-3.7634368466056047,7.999999999999993,0.0
1989-11-06 00:00:00-05:00,0.3031588167382442,0.3275508955482447,0.29967445670262105,0.32580870389938354,7.47129422288777,9.302240555419287,4.212432214369977
1989-10-30 00:00:00-05:00,0.3170971295543331,0.3258088118090677,0.2996745559564948,0.3014167249202728,-4.944984729473409,8.720879144763606,-7.486595258868056
1989-10-23 00:00:00-04:00,0.3345196215578585,0.338004772809072,0.3101275406186551,0.3153548836708069,-5.729032514685213,8.988957296345315,4.624215445981239
1989-10-16 00:00:00-04:00,0.31187058183886285,0.34497355820666953,0.29618938717620985,0.3345196843147278,7.262340148378363,16.470600616569982,6.07721701368249
1989-10-09 00:00:00-04:00,0.3345197168771412,0.3510720092148968,0.3136127812318518,0.31883931159973145,-4.687438284293628,11.944420069841351,-4.687429006492694
1989-10-02 00:00:00-04:00,0.3101275251597553,0.33626258750858273,0.3005455405185303,0.33539149165153503,8.146315448383882,11.884071521550428,5.191386209170812
1989-09-25 00:00:00-04:00,0.3118705690944666,0.3188392675344932,0.30664322527526194,0.3101275861263275,-0.5588802345793386,3.9772743220670677,-7.532661428232112
1989-09-18 00:00:00-04:00,0.3101274633214216,0.3205813326466278,0.2996744081695515,0.3127415180206299,0.8428968757594443,6.976546514191321,0.8428569437991307
1989-09-11 00:00:00-04:00,0.31187053092739503,0.32580874027533285,0.30838537959129225,0.313612699508667,0.5586191731842559,5.649865991420229,0.27856278678664026
1989-09-04 00:00:00-04:00,0.3101275481725642,0.31709705993331255,0.30664318774791866,0.313612699508667,1.1237799920191334,3.4091323737436765,0.0
1989-08-28 00:00:00-04:00,0.3101274473089122,0.3136125975115294,0.30490092000283336,0.31099933385849,0.2811381440577061,2.857215881347653,-0.8333098928300142
1989-08-21 00:00:00-04:00,0.2944472448202278,0.31361280371597683,0.29270507566006765,0.31187063455581665,5.917321368120296,7.142933209737136,0.28016159601265134
1989-08-14 00:00:00-04:00,0.2885360680484173,0.29548829478542316,0.2781069621104853,0.29375022649765015,1.807108027949521,6.249873265679938,-5.810232208612587
1989-08-07 00:00:00-04:00,0.29896501548987636,0.318084381625268,0.2867978486590734,0.2911429703235626,-2.616374746555793,10.908914802699933,-0.8875758855315774
1989-07-31 00:00:00-04:00,0.27289185433894186,0.2972261905670166,0.27115381013124573,0.2972261905670166,8.917208718824778,9.615347253704876,2.089427141824296
1989-07-24 00:00:00-04:00,0.27636876769777147,0.27636876769777147,0.26246355473718447,0.27376168966293335,-0.9433330895367811,5.297959548902269,-7.894493032165217
1989-07-17 00:00:00-04:00,0.28332114640116,0.2867980491262541,0.26941590261939846,0.2781069874763489,-1.8403705445368734,6.451789347940334,1.5872556232267687
1989-07-10 00:00:00-04:00,0.285059127439826,0.2867979845340419,0.27463081193885325,0.2833210825920105,-0.6097138033871125,4.430374184633627,1.8748522512779475
1989-07-03 00:00:00-04:00,0.29027408326634785,0.2920121280293168,0.27810691126512627,0.28679797053337097,-1.1975277619901352,4.999953687211445,1.2271899816108212
1989-06-26 00:00:00-04:00,0.30591734479350735,0.3076554127635152,0.27463079853214944,0.28679797053337097,-6.2498497014093335,12.025094930312328,0.0
1989-06-19 00:00:00-04:00,0.3093934097548624,0.3111322664957056,0.29201208294144376,0.30504828691482544,-1.4044005796631793,6.547737121582029,6.363474730143159
1989-06-12 00:00:00-04:00,0.3250374457688874,0.3493717833679357,0.30244117568248774,0.30939337611198425,-4.813005350782442,15.517267971050726,1.4243939020618157
1989-06-05 00:00:00-04:00,0.3389427519523302,0.34068079661623496,0.32156061119954127,0.32677558064460754,-3.5897422905900873,5.946059545467417,5.618156649330408
1989-05-29 00:00:00-04:00,0.3354666504585404,0.3441569204781579,0.3267755913996199,0.3406808078289032,1.5542997681694144,5.3190414265923565,4.255283444639835
1989-05-22 00:00:00-04:00,0.31808434005159325,0.34068062673547106,0.3146082524571387,0.3372045159339905,6.0110396756080275,8.2872505964809,-1.0203955770407225
1989-05-15 00:00:00-04:00,0.3104521270157682,0.3208576439587874,0.3104521270157682,0.3173891305923462,2.234484151634003,3.351729956899511,-5.876370097464312
1989-05-08 00:00:00-04:00,0.28790524372086856,0.3121863901615143,0.28790524372086856,0.3121863901615143,8.433728447192475,8.433728447192475,-1.6392308145909085
1989-05-01 00:00:00-04:00,0.2670924470919419,0.2965763342280976,0.2670924470919419,0.2879050672054291,7.792290774258692,11.038832231001415,-7.777828797572795
1989-04-24 00:00:00-04:00,0.2774990045498246,0.28096749578143687,0.2670926740714729,0.27056118845939636,-2.500122874921011,5.194759368896473,-6.024165852439589
1989-04-17 00:00:00-04:00,0.2670925052721543,0.2887722637572531,0.2636239930762897,0.27836593985557556,4.220797798850327,9.539446841504223,2.884652983903657
1989-04-10 00:00:00-04:00,0.2584204806840139,0.274030350526482,0.2549519680635122,0.26882678270339966,4.026887494304352,7.483128138950894,-3.426840639025408
1989-04-03 00:00:00-04:00,0.24627992115126163,0.2601547363756534,0.23500648471275956,0.25928762555122375,5.281674746019177,10.701088394914587,-3.548440023812871
1989-03-27 00:00:00-05:00,0.2376087208550961,0.24801423906599068,0.23240515127889624,0.24714712798595428,4.014333773832783,6.716326080209322,-4.682251048217124
1989-03-20 00:00:00-05:00,0.24281141665321815,0.24627992953795283,0.23413935870529193,0.2384757697582245,-1.7856025695800815,5.1851900935383,-3.5085814261303527
1989-03-13 00:00:00-05:00,0.24281140230485054,0.2480141597463573,0.23587358963111477,0.24194426834583282,-0.3571224212646443,5.147066330838181,1.454444865038007
1989-03-06 00:00:00-05:00,0.2428113967180252,0.25148345395396204,0.23760863939622823,0.2428113967180252,0.0,5.839356091171685,0.3584000473005222
1989-02-27 00:00:00-05:00,0.24974927396303861,0.2549520326333052,0.23587364533849503,0.2410772144794464,-3.472306183711115,8.088392947601816,-0.7142095725402364
1989-02-20 00:00:00-05:00,0.2558191200839723,0.2618897991239116,0.24974922835826874,0.24974922835826874,-2.372727935156337,4.861104414796039,3.597193495680484
1989-02-13 00:00:00-05:00,0.2549521028995514,0.2584206173544398,0.24454577222028967,0.2549521028995514,0.0,5.6737211231161595,2.08323948605722
1989-02-06 00:00:00-05:00,0.27327693211334503,0.27327693211334503,0.2559804803147146,0.25770998001098633,-5.696401808222185,6.75694169233738,1.0817236179148093
1989-01-30 00:00:00-05:00,0.2603050341632547,0.2784654305364497,0.25425104527241055,0.27154669165611267,4.318647746861322,9.523809523809536,5.369101982211344
1989-01-23 00:00:00-05:00,0.28192442134281437,0.29143738756940435,0.2507920808086273,0.2603050470352173,-7.668500020191002,16.20677440440888,-4.139856962474742
1989-01-16 00:00:00-05:00,0.299220714067617,0.30440916565411136,0.27327686274383567,0.28365376591682434,-5.202496825562319,11.392220547942433,8.969752660403918
1989-01-09 00:00:00-05:00,0.29749129410609687,0.30095027018145093,0.2853841042391844,0.2992207705974579,0.5813536481992703,5.454461447236138,5.488030321162118
1989-01-02 00:00:00-05:00,0.27846533136739393,0.3009502317376019,0.2767358550969589,0.2948962450027466,5.90052397354789,8.74999614060096,-1.4452625016894594
1988-12-26 00:00:00-05:00,0.28365378249038814,0.2871135432637511,0.27500635497676246,0.2784653306007385,-1.8291495512933729,4.40251218485903,-5.571761146655163
1988-12-19 00:00:00-05:00,0.278465503111206,0.29057269889864973,0.2767360257741145,0.2845194935798645,2.1740540214206825,4.999953687211439,2.1741173186856644
1988-12-12 00:00:00-05:00,0.27154657042397656,0.28019478232966233,0.26462864287445864,0.27760055661201477,2.2294467496259944,5.8822579771111,-2.4317971611697686
1988-12-05 00:00:00-05:00,0.2732769894175029,0.2767359664427347,0.26808772718363105,0.2706819772720337,-0.9495904324035978,3.2258989808884,-2.492278626678246
1988-11-28 00:00:00-05:00,0.25252156838606216,0.27587120366060836,0.249062591520728,0.27154669165611267,7.534058730763293,10.763805184950566,0.3194576871329513
1988-11-21 00:00:00-05:00,0.2594394440651335,0.261169728827249,0.24560277747788803,0.2525215148925781,-2.6664909021384466,6.338263560868104,-7.006226681497585
1988-11-14 00:00:00-05:00,0.26738206661039354,0.27083193891555446,0.26048234503192563,0.2622072696685791,-1.9353567752001544,3.9732419801274226,3.8356156623411852
1988-11-07 00:00:00-05:00,0.25703164622813995,0.2742825479742831,0.25530669885099594,0.26565709710121155,3.3557933428227313,7.432570006461906,1.3156871802192605
1988-10-31 00:00:00-05:00,0.26738212370759207,0.26738212370759207,0.25358187148884104,0.26048240065574646,-2.580472828988042,5.442128862653463,-1.9478856397702748
1988-10-24 00:00:00-04:00,0.2846329462244987,0.2846329462244987,0.2639321727559175,0.26565709710121155,-6.666778872576584,7.843217161602007,1.9865819849779198
1988-10-17 00:00:00-04:00,0.2656570709721098,0.28808278961211964,0.2639321467964733,0.2829071879386902,6.493377685546878,9.150322576760487,6.493367211231171
1988-10-10 00:00:00-04:00,0.2725576887422544,0.27428261349962807,0.25875663238966573,0.26738208532333374,-1.8989020059584472,6.000225372612485,-5.4877017188834865
1988-10-03 00:00:00-04:00,0.29670826544168916,0.2984331897673432,0.264794620397689,0.2742825448513031,-7.5581718483650695,12.70364530787416,2.580748639021535
1988-09-26 00:00:00-04:00,0.30188311654108735,0.30533298885381166,0.29325766419216814,0.29843324422836304,-1.14278411865235,4.1176501541425035,8.805044225527636
1988-09-19 00:00:00-04:00,0.2898076915740967,0.30533288317504004,0.28463289641198575,0.3018830120563507,4.166666666666662,7.272520858970756,1.1559596307400222
1988-09-12 00:00:00-04:00,0.28290727249309916,0.29498259750995637,0.276007550696539,0.2915327250957489,3.048862097689673,6.874828882590902,-3.428575490253083
1988-09-05 00:00:00-04:00,0.2760074527433876,0.2829071720912848,0.2604822608221071,0.27945730090141296,1.249911233821927,8.608997479675772,-4.14204758329274
1988-08-29 00:00:00-04:00,0.28118228821761876,0.28377046930491723,0.2656570940764409,0.2742825448513031,-2.4538328534319547,6.818329204212533,-1.85171617754063
1988-08-22 00:00:00-04:00,0.2777324616909027,0.28118233393497427,0.2708319341197397,0.2777324616909027,0.0,3.821705829807521,1.2577967152338942
1988-08-15 00:00:00-04:00,0.29153269515675007,0.29843322235957265,0.2794573713799703,0.28118231892585754,-3.5503311988136956,6.790248861892224,1.242151246545431
1988-08-08 00:00:00-04:00,0.30647999012066346,0.3082024728237602,0.2875406573978367,0.2927057147026062,-4.49434738386484,7.185702228306494,4.098193592246169
1988-08-01 00:00:00-04:00,0.3064801082965677,0.31508932972949183,0.30303672776948387,0.3047584295272827,-0.561758731701758,3.9772743220670654,4.117690300963983
1988-07-25 00:00:00-04:00,0.29442738109135813,0.30647997792436354,0.29098400202903857,0.30561915040016174,3.8011985391164784,5.325370393998006,0.28242725696352444
1988-07-18 00:00:00-04:00,0.3125066795815664,0.3168109093278777,0.2927057147026062,0.2927057147026062,-6.336173327710272,8.235300308284984,-4.225335906027928
1988-07-11 00:00:00-04:00,0.3133675347235486,0.3133675347235486,0.30475831648402085,0.3099241554737091,-1.0988308833195628,2.8249329957101144,5.882509259717428
1988-07-04 00:00:00-04:00,0.32025529830359006,0.3271420386202673,0.309924371736065,0.31164607405662537,-2.6882378816426247,5.555441409062544,0.555593538775434
1988-06-27 00:00:00-04:00,0.30648010495687616,0.3228377197540912,0.30648010495687616,0.32025519013404846,4.494609912480468,5.337251760441894,2.7624657565424204
1988-06-20 00:00:00-04:00,0.3056191670436071,0.31595006341380194,0.3021757877937676,0.3099241554737091,1.408612055240555,4.558365089606447,-3.225875794866939
1988-06-13 00:00:00-04:00,0.3099243332415018,0.316811095691321,0.3047584912887667,0.3082026541233063,-0.5555159545520291,3.9548051152196213,-0.555458914704976
1988-06-06 00:00:00-04:00,0.29442756493738953,0.31336771333075303,0.29442756493738953,0.30648016929626465,4.093572000107437,6.432872002793336,-0.5588805949583109
1988-05-30 00:00:00-04:00,0.2754880362531604,0.2978715278481444,0.2737663353081755,0.2961498498916626,7.500076562132449,8.805024369718057,-3.3706322429677527
1988-05-23 00:00:00-04:00,0.26515726567170245,0.2754881897410667,0.2574088944586816,0.27376648783683777,3.246836228804156,7.0235705414939105,-7.558120344485431
1988-05-16 00:00:00-04:00,0.2789315974598102,0.2892625233768754,0.26515731309546914,0.26687899231910706,-4.320989536669384,9.090909090909086,-2.5158285706012307
1988-05-09 00:00:00-04:00,0.2835363543909224,0.2835363543909224,0.2715075538172717,0.27838069200515747,-1.818342623766904,4.430374184633639,4.309705903077532
1988-05-02 00:00:00-04:00,0.2800991020159323,0.29642439746469684,0.278380799597511,0.28353646397590637,1.2271949232377588,6.4816244127733205,1.8520580337710202
1988-04-25 00:00:00-04:00,0.2766625738482089,0.2886913814068267,0.27494429403923454,0.2818174362182617,1.8632308296535338,4.99995368721144,-0.6062810171007627
1988-04-18 00:00:00-04:00,0.2732258677385506,0.28525466985792713,0.2680702276333917,0.2758032977581024,0.9433330895367985,6.410425497917122,-2.134054777044203
1988-04-11 00:00:00-04:00,0.2869731632661639,0.29040972362260287,0.26463382315735146,0.27150776982307434,-5.389142757138446,9.740213914351017,-1.557460686636003
1988-04-04 00:00:00-04:00,0.2732259912871305,0.2912688125918531,0.2646337662895911,0.2818174362182617,3.1444464308311604,10.064870660955268,3.797190187929278
1988-03-28 00:00:00-05:00,0.2749442756175995,0.28869136206411844,0.26635202825262255,0.2749442756175995,0.0,8.387146123140488,-2.4388698914069695
1988-03-21 00:00:00-05:00,0.3050157849790782,0.30673484407712837,0.27494416971366464,0.2758032977581024,-9.577368995174975,11.562592651654157,0.3124349974456875
1988-03-14 00:00:00-05:00,0.3144670795669543,0.319622741720581,0.3041565812118515,0.3075939416885376,-2.185646232947992,5.0849337032615445,11.526564108859084
1988-03-07 00:00:00-05:00,0.3213411654884251,0.3282143294120887,0.30587499799920054,0.3144672214984894,-2.1391420484479884,7.3034185726244205,2.234530294134185
1988-02-29 00:00:00-05:00,0.2869729820766578,0.32305938972290615,0.28525468004020826,0.3222002387046814,12.275461046229614,13.252967375458697,2.4590852965033605
1988-02-22 00:00:00-05:00,0.2852546381837921,0.3007200195930307,0.28353635934259175,0.28697293996810913,0.6023747046699784,6.060478553890239,-10.933355877759144
1988-02-15 00:00:00-05:00,0.28181727749230595,0.29384607827602716,0.2749441391843879,0.28697293996810913,1.8294344909154614,6.874828882590902,0.0
1988-02-08 00:00:00-05:00,0.2646337662895911,0.2852547988457483,0.2594789039195384,0.2818174362182617,6.493377685546882,9.933715048450619,-1.796512155613117
1988-02-01 00:00:00-05:00,0.2864082678239621,0.29155298415471664,0.26411290183198216,0.2649703621864319,-7.485086167521818,10.389527407559491,-5.978009827178377
1988-01-25 00:00:00-05:00,0.2709731597830206,0.286408101226105,0.26582764501629186,0.28469318151474,5.063240116735387,7.742030069352575,7.443405807941361
1988-01-18 00:00:00-05:00,0.2949834689190421,0.2966983660771877,0.2623979041383234,0.269257515668869,-8.72115083073809,13.071926794347691,-5.4218600402524135
1988-01-11 00:00:00-05:00,0.27440294347722544,0.3087033944169686,0.27268802397103964,0.29412591457366943,7.187594581353658,13.207536554577073,9.235916346856365
1988-01-04 00:00:00-05:00,0.2932678066408318,0.3172780642767884,0.2709732478041486,0.27440306544303894,-6.432598727379819,17.088335047047718,-6.705580213568885
1987-12-28 00:00:00-05:00,0.28983787850339837,0.30012810602784157,0.27097314449764554,0.2881229817867279,-0.5916744648854995,10.759354615840671,4.9999136567725255
1987-12-21 00:00:00-05:00,0.2778328359370058,0.2949834796963812,0.27611793871620577,0.29241034388542175,5.246862884026122,6.832421344259516,1.4880319758273863
1987-12-14 00:00:00-05:00,0.23667263649633866,0.2829782304842921,0.2349577400114968,0.2778327167034149,17.39114450086122,20.437926612013545,-4.985332252035157
1987-12-07 00:00:00-05:00,0.21266242546700845,0.24867779911473137,0.21266242546700845,0.23324207961559296,9.677146352201813,16.935466417554892,-16.049455088265308
1987-11-30 00:00:00-05:00,0.2315272316728065,0.23667272446832516,0.20408716036921123,0.21094757318496704,-8.888655705486329,15.966493943158323,-9.558526689253311
1987-11-23 00:00:00-05:00,0.24353234649563546,0.25896806847249537,0.2383876324897983,0.24010252952575684,-1.408361977056749,8.633181078962979,13.820948921382282
1987-11-16 00:00:00-05:00,0.25896811409879256,0.2641128290110513,0.22809744323681705,0.24353238940238953,-5.960473068323202,15.789473684210526,1.428498018495361
1987-11-09 00:00:00-05:00,0.2532702104810722,0.27380588428197766,0.246425526619927,0.2549813985824585,0.6756373353723737,11.111007060677036,4.701226480865239
1987-11-02 00:00:00-05:00,0.26524939039640144,0.27038371212981954,0.23444668158485865,0.2584047019481659,-2.5804728289880385,15.32844495901017,1.3425698442077971
1987-10-26 00:00:00-05:00,0.23615770402297984,0.2943415530623114,0.18909728660851371,0.2643936574459076,11.956397331920282,55.656148399254334,2.317665062821894
1987-10-19 00:00:00-04:00,0.33027858678697525,0.33027858678697525,0.22332312400414622,0.24300242960453033,-26.425012299915384,47.89269506226471,-8.090673599367149
1987-10-12 00:00:00-04:00,0.371349004158243,0.3747713569358995,0.325144168586459,0.3302784860134125,-11.059816422001,15.263133447907485,35.91571349756375
1987-10-05 00:00:00-04:00,0.40044058850021996,0.4089972601222062,0.36450358214499684,0.37049347162246704,-7.478541820626774,12.206650402549437,12.17608391465783
1987-09-28 00:00:00-04:00,0.39359586725632273,0.4021525385618917,0.3713490519385167,0.4004405736923218,1.7390188783515725,8.29502228767641,8.08303097452978
1987-09-21 00:00:00-04:00,0.35423651138593826,0.39701822037554246,0.34396867548889754,0.3935958445072174,11.111032278205062,15.422783720419691,-1.7092996151692463
1987-09-14 00:00:00-04:00,0.3747714486609929,0.37819457911286253,0.3491022542973058,0.35423657298088074,-5.479306322154594,8.333468047668594,-9.999920496014013
1987-09-07 00:00:00-04:00,0.34396881387333716,0.37990583128062005,0.3319898080709095,0.37306034564971924,8.457607376898627,14.43298018337846,5.313898706290399
1987-08-31 00:00:00-04:00,0.3576589423880895,0.37819459581151893,0.34225758502679754,0.3456799387931824,-3.34928116571706,10.499989585886798,-7.339404248085213
1987-08-24 00:00:00-04:00,0.36279250080219,0.3662156317749674,0.35252466155728246,0.3559477925300598,-1.8866730312769646,3.8836914720249367,2.9703354417163874
1987-08-17 00:00:00-04:00,0.338834399219403,0.3679266977315104,0.3302785276214691,0.36279240250587463,7.070711634257146,11.39891544908112,1.9229252489989301
1987-08-10 00:00:00-04:00,0.3302785954157668,0.34396876504943513,0.31316527218601414,0.3354121148586273,1.5542997681694264,9.836177762751518,-7.547095104011703
1987-08-03 00:00:00-04:00,0.2802882506217312,0.32301550879413937,0.2734524031898428,0.31788861751556396,13.414892279797035,18.12494789811287,-5.224467622598938
1987-07-27 00:00:00-04:00,0.29054283498623695,0.29396154598226953,0.2768703185030684,0.28199800848960876,-2.9409868245530673,6.173008205287883,-11.290309576497492
1987-07-20 00:00:00-04:00,0.29396137110596515,0.29737930423503073,0.2768701537942528,0.2905426621437073,-1.162978982373002,7.407497760130067,3.030040424705116
1987-07-13 00:00:00-04:00,0.26661565898426376,0.30592496756457455,0.2649066806412621,0.29567039012908936,10.897608660915326,15.484051524868715,1.7648795352628088
1987-07-06 00:00:00-04:00,0.27857934085857045,0.28541598808120694,0.24952537001631914,0.2597799301147461,-6.748314747922554,14.38355469126868,-12.138672390790816
1987-06-29 00:00:00-04:00,0.27687043185824295,0.2802883684199794,0.2717435384249614,0.2777249217033386,0.3086244491189189,3.1444464308311555,6.90776673188962
1987-06-22 00:00:00-04:00,0.28199800014128834,0.295670493401057,0.2734523980639918,0.2768703103065491,-1.818342623766893,8.125032179043407,-0.30771865612493343
1987-06-15 00:00:00-04:00,0.2700344954591676,0.29054286130629375,0.2597799132094229,0.2802882790565491,3.7972124931468203,11.841927159345515,1.2345017225630528
1987-06-08 00:00:00-04:00,0.26576120319980223,0.2743068033658521,0.26234326890303905,0.27003440260887146,1.6079094155276645,4.560259736351282,-3.658332229300554
1987-06-01 00:00:00-04:00,0.2717434735058209,0.2717434735058209,0.2631978697183643,0.2657613158226013,-2.20139884356466,3.246836228804155,-1.5824231079398565
1987-05-25 00:00:00-04:00,0.25465215801583774,0.2751612926447007,0.2529431794581406,0.27003440260887146,6.040492534163816,8.78383565595883,1.6078663567132834
1987-05-18 00:00:00-04:00,0.267470400440592,0.26832486759941954,0.24781649203642037,0.25337064266204834,-5.27152079456933,8.275629839835338,-6.17097665550399
1987-05-11 00:00:00-04:00,0.26319784540381536,0.27174344840181835,0.25636119871121454,0.26747027039527893,1.623275063254618,6.000225372612487,5.564822974395267
1987-05-04 00:00:00-04:00,0.27133035323530413,0.2807161560936837,0.2662104805729343,0.2696239948272705,-0.6288859273160019,5.448949827043075,0.8052201199066689
1987-04-27 00:00:00-04:00,0.25341206151126766,0.2730368673801422,0.24999932024944618,0.2730368673801422,7.744227228900846,9.21504390800321,1.2657896249397504
1987-04-20 00:00:00-04:00,0.2440261837992663,0.26365098401589715,0.23720072602542158,0.25511837005615234,4.545490194613859,11.151002121148991,-6.562665875829287
1987-04-13 00:00:00-04:00,0.23890705587258787,0.249999218003713,0.2269617030789585,0.24402615427970886,2.1427154541015616,10.150397451300366,-4.347870274493381
1987-04-06 00:00:00-04:00,0.2440262183219406,0.24829292462464275,0.23037450340449941,0.23976030945777893,-1.7481354640892373,7.777953269716469,-1.7481096788667605
1987-03-30 00:00:00-05:00,0.21672276629453233,0.24530676858360467,0.21245685741872905,0.24488018453121185,12.992367492399392,15.461920864306144,2.1354139411196016
1987-03-23 00:00:00-05:00,0.23208078299257603,0.23378793883592766,0.2209893963996539,0.22184258699417114,-4.41147942814912,5.791473547956081,-9.407701803697554
1987-03-16 00:00:00-05:00,0.21672278388287977,0.23805394765409102,0.213310065618858,0.2329348474740982,7.480553405949084,11.59995988161446,5.000059109578681
1987-03-09 00:00:00-05:00,0.22696178434531175,0.2320808845853872,0.2167227864265442,0.2167227864265442,-4.511331257067227,7.08651748719024,-6.959912277340452
1987-03-02 00:00:00-05:00,0.23976025424741831,0.24061342215341397,0.22098942111786127,0.2295212596654892,-4.270513732173091,8.880063550683065,5.90545805080025
1987-02-23 00:00:00-05:00,0.20776354926504154,0.24359961408056277,0.20349761797049268,0.2389070987701416,14.98990059385759,19.706371263709297,4.089311429508347
1987-02-16 00:00:00-05:00,0.21203027787661413,0.22994794958153683,0.20691040279841122,0.20904414355754852,-1.4083527828998637,11.134068887570939,-12.499819120621847
1987-02-09 00:00:00-05:00,0.18046019996247278,0.21331014949414231,0.17619427767109008,0.2120303511619568,17.494245936804408,21.065310584228012,1.4285057469625606
1987-02-02 00:00:00-05:00,0.1894192826645131,0.19155223662577342,0.18046007403206465,0.18429940938949585,-2.7029314032855023,6.146602041035337,-13.078760479568796
1987-01-26 00:00:00-05:00,0.170647714562588,0.1953916159722757,0.1689413442737208,0.18941931426525116,11.000205745959954,15.65648232069224,2.7780365073959423
1987-01-19 00:00:00-05:00,0.16638177759259637,0.19027248572890432,0.1633956213471959,0.17150087654590607,3.0767185129157357,16.448950198364457,-9.459667715961217
1987-01-12 00:00:00-05:00,0.15528960171024359,0.17534097408777513,0.1518768615058914,0.16638177633285522,7.142895918626051,15.4494320920462,-2.9848828275117256
1987-01-05 00:00:00-05:00,0.1407847059848402,0.15614278961595798,0.13993151519104147,0.15486301481723785,9.999885096832624,11.58514892287422,-6.923090839331769
1986-12-29 00:00:00-05:00,0.13993151982757637,0.1416378900797353,0.13694461147174739,0.13950492441654205,-0.3048601284113618,3.427136385688429,-9.917210005772336
1986-12-22 00:00:00-05:00,0.14334427050692572,0.14505064088020822,0.13993152976036072,0.13993152976036072,-2.3808002471923806,3.6582971176076042,0.30579948743951757
1986-12-15 00:00:00-05:00,0.1399315516590416,0.1450506635800079,0.13779858551064372,0.14377088844776154,2.74372487348308,5.262810240388148,2.7437409524328826
1986-12-08 00:00:00-05:00,0.14889001377235947,0.14974395673612428,0.1403581598026798,0.14078475534915924,-5.44378915539124,6.687033334320825,-2.0770081696248943
1986-12-01 00:00:00-05:00,0.13651800151210763,0.14931730926036835,0.13353185673705495,0.14931730926036835,9.375545793589394,11.821488077109132,6.060708696795736
1986-11-24 00:00:00-05:00,0.12371943005808915,0.1407846649582591,0.12286625090489646,0.1365179717540741,10.344811392984703,14.583674460151158,-8.571904737431158
1986-11-17 00:00:00-05:00,0.12030676329163714,0.12627982980017574,0.11774721289486101,0.12286632508039474,2.127529424553578,7.246555307371638,-9.99988975683851
1986-11-10 00:00:00-05:00,0.12243967319554865,0.12499923380622953,0.11902693330929164,0.12030670791864395,-1.7420540428086009,5.0176042773603715,-2.083253617356884
1986-11-03 00:00:00-05:00,0.11860034866576583,0.12670636626207832,0.11561419273897704,0.12201307713985443,2.877502901535478,9.59412790101312,1.4183491932672654
1986-10-27 00:00:00-05:00,0.11433446368213021,0.1190269800192309,0.11262732980666135,0.11817380040884018,3.3579872621644475,5.68214679647945,-3.1466108559933925
1986-10-20 00:00:00-04:00,0.11433438564668069,0.11476098085670684,0.11006769306817923,0.11262725293636322,-1.4931052462142935,4.264001232060388,-4.693550899850763
1986-10-13 00:00:00-04:00,0.11305390603030283,0.12030673461653693,0.11177411974497024,0.11476103961467743,1.5100173397963146,7.633801895318124,1.8945562665191096
1986-10-06 00:00:00-04:00,0.11518758572383116,0.11689395531502147,0.11006770229603653,0.11348121613264084,-1.4813832414904824,6.20186746573954,-1.1152072918943046
1986-09-29 00:00:00-04:00,0.11476104949333049,0.11860038589586153,0.10793480435595733,0.1151876449584961,0.3717249598613984,9.88150356462431,1.5037103795757067
1986-09-22 00:00:00-04:00,0.1143344673828868,0.12414609587585483,0.1143344673828868,0.11689402908086777,2.238661496020642,8.581514146657582,1.4813950949222887
1986-09-15 00:00:00-04:00,0.11006774942317221,0.1198801505800715,0.10921456995826259,0.11476103961467743,4.2640012320604,9.765712235908506,-1.824720631979182
1986-09-08 00:00:00-04:00,0.11945357070805881,0.12286631179609593,0.1083613932132721,0.1083613932132721,-9.285764694213865,13.385688530486037,-5.576497409654735
1986-09-01 00:00:00-04:00,0.12670639951490112,0.12670639951490112,0.11646741396718513,0.11988015472888947,-5.387450682953755,8.791287793683509,10.629949628782143
1986-08-25 00:00:00-04:00,0.12457263812716844,0.12969251120477016,0.12371944746198091,0.1262797713279724,1.370391786245439,4.827910134843413,5.338345294561697
1986-08-18 00:00:00-04:00,0.12201314991605318,0.12499930762397136,0.11817382382070059,0.12371952086687088,1.3985139732821494,5.775800073649772,-2.0274430608937966
1986-08-11 00:00:00-04:00,0.10878794974444479,0.12627977093082618,0.10836135441319265,0.12201307713985443,12.156794411951838,16.535799699687047,-1.3792841380728227
1986-08-04 00:00:00-04:00,0.1070816266361872,0.11134755903016799,0.10452207631338364,0.10793481767177582,0.7967669733738345,6.530182864259052,-11.538320152307746
1986-07-28 00:00:00-04:00,0.1156142381654502,0.11604083366431775,0.10238910557369847,0.10708162188529968,-7.38024694496528,13.333184242724853,-0.7904731808327736
1986-07-21 00:00:00-04:00,0.1126273143727692,0.11817378421488714,0.11177412348731486,0.11604081839323044,3.0307958948247387,5.725529780869696,8.36669855218235
1986-07-14 00:00:00-04:00,0.12670641163080873,0.1275595912068279,0.10665503406123378,0.1083613932132721,-14.478366312661034,19.600159832673434,-6.617865408303903
1986-07-07 00:00:00-04:00,0.1284127769486862,0.1288393724153243,0.1160408248973941,0.12670640647411346,-1.3288167385824805,11.029348963390227,16.92947341931599
1986-06-30 00:00:00-04:00,0.12243974565408429,0.12883940853445783,0.11860041955395507,0.12841281294822693,4.87837283737725,8.633181078962975,1.3467404858191534
1986-06-23 00:00:00-04:00,0.12286630027942838,0.12542662481413458,0.11732059368319056,0.12243970483541489,-0.34720297025572583,6.90929944731897,-4.6514891899613335
1986-06-16 00:00:00-04:00,0.12414610027878281,0.12585323427005257,0.11092096671805753,0.12286632508039474,-1.0308621821500636,13.462078445412725,0.34843292504938006
1986-06-09 00:00:00-04:00,0.12883936437545823,0.12926594842349676,0.11988015383238647,0.12414607405662537,-3.642745632581575,7.829314770677788,1.0415782968956178
1986-06-02 00:00:00-04:00,0.126279855972796,0.13353193592002205,0.12542667612770203,0.1288394182920456,2.0268967679223384,6.462149873179866,3.7805015350541815
1986-05-26 00:00:00-04:00,0.1262797713279724,0.12798614126637128,0.12414604279457467,0.1262797713279724,0.0,3.0932105328164616,-1.9866955299899902
1986-05-19 00:00:00-04:00,0.12286626818876957,0.12798614126637128,0.11689397910036163,0.1262797713279724,2.778226432301497,9.489079122275628,0.0
1986-05-12 00:00:00-04:00,0.11390787590771535,0.1275596049985638,0.11348129176957364,0.12286632508039474,7.864644214713697,12.405845059973856,-2.7030823794511827
1986-05-05 00:00:00-04:00,0.10409544767916784,0.11476102714177934,0.10409544767916784,0.1139078363776207,9.42633795926944,10.24596147132566,-7.291248189373512
1986-04-28 00:00:00-04:00,0.1100677572922357,0.1117741277360271,0.09172352030283171,0.1040954664349556,-5.426013034337887,21.85983198965423,-8.61430631527027
1986-04-21 00:00:00-05:00,0.10196249839387064,0.1113475413338906,0.10025536472324999,0.11006775498390198,7.949252634749652,11.06392325364336,5.737318591754614
1986-04-14 00:00:00-05:00,0.09215009641788136,0.10196248543105287,0.09129691132234675,0.10153590142726898,10.185344751919704,11.68229456421435,-7.751455962630316
1986-04-07 00:00:00-05:00,0.09129692183234782,0.09470966260735716,0.08959055144484315,0.09215010702610016,0.934516932913771,5.71389625351912,-9.243818461484722
1986-03-31 00:00:00-05:00,0.09641601611220432,0.09726920690295479,0.08959054105010095,0.09129691123962402,-5.309392649684811,8.570844380278682,-0.92587606679011
1986-03-24 00:00:00-05:00,0.09428305007707859,0.0989755646608801,0.09001712513908257,0.09641600400209427,2.2622877847841605,9.95192804475386,5.6070820939761346
1986-03-17 00:00:00-05:00,0.08873661120741516,0.10110856377333534,0.08660364517748072,0.0942830815911293,6.25048704051779,16.748623647571698,-2.2122078518402755
1986-03-10 00:00:00-05:00,0.08447064772400567,0.08959052037347524,0.08319087322521741,0.0891631618142128,5.555200790621575,7.692727459336157,-5.430369574808436
1986-03-03 00:00:00-05:00,0.08532385956280854,0.08788341506455052,0.08276430406106657,0.08447067439556122,-0.9999373816643555,6.1851677018958435,-5.262809576480931
1986-02-24 00:00:00-05:00,0.08617700277989815,0.09129687455365876,0.08489722280401736,0.08532381802797318,-0.9900376253558791,7.5381167231050625,1.0099879496839659
1986-02-17 00:00:00-05:00,0.08105793267941934,0.08788341392922248,0.07935156236696855,0.0861770436167717,6.315373175871908,10.751964180361822,0.999985242712409
1986-02-10 00:00:00-05:00,0.08191113620182879,0.08361750689688345,0.08020476550677412,0.08105795085430145,-1.041598721601281,4.255035680917351,-5.940204661968673
1986-02-03 00:00:00-05:00,0.07892497167601446,0.08319089740520787,0.07807178653017578,0.0819111168384552,3.783523894945198,6.556928056274824,1.0525383076698702
1986-01-27 00:00:00-05:00,0.07721782236040767,0.0831908865612393,0.07508486262183785,0.07892496138811111,2.210809597472873,10.79581643536746,-3.645604608509212
1986-01-20 00:00:00-05:00,0.0819111008002431,0.0823376961376296,0.07636463232773369,0.07721781730651855,-5.7297282637796165,7.821767260348153,-2.1629964102202526
1986-01-13 00:00:00-05:00,0.0776451911092618,0.08447067227597124,0.07679124270085999,0.0819111168384552,5.494127412463215,10.000397577919715,6.078000771902747
1986-01-06 00:00:00-05:00,0.07636466090353286,0.08020476085544512,0.07465829030743605,0.0776452049612999,1.6768804347663826,7.429142195956008,-5.207976696946426
1985-12-30 00:00:00-05:00,0.076364666223526,0.0772178515810121,0.07423170567780608,0.076364666223526,0.0,4.022736478893576,-1.6492180533390854
1985-12-23 00:00:00-05:00,0.076364666223526,0.0772178515810121,0.07380511015106768,0.076364666223526,0.0,4.62399070058844,0.0
1985-12-16 00:00:00-05:00,0.06825940817540332,0.07807180589724137,0.06825940817540332,0.076364666223526,11.874199124749127,14.375157922001819,0.0
1985-12-09 00:00:00-05:00,0.06740621781538328,0.06911258840371767,0.0656998472270489,0.06825940310955048,1.2657367848526357,5.194443093413669,-10.613891888495552
1985-12-02 00:00:00-05:00,0.06868598032107427,0.07081894014072351,0.0669796101869594,0.06740619987249374,-1.8632338689761194,5.732087635397452,-1.2499424228591849
1985-11-25 00:00:00-05:00,0.06484587279813603,0.06868597120046616,0.06484587279813603,0.06868597120046616,5.921885598308286,5.921885598308286,1.8985958715863616
1985-11-18 00:00:00-05:00,0.06783275727615458,0.06825934672285218,0.0644192499605807,0.06484584510326385,-4.403347722886566,5.961101323938586,-5.590844869900069
1985-11-11 00:00:00-05:00,0.06996576534921979,0.07081895054158066,0.06612643483159067,0.06783280521631241,-3.0485768607849124,7.096278095047444,4.606247490940962
1985-11-04 00:00:00-05:00,0.06399270531109197,0.07081895006682161,0.06356610986977658,0.06996576488018036,9.333969458004878,11.409916718048994,3.1444367619268387
1985-10-28 00:00:00-05:00,0.06143315807129182,0.06569984784495154,0.06100656257220099,0.06356611847877502,3.4720018870069316,7.69308263712789,-9.146825468663177
1985-10-21 00:00:00-04:00,0.060579977175941754,0.06441930846709669,0.058873606447430504,0.06143316254019737,1.4083619770567448,9.419674374149407,-3.355491871491023
1985-10-14 00:00:00-04:00,0.05674065007986907,0.06527249865723111,0.05674065007986907,0.06057998165488243,6.766456798801303,15.036571779407657,-1.3887953184189117
1985-10-07 00:00:00-04:00,0.05119417008141974,0.05546085976332911,0.05119417008141974,0.05460767447948456,6.667760005945876,8.334327278132605,-9.858548999604288
1985-09-30 00:00:00-04:00,0.05418104766278199,0.05460763716521375,0.051194135099649436,0.05119413509964943,-5.5128364843050655,6.667760005945859,-6.251024993048471
1985-09-23 00:00:00-04:00,0.05759380929159244,0.058873584002070614,0.054181069135665894,0.054181069135665894,-5.925532965961915,8.660801533197816,5.83452387700738
1985-09-16 00:00:00-04:00,0.05375449079939393,0.0584470128485345,0.05204735691808625,0.057167232036590576,6.348755585710294,12.29583269813341,5.511450675599483
1985-09-09 00:00:00-04:00,0.05204735241014029,0.055034266844688075,0.05204735241014029,0.05375448614358902,3.2799626770566226,5.738840298754278,-5.969758848595619
1985-09-02 00:00:00-04:00,0.051194135099649436,0.05162072460208119,0.050340950398799614,0.05119413509964943,-1.3554079760114442e-14,2.542213035596747,-4.763046263897641
1985-08-26 00:00:00-04:00,0.05162072460208119,0.05247390930293101,0.05076753990123137,0.05119413509964943,-0.8263919302182019,3.3611425824836094,0.0
1985-08-19 00:00:00-04:00,0.0511941768641203,0.05204736226100312,0.05034099146723747,0.05034099146723747,-1.6665672721867395,3.389624924006862,-1.6664870512048124
1985-08-12 00:00:00-04:00,0.05204733650702995,0.05290052148174126,0.049487781582896025,0.049914371222257614,-4.098125721542431,6.896126255182035,-0.8474609508982489
1985-08-05 00:00:00-04:00,0.053754486998465224,0.05460767224743647,0.050767572516415505,0.052047353237867355,-3.175797697867734,7.564079865704203,4.2732823501112405
1985-07-29 00:00:00-04:00,0.05674063731549356,0.05674063731549356,0.05375448614358902,0.05375448614358902,-5.26280865563902,5.555166435649538,3.279961034559631
1985-07-22 00:00:00-04:00,0.05930016245310589,0.05930016245310589,0.05546082802493421,0.05674060806632042,-4.316268760325145,6.922605674847807,5.555112023124664
1985-07-15 00:00:00-04:00,0.061006537274827154,0.06228631754542718,0.05887357775181104,0.059300173074007034,-2.797018609879713,5.79672566869127,4.510993263757257
1985-07-08 00:00:00-04:00,0.06015335360341103,0.06185972353644341,0.06015335360341103,0.061006538569927216,1.4183497933318985,2.8366995866638085,2.877505085508991
1985-07-01 00:00:00-04:00,0.06185972390245049,0.06228631923622667,0.05887357934996965,0.060153353959321976,-2.7584506290706488,5.796725668691276,-1.398513389884104
1985-06-24 00:00:00-04:00,0.058873606447430504,0.06313953326870862,0.058873606447430504,0.06143316254019737,4.347544251518463,7.245907085864113,2.127576430303213
1985-06-17 00:00:00-04:00,0.050767549316689725,0.056314017011031524,0.050767549316689725,0.05503424257040024,8.404371121195418,10.925222448187801,-10.41606797568032
1985-06-10 00:00:00-04:00,0.05588746265775901,0.056314052508204954,0.05034099146723747,0.05034099146723747,-9.924356781925772,11.865203419473417,-8.527874435918914
1985-06-03 00:00:00-04:00,0.05802040194110502,0.060579957189424355,0.05460766161001258,0.05588744208216667,-3.676223858468714,10.936735621575727,11.017761973438489
1985-05-27 00:00:00-04:00,0.061006537274827154,0.06143313259702315,0.05759380317719896,0.059300173074007034,-2.797018609879713,6.666219641741165,6.10643619513469
1985-05-20 00:00:00-04:00,0.07423171593771741,0.07593808688853511,0.06185976043343544,0.06185976043343544,-16.666670503295926,22.758456153817043,4.316323590209459
1985-05-13 00:00:00-04:00,0.06911253885969457,0.07551142113084985,0.06740616949458833,0.07423164695501328,7.4069165737219045,12.024495230977706,19.999894010082176
1985-05-06 00:00:00-04:00,0.06825939139652068,0.06996576169204896,0.06740620624875653,0.06911257654428482,1.249916136532722,3.797210354557898,-6.896075488976782
1985-04-29 00:00:00-04:00,0.07465828996780931,0.07508488546288804,0.0656998472270489,0.06825940310955048,-8.570899308057903,14.284718506887605,-1.2344691478658132
1985-04-22 00:00:00-05:00,0.07679122496949467,0.07721781459591832,0.07380507480057728,0.07465825974941254,-2.7776158290604878,4.623990700588447,9.37432258174371
1985-04-15 00:00:00-05:00,0.07295189165139569,0.07849836006603184,0.07295189165139569,0.07679122686386108,5.262831608002503,7.602912397584182,2.856974059679085
1985-04-08 00:00:00-05:00,0.07124555110931396,0.07508488190304502,0.06697962484072946,0.07124555110931396,0.0,12.101078621430045,-7.221756938951818
1985-04-01 00:00:00-05:00,0.07551147168190847,0.07721784218934227,0.07039236585559706,0.07124555110931396,-5.649367543205443,9.696330348871914,0.0
1985-03-25 00:00:00-05:00,0.07593808838288661,0.07764522263015619,0.07380512180439507,0.07551149278879166,-0.5617676230457931,5.203027556730418,5.987660440625042
1985-03-18 00:00:00-05:00,0.07807176696849243,0.07892495190055686,0.07508485359590113,0.07593803852796555,-2.7330346466834716,5.1143447989160915,0.5648752572895877
1985-03-11 00:00:00-05:00,0.07593804268633533,0.07935154586388848,0.07380507739137908,0.07721781730651855,1.6852878674650258,7.515022907024646,1.685293435755142
1985-03-04 00:00:00-05:00,0.08617703523283837,0.08873659045250226,0.07081894065235682,0.07337849587202072,-14.851450071631934,25.30064645855325,-4.972066769587036
1985-02-25 00:00:00-05:00,0.09428302934328367,0.09470961889527779,0.08191108363339596,0.0848972275853157,-9.954921711090067,15.624912642058792,15.69769395843814
1985-02-18 00:00:00-05:00,0.09513626686390506,0.09513626686390506,0.09001715522725054,0.0942830815911293,-0.896803396749062,5.686817833479843,11.055548305604535
1985-02-11 00:00:00-05:00,0.1040954442287223,0.10494863496460027,0.0934298708156307,0.09556283056735992,-8.196913634965817,12.32878098665047,1.3573474208028236
1985-02-04 00:00:00-05:00,0.09982877018049882,0.10366886974402006,0.09982877018049882,0.10196249932050705,2.137388987313243,3.846686237422358,6.696817910428221
1985-01-28 00:00:00-05:00,0.10324228239331987,0.10452205732219225,0.09684262170240202,0.09769581258296967,-5.37228515466167,7.929809710634626,-4.184564684046787
1985-01-21 00:00:00-05:00,0.09982878680242308,0.10324230287241581,0.09684264091206396,0.10110857337713242,1.2819814962213658,6.608310037892235,3.493251864059599
1985-01-14 00:00:00-05:00,0.10452205732219225,0.10622842769134845,0.09556284677352964,0.09769581258296967,-6.530913104953997,11.160802841186518,-3.3753426442219125
1985-01-07 00:00:00-05:00,0.09684261159532717,0.10324227161833817,0.09556283680001974,0.10153590142726898,4.846306553104429,8.036005496978758,3.9306585848170927
1984-12-31 00:00:00-05:00,0.09940213967905231,0.09982872354165086,0.09513621561326113,0.09684257954359055,-2.574954768303808,4.93240970133316,-4.622327489789713
1984-12-24 00:00:00-05:00,0.09385646826740272,0.09854898352776569,0.09385646826740272,0.09812238812446594,4.545152759114435,4.999671676323579,1.3215349972161006
1984-12-17 00:00:00-05:00,0.09215010702610016,0.09812239768637691,0.09129692183234782,0.09215010702610016,0.0,7.476129224337911,-6.0865631305162315
1984-12-10 00:00:00-05:00,0.09300330810352396,0.09300330810352396,0.08703024746453594,0.0900171622633934,-3.2107952942992255,6.863200798575216,-2.3146416553836757
1984-12-03 00:00:00-05:00,0.084470659572515,0.09684260274114045,0.08319088489421562,0.0930032730102539,10.101274786914585,16.41011255534085,3.3172682539392095
1984-11-26 00:00:00-05:00,0.08191111889381923,0.09044373382887477,0.08191111889381923,0.08447067439556122,3.1247961648038514,10.416919034052393,-9.174514335373917
1984-11-19 00:00:00-05:00,0.07935158015924679,0.08233773172358777,0.07465829463710759,0.08105795085430145,2.150392836072368,10.286113718251546,-4.0401282050603555
1984-11-12 00:00:00-05:00,0.08233773325289552,0.08404409828365289,0.07892499179939931,0.07935158163309097,-3.626710988791442,6.486039931767901,-2.105122573697449
1984-11-05 00:00:00-05:00,0.08489728364702695,0.09001716478601972,0.07849839626971691,0.07935158163309097,-6.532249061104306,14.673890249585279,0.0
1984-10-29 00:00:00-05:00,0.08447063803332158,0.08617700763327199,0.08447063803332158,0.0848972275853157,0.5050151886219245,2.0200742407998473,6.98870247837895
1984-10-22 00:00:00-04:00,0.08745680156510852,0.09044371514398046,0.08361747195366276,0.08404406160116196,-3.902200746966369,8.163656507219585,-1.004939747056377
1984-10-15 00:00:00-04:00,0.08191112845918032,0.09342989567272683,0.08148453867373535,0.0874568298459053,6.770388213475336,14.65966083065251,4.060689333339118
1984-10-08 00:00:00-04:00,0.0848972771467162,0.08532387264373555,0.0767912564005522,0.0776452049612999,-8.542172881332288,11.111442426044201,-11.218820647733308
1984-10-01 00:00:00-04:00,0.08532382283329679,0.08745678198524133,0.08361745323334638,0.0848972275853157,-0.4999720286965475,4.591539927891322,9.339949102626989
1984-09-24 00:00:00-04:00,0.09172350263426078,0.0930032773725882,0.08404406815785735,0.08575043827295303,-6.512032565006599,10.660132726920182,1.0049924030556934
1984-09-17 00:00:00-04:00,0.09769579702313118,0.09897557174817609,0.09044372126124796,0.0917235016822815,-6.113154836574637,9.4333253518879,6.965636012629517
1984-09-10 00:00:00-04:00,0.09044370542915788,0.09726918462390634,0.08830997707046256,0.09513622522354126,5.188332092451596,10.14518160988222,3.720664255798911
1984-09-03 00:00:00-04:00,0.09044373780488968,0.09172351846001607,0.08873660413276512,0.09044373780488968,0.0,3.3660453388344926,-4.932387644796354
1984-08-27 00:00:00-04:00,0.0959894444837879,0.0968426239925526,0.08916319388714745,0.09044373780488968,-5.777413036112389,8.61278042050051,0.0
1984-08-20 00:00:00-04:00,0.09385646295676593,0.09982875269712277,0.09087031808658752,0.09598942846059799,2.2725824483867347,9.858482724798028,6.131646911444322
1984-08-13 00:00:00-04:00,0.0972692015369257,0.10324226582924807,0.09257668662260267,0.09385646134614944,-3.5085516657404616,11.520804638563716,-2.2220854407150603
1984-08-06 00:00:00-04:00,0.09342989861694072,0.10537525029637054,0.09300330312206256,0.09726922959089279,4.109317285779357,13.302696526886113,3.6361569526436766
1984-07-30 00:00:00-04:00,0.09257671539297309,0.0938564905142398,0.0819111328717495,0.09342990070581436,0.921598167767824,14.583313920457519,-3.9471155484898657
1984-07-23 00:00:00-04:00,0.0866036324766394,0.09428306776406169,0.08361748730785194,0.09257669746875763,6.8970143876233125,12.755203247070321,-0.9132014811224498
1984-07-16 00:00:00-04:00,0.0900171204382347,0.0900171204382347,0.08532383714111469,0.08660361170768738,-3.7920661246762584,5.5005534846703235,-6.45204022652247
1984-07-09 00:00:00-04:00,0.08575046660734387,0.09300330810352396,0.08447069144614236,0.0900171622633934,4.975711299143095,10.101274786914594,3.941579904574599
1984-07-02 00:00:00-04:00,0.09044372219994466,0.09087031757671293,0.08276429341952993,0.08575043827295303,-5.1891760012001145,9.794107848047217,-4.739900573577049
1984-06-25 00:00:00-04:00,0.09769581489329664,0.09854899440206134,0.08276430769948454,0.09044373780488968,-7.423119502434855,19.071852518709726,5.473207631892629
1984-06-18 00:00:00-04:00,0.09897558751184204,0.10452205732219225,0.09684262170240202,0.09769581258296967,-1.2930207953746766,7.929809710634626,8.018327143582415
1984-06-11 00:00:00-04:00,0.0976958310913592,0.10196251538917755,0.0964160445280533,0.09897560626268387,1.3099588355289242,5.752643025622615,1.3099780286154106
1984-06-04 00:00:00-04:00,0.10366886644162461,0.10494865276247607,0.09470966158895154,0.09769581258296967,-5.761666027300819,10.810925730009124,-1.2930394953253432
1984-05-28 00:00:00-04:00,0.10068195992058326,0.10366886854171753,0.09556284870941323,0.10366886854171753,2.9666770725265015,8.482396602630613,6.113932420261259
1984-05-21 00:00:00-04:00,0.10153593729013644,0.11006777986698277,0.09854901659427241,0.10068198293447495,-0.8410365614898859,11.688359428418504,-2.8811789395006504
1984-05-14 00:00:00-04:00,0.10964115698685317,0.10964115698685317,0.09812238639063459,0.10153590142726898,-7.392530124938461,11.739187172192553,0.8481343611893122
1984-05-07 00:00:00-04:00,0.10281568929386307,0.11732059532853538,0.10196249839387064,0.11006775498390198,7.05346211249081,15.062495698504746,8.402794909684674
1984-04-30 00:00:00-04:00,0.1028156504034996,0.11433440671514901,0.10196245982622937,0.1028156504034996,0.0,12.133825439288799,-6.588763967669764
1984-04-23 00:00:00-05:00,0.09641599198757148,0.10494861545470015,0.09342985344706323,0.1028156504034996,6.637548692910899,12.328780986650461,0.0
1984-04-16 00:00:00-05:00,0.0878833965596689,0.09684259934388799,0.08575043124267677,0.09641600400209427,9.709009638279186,12.935407951267312,-6.224389357349736
1984-04-09 00:00:00-05:00,0.08020473972770036,0.09001713418114454,0.08020473972770036,0.08788340538740158,9.57383028206404,12.234182776177347,-8.849774166649082
1984-04-02 00:00:00-05:00,0.08447070479082076,0.08617707573932222,0.07849840647106565,0.08020477741956711,-5.050185601999646,9.781942861587783,-8.737289974126593
1984-03-26 00:00:00-05:00,0.08703022989730319,0.0891631899674268,0.08361748922831388,0.08447067439556122,-2.940995909998493,6.632225854056223,5.318756704078065
1984-03-19 00:00:00-05:00,0.09044375145046966,0.09129693678394724,0.0853238761868733,0.08703024685382843,-3.7741740495036797,7.000456219302496,3.0301314350601682
1984-03-12 00:00:00-05:00,0.09044371798947717,0.09470964307862285,0.09001712832855682,0.09087031334638596,0.47166941650763966,5.212913183520641,4.41233551710718
1984-03-05 00:00:00-05:00,0.09300330810352396,0.0934299036212515,0.08575046660734387,0.0900171622633934,-3.2107952942992255,8.955562946464424,-0.9388666678637358
1984-02-27 00:00:00-05:00,0.09257668334948359,0.09556282806284108,0.08575043425081438,0.0930032730102539,0.46079600752158295,11.44296690478102,3.3172682539392095
1984-02-20 00:00:00-05:00,0.085323857603156,0.09428306776406169,0.08489726218133534,0.09257669746875763,8.500365629663417,11.05548676314066,-0.4586672357748567
1984-02-13 00:00:00-05:00,0.08319085899615404,0.09129687455365876,0.08148448949230408,0.08532381802797318,2.563934376393135,12.042028025813947,-7.834454716028427
1984-02-06 00:00:00-05:00,0.08361747784397731,0.08532384794615341,0.07636463879925622,0.08319088816642761,-0.5101680755615229,11.732143682953504,-2.499805928570009
1984-01-30 00:00:00-05:00,0.0891631865886267,0.09087032581700173,0.07892497066562093,0.08361748605966568,-6.219719977648715,15.135077087312876,0.5127940122296115
1984-01-23 00:00:00-05:00,0.09769577975108884,0.09940214954679827,0.08745679201850337,0.0891631618142128,-8.733865432688706,13.658581858076385,6.63219622578699
1984-01-16 00:00:00-05:00,0.09300329121979534,0.10068195788099825,0.09257670147550105,0.09769581258296967,5.045543336831447,8.755179517431957,9.569704118990474
1984-01-09 00:00:00-05:00,0.09470964304531203,0.09726919809789919,0.08660361926834344,0.0930032730102539,-1.8016856364264213,12.315396192055433,-4.803214640065101
1984-01-02 00:00:00-05:00,0.08319089726820462,0.09897558285479363,0.08319089726820462,0.09470965713262558,13.84617817894771,18.974053778624018,1.834757065144954
1983-12-26 00:00:00-05:00,0.08404406752152702,0.08617703299724146,0.08276429279288926,0.08319088816642761,-1.015157143460329,4.123445134597232,-12.16219054627955
1983-12-19 00:00:00-05:00,0.0844706569446494,0.08532384193563604,0.07849836200774293,0.08404406160116196,-0.5050219317780152,8.69506032141136,1.0255611564424338
1983-12-12 00:00:00-05:00,0.07380509369439266,0.08532385956280854,0.07167213362426905,0.08447067439556122,14.451008957907305,19.047466913859036,0.5076061131169318
1983-12-05 00:00:00-05:00,0.06783281013246385,0.07551147172422953,0.06740621465737132,0.07380510121583939,8.804428228335002,12.024495230977719,-12.62636205528186
1983-11-28 00:00:00-05:00,0.06996576534921979,0.07337850611866327,0.06740620977213718,0.06783280521631241,-3.0485768607849124,8.860157493968423,-8.091982669411014
1983-11-21 00:00:00-05:00,0.07039236032149576,0.07423169081338661,0.06825939450689786,0.06996576488018036,-0.6060251984264449,8.749412955729092,3.1444367619268387
1983-11-14 00:00:00-05:00,0.06825941133416423,0.07124556307154759,0.06484590648350456,0.07039237767457962,3.124794513643613,9.86902170867325,0.6097450590726083
1983-11-07 00:00:00-05:00,0.07209873408530772,0.07380510467364211,0.05887360161101552,0.06825940310955048,-5.325101785025127,25.361966406065495,-3.0301214925425257
1983-10-31 00:00:00-05:00,0.07209871709346771,0.08233770716908972,0.07167212739491563,0.07209871709346771,0.0,14.881070454915369,5.624593549046231
1983-10-24 00:00:00-04:00,0.06783281009444636,0.07465828642819157,0.061006559106061536,0.07124555110931396,5.031106643106643,22.377474688248096,-1.183330326180032
1983-10-17 00:00:00-04:00,0.07764519534307236,0.07764519534307236,0.0644192954882746,0.06783280521631241,-12.637472394015212,20.53096010217171,-4.790117894891832
1983-10-10 00:00:00-04:00,0.0686859989170875,0.08191113145154193,0.06271293287205908,0.0776452049612999,13.043715146411811,30.612822109036387,14.465566791313833
1983-10-03 00:00:00-04:00,0.0789249831152524,0.0810579434410017,0.06868599661860575,0.06953918188810349,-11.892053512945367,18.01232773995249,-10.43982442603717
1983-09-26 00:00:00-04:00,0.0831908865612393,0.08830999107300459,0.0755114522911564,0.07892496138811111,-5.127875599676303,16.949136049588482,13.497109464287949
1983-09-19 00:00:00-04:00,0.10025531662701204,0.11433439511202027,0.07593802630161486,0.08276426792144775,-17.44650487777885,50.56276898467256,4.864502263684312
1983-09-12 00:00:00-04:00,0.10452204981389616,0.11177411481787679,0.0994021758116137,0.10025535523891449,-4.082099980414295,12.446346274864544,21.133621738873675
1983-09-05 00:00:00-04:00,0.13225211209415133,0.13566485330448436,0.10409547627948747,0.10452207177877426,-20.96755951665697,30.32732848086098,4.255849006461476
1983-08-29 00:00:00-04:00,0.10537518482995314,0.13139884949548727,0.10238904100496803,0.12969247996807098,23.076870685787487,28.33292333416001,24.08142869820935
1983-08-22 00:00:00-04:00,0.11518758227023991,0.11646735657726856,0.10238904176180577,0.10537518560886383,-8.518623681461913,13.749825736443633,-18.7499648130669
1983-08-15 00:00:00-04:00,0.11433445402816488,0.11860038589586153,0.11177412936650863,0.1151876449584961,0.7462238199178749,6.107188280545246,9.3119260411598
1983-08-08 00:00:00-04:00,0.1156142391891347,0.11902698042633135,0.11305392569451823,0.11433446407318115,-1.10693555130346,5.283367822142542,-0.7406878451437726
1983-08-01 00:00:00-04:00,0.11902696118551642,0.12414607221380251,0.10836138043267306,0.11561422049999237,-2.8671997096564747,14.566713452803215,1.119309420116843
1983-07-25 00:00:00-04:00,0.14931730224746273,0.14931730224746273,0.1156141966103308,0.11902693659067154,-20.28590471490781,29.151355651179916,2.9518134325693834
1983-07-18 00:00:00-04:00,0.15145026330427622,0.15827574358552632,0.13907832557602906,0.14931730926036835,-1.4083528132417882,13.803314017469049,25.4483342487962
1983-07-11 00:00:00-04:00,0.15784913078124216,0.1646753849627888,0.15059706732758354,0.1514502465724945,-4.053797557881805,9.348334522731209,1.4284595153043478
1983-07-04 00:00:00-04:00,0.16808819505139022,0.16851479057722535,0.15699602786079606,0.15784920752048492,-6.09143760974701,7.336977166481343,4.2251241531835015
1983-06-27 00:00:00-04:00,0.18173984632053475,0.18173984632053475,0.15614277006608637,0.1680881232023239,-7.511684088327707,16.39337911298396,6.4865170010500295
1983-06-20 00:00:00-04:00,0.19155220852936805,0.1928319829968054,0.17875367780872195,0.18173982203006744,-5.122565056615471,7.875812884335813,8.121751000403087
1983-06-13 00:00:00-04:00,0.20221786250822935,0.20264446934892036,0.18173989114859346,0.1915522813796997,-5.274302178965816,11.50247095902296,5.399179574418689
1983-06-06 00:00:00-04:00,0.2094707486217667,0.21586964757531701,0.19923177209566642,0.20221790671348572,-3.4624604895918747,8.351015154180065,5.567997027738003
1983-05-30 00:00:00-04:00,0.20221784944254764,0.21032388013901954,0.19325865068773576,0.2094706892967224,3.5866467149999943,8.830253854383729,3.5866173778135613
1983-05-23 00:00:00-04:00,0.19411182361342078,0.2081901205546677,0.19027248796141336,0.2026444375514984,4.395720868127323,9.41682782688372,-3.2588099882339017
1983-05-16 00:00:00-04:00,0.18131330687328678,0.1945384378941851,0.1744878252700449,0.19411185383796692,7.058801797501035,11.491124147549558,-4.210618271406085
1983-05-09 00:00:00-04:00,0.18813959731622112,0.1889927770273207,0.17875378887943671,0.18131335079669952,-3.628288046161908,5.727983844185721,-6.593365004875396
1983-05-02 00:00:00-04:00,0.1723540607932441,0.19027247854630294,0.16254243584981756,0.18813951313495636,9.158735378244712,17.060186499300887,3.764842637490484
1983-04-25 00:00:00-04:00,0.17406122080856662,0.17534099569491002,0.16510201055763288,0.1723540872335434,-0.9807661735871294,6.201611417507828,-8.390276788953821
1983-04-18 00:00:00-05:00,0.15699594015437504,0.18003345271723342,0.15699594015437504,0.17406116425991058,10.869850576234779,14.67395433296266,0.990447661420446
1983-04-11 00:00:00-05:00,0.13438503013289133,0.1574225572841663,0.13225206479133922,0.15614277124404907,16.19059882610574,19.032211355293267,-10.294308378349992
1983-04-04 00:00:00-05:00,0.14419745461978273,0.14419745461978273,0.13182551429829054,0.13438506424427032,-6.804829115316591,9.38508784687717,-13.934495222818699
1983-03-28 00:00:00-05:00,0.14675699516220364,0.15187686898327815,0.1424910753927271,0.14419743418693542,-1.7440810725507516,6.586934349875865,7.301681922649728
1983-03-21 00:00:00-05:00,0.14675697195844573,0.15400981021350055,0.14419741138786987,0.14718356728553772,0.29068147250461446,6.80483701558051,2.070864239325587
1983-03-14 00:00:00-05:00,0.14419743082838873,0.14846336189048404,0.13694460298749273,0.14675699174404144,1.7750391951843274,8.411254369800414,-0.2898255215330603
1983-03-07 00:00:00-05:00,0.15230350624020134,0.15273010175199708,0.14121132802267264,0.14462406933307648,-5.042193116035979,8.157117343641872,-1.4533702180847263
1983-02-28 00:00:00-05:00,0.1595555528899112,0.16126269798485957,0.14761019654490712,0.15230348706245422,-4.545166680886805,9.249023278550393,5.30991678272561
1983-02-21 00:00:00-05:00,0.15571620032187974,0.165955184410333,0.15571620032187974,0.15955552458763123,2.465590772068188,6.575413519780425,4.761570247044444
1983-02-14 00:00:00-05:00,0.1587023506053762,0.15912894600227556,0.14547722117479936,0.15486301481723785,-2.419205369985426,9.384097879538722,-2.9409885884685516
1983-02-07 00:00:00-05:00,0.15017053539554856,0.16126271326756753,0.1390783689155102,0.15870238840579987,5.681442759578928,15.950966728358932,2.4792062798810077
1983-01-31 00:00:00-05:00,0.13993149247075964,0.15486298967257092,0.13694458469887563,0.1501704752445221,7.317139689553449,13.084420251516821,-5.376045847187749
1983-01-24 00:00:00-05:00,0.12755957844346816,0.14334427050692572,0.11817378382380433,0.13993152976036072,9.698959080815369,21.299552124564507,-6.818214743936402
1983-01-17 00:00:00-05:00,0.11262732187228992,0.13310529430821644,0.11092095137973822,0.1275595873594284,13.258120000465285,20.000137622810367,-8.841425818841431
1983-01-10 00:00:00-05:00,0.09385642574472891,0.11262725293636322,0.09300324102066307,0.11262725293636322,19.999512066107528,21.10035274076112,-11.706163944376758
1983-01-03 00:00:00-05:00,0.10196247971372405,0.10409544518095351,0.09385646134614944,0.09385646134614944,-7.950001206653217,10.909194410219612,-16.66629621235606
1982-12-27 00:00:00-05:00,0.10921457646843225,0.11518764190933964,0.10110855654211816,0.10196249932050705,-6.640209926576386,13.924721951061228,8.636632852012127
1982-12-20 00:00:00-05:00,0.10281573008156214,0.10921461880207062,0.10068200011448009,0.10921461880207062,6.2236476027864,8.47482040274185,7.11253601068309
1982-12-13 00:00:00-05:00,0.09897555232740715,0.10366882958879481,0.09428303832834595,0.1028156504034996,3.879845058494406,9.954909628349395,-5.859076805613217
1982-12-06 00:00:00-05:00,0.10836135545403834,0.1190269337483338,0.09854896783044233,0.09982874244451523,-7.87422137142077,20.779482899429937,-2.9051102115896454
1982-11-29 00:00:00-05:00,0.09897559765448417,0.11518765004400255,0.09556285656644706,0.1083613932132721,9.482939008413949,20.53600549697876,8.547288646352836
1982-11-22 00:00:00-05:00,0.10537525677403083,0.10537525677403083,0.09598946039893257,0.09897560626268387,-6.073200395677818,9.777944720275386,-8.661559871342305
1982-11-15 00:00:00-05:00,0.11049429422895202,0.11177406853598067,0.10196244652880504,0.10537518560886383,-4.632916709238424,9.622780093260888,6.465814747520016
1982-11-08 00:00:00-05:00,0.1028156985001272,0.1160408307609874,0.09812240765126845,0.11049436032772064,7.468374907343494,18.26129580248565,4.858045743196482
1982-11-01 00:00:00-05:00,0.0866036054384875,0.10878793887649113,0.08575042055720478,0.1028156504034996,18.719826828141862,26.865778814364933,-6.949413437433705
1982-10-25 00:00:00-04:00,0.08830998159377623,0.08873657691329241,0.0793515425398037,0.08660361170768738,-1.9322503020531863,11.827160598398027,-15.768065107002815
1982-10-18 00:00:00-04:00,0.07849835700575179,0.0912968943174408,0.07849835700575179,0.08830998092889786,12.499145583935139,16.3042104317562,1.9703210842637597
1982-10-11 00:00:00-04:00,0.08020476395932791,0.08447069061465909,0.077217849189872,0.07849839329719543,-2.1275178404586774,9.392700652608157,-11.110394916291689
1982-10-04 00:00:00-04:00,0.06313954140883865,0.08063137300468821,0.061433170460337194,0.08020477741956711,27.02781114647051,31.250548198136485,2.1737822275053276
1982-09-27 00:00:00-04:00,0.06185972534910629,0.06399269067589265,0.06185972534910629,0.06313950568437576,2.06884257575832,3.448067890293629,-21.277126231420763
1982-09-20 00:00:00-04:00,0.06100657495802659,0.06441931685966198,0.06100657495802659,0.06185976043343544,1.3985139732821494,5.594055893128587,-2.0268534526348136
1982-09-13 00:00:00-04:00,0.06228635250955307,0.06484590879155903,0.06057998165488243,0.06057998165488243,-2.7395581630966857,7.041809885283766,-2.0688388858701168
1982-09-06 00:00:00-04:00,0.05972679959290906,0.062286356019135604,0.05930020970320038,0.06185976043343544,3.5711956024169966,5.03564208437203,2.1125440179955213
1982-08-30 00:00:00-04:00,0.05844700953427469,0.06313952562133399,0.05844700953427469,0.06271293014287949,7.298783363934408,8.028667547665544,1.3791998279109263
1982-08-23 00:00:00-04:00,0.05247394211456774,0.06100655772062361,0.05247394211456774,0.05759382247924805,9.756995869496402,16.260671987300647,-8.162762690195668
1982-08-16 00:00:00-04:00,0.04564847178438194,0.050767581317683406,0.04564847178438194,0.05034099146723747,10.279686262051433,11.214196955992971,-12.59307109651192
1982-08-09 00:00:00-04:00,0.04223572272212012,0.045648463705676455,0.04223572272212012,0.04479527845978737,6.060167963757219,8.080223951676297,-11.01629675104695
1982-08-02 00:00:00-04:00,0.04735483038674168,0.04778142297535769,0.04180912673473358,0.04180912673473358,-11.710956636771684,14.284671092310877,-6.666219806479045
1982-07-26 00:00:00-04:00,0.04650164610992625,0.04650164610992625,0.04394209052866924,0.04607505351305008,-0.9173709590145228,5.824837986684017,10.20333862838736
1982-07-19 00:00:00-04:00,0.045648449886243635,0.04948778233044005,0.045648449886243635,0.048208002001047134,5.607095358510372,8.4106523962239,4.629291396032631
1982-07-12 00:00:00-04:00,0.03967540180892561,0.04564846150482202,0.03967540180892561,0.04522186890244484,13.979611650136988,15.054818410314553,-6.194268533546432
1982-07-05 00:00:00-04:00,0.03967540783538773,0.03967540783538773,0.037542444499517165,0.038822222501039505,-2.1504135203551447,5.681471636451361,-14.151662805469211
1982-06-28 00:00:00-04:00,0.04522186760344392,0.04522186760344392,0.04095517843961716,0.04095517843961716,-9.435013169384954,10.417947928410115,5.4941623667231765
1982-06-21 00:00:00-04:00,0.04394209109531329,0.04778142451670794,0.04394209109531329,0.04522186890244484,2.912418993342009,8.737256980026027,10.417951100172452
1982-06-14 00:00:00-04:00,0.04564845275577465,0.04607504527639051,0.043942082673311234,0.043942082673311234,-3.7380677316550592,4.8540316555700205,-2.8300162293036446
1982-06-07 00:00:00-04:00,0.04479527052505047,0.04607504816719278,0.043515492882908166,0.04564845561981201,1.9046320845063742,5.881940234876545,3.8832318422111767
1982-05-31 00:00:00-04:00,0.04735483419745462,0.04820801659534873,0.04479527845978737,0.04479527845978737,-5.405056909279246,7.618521980223802,-1.8690164835595269
1982-05-24 00:00:00-04:00,0.04906118999551978,0.04948778536345877,0.04778141528367996,0.04778141528367996,-2.6085276609814976,3.571200370788574,6.666186541452679
1982-05-17 00:00:00-04:00,0.04948780008921244,0.04948780008921244,0.04778142950168035,0.048634614795446396,-1.7240315637955113,3.571200370788577,1.7856304730635486
1982-05-10 00:00:00-04:00,0.05503425002892363,0.05503425002892363,0.049914371222257614,0.049914371222257614,-9.303077272744202,10.257324055768086,2.6313695136556126
1982-05-03 00:00:00-04:00,0.052047347741449174,0.05588744706693954,0.052047347741449174,0.0554608516395092,6.558458876746183,7.378088398599044,11.111990958584528
1982-04-26 00:00:00-04:00,0.05375449631755648,0.054181091863993364,0.04991439592080058,0.05034099146723747,-6.350175490722886,8.548026805658973,-9.231484950051582
1982-04-19 00:00:00-05:00,0.057167236837061916,0.057167236837061916,0.05247395113110542,0.05247395113110542,-8.209747340654749,8.944029570463229,4.237023550193886
1982-04-12 00:00:00-05:00,0.059726782717106505,0.060153372486282254,0.05460767131105836,0.05759382247924805,-3.57119560241699,10.155535004659418,9.756977010080092
1982-04-05 00:00:00-05:00,0.06057995981224735,0.06100654952410877,0.05930018498067397,0.0597267746925354,-1.4083619770567446,2.8775029015354776,3.703439225718852
1982-03-29 00:00:00-05:00,0.05674065007986907,0.06100657152055451,0.05674065007986907,0.06057998165488243,6.766456798801303,7.518280870382446,1.4285167192422676
1982-03-22 00:00:00-05:00,0.06100655232417805,0.06143314775160839,0.0554608516395092,0.0554608516395092,-9.090336157991645,10.768489728427902,-8.450200669482467
1982-03-15 00:00:00-05:00,0.05204732558030379,0.05716719761612453,0.04820799115213211,0.05674060806632042,9.017336498443838,18.58448412778589,2.3074950870382027
1982-03-08 00:00:00-05:00,0.056314042745378955,0.05674063821785956,0.052047353237867355,0.052047353237867355,-7.576599546942877,9.01733649844384,-8.271421453516014
1982-03-01 00:00:00-05:00,0.06271289593949958,0.06313949118529064,0.05674060806632042,0.05674060806632042,-9.523221314704951,11.277431344216433,9.017278567468946
1982-02-22 00:00:00-05:00,0.0635661109282082,0.0635661109282082,0.06228633597493172,0.06228633597493172,-2.0132975489437532,2.054664049899406,9.773825303615457
1982-02-15 00:00:00-05:00,0.06313951633541079,0.06484588660629301,0.06271292091969564,0.0639927014708519,1.3512696722426645,3.401158254657985,2.7395502869312027
1982-02-08 00:00:00-05:00,0.06356610605513674,0.06441929119057785,0.06313951633541079,0.0639927014708519,0.6711051568034277,2.026899997726651,0.0
1982-02-01 00:00:00-05:00,0.06953916538813172,0.06996575507366606,0.06740619987249374,0.06740619987249374,-3.0672866200404694,3.7972103545578904,5.33419956211203
1982-01-25 00:00:00-05:00,0.06911258640535957,0.0699657716748573,0.06612644081011253,0.06953918188810349,0.6172471686153455,5.806044931058258,3.1643706656724557
1982-01-18 00:00:00-05:00,0.06953917822719836,0.07124554867636161,0.06783280777803512,0.0708189532160759,1.8403654191832017,5.031106643106657,1.8403600577753476
1982-01-11 00:00:00-05:00,0.06399271337601868,0.06911258840371767,0.061006561998438374,0.06825940310955048,6.667461822506092,13.287138530256456,-3.6142162377294285
1982-01-04 00:00:00-05:00,0.07551146625157065,0.07551146625157065,0.06484589093244983,0.06783280521631241,-10.168867612338977,16.447573108728182,-0.6249657538807019
1981-12-28 00:00:00-05:00,0.07209875081999846,0.07593808838288661,0.07124557102379175,0.07551149278879166,4.73342732013962,6.586398693510138,11.320020671403231
1981-12-21 00:00:00-05:00,0.07508485507182415,0.07636462964708306,0.0742316701229889,0.07465825974941254,-0.5681509566790047,2.873382103029906,-1.1299379840968626
1981-12-14 00:00:00-05:00,0.06271292282718227,0.07849837768607794,0.06185973766579054,0.07807178795337677,24.49074996634881,26.897365957451907,4.572204355447873
1981-12-07 00:00:00-05:00,0.06527247632601894,0.06569983500428793,0.0639927014708519,0.0639927014708519,-1.9606653940550764,2.6677003692579144,-18.033513579748785
1981-11-30 00:00:00-05:00,0.0639926605138831,0.06527243454996146,0.06313947592450235,0.06484584510326385,1.3332538177494004,3.3781696699692976,1.3331889618702242
1981-11-23 00:00:00-05:00,0.0627129361299296,0.0648459023338511,0.061433160964369175,0.06441930681467056,2.7209229706701543,5.555210436691168,-0.6577727345739026
1981-11-16 00:00:00-05:00,0.06143310674574084,0.06527243454996146,0.06100651160305768,0.06484584510326385,5.555210436691161,6.992569866410729,0.6621280322379297
1981-11-09 00:00:00-05:00,0.062286356019135604,0.06697964224473796,0.06185976043343544,0.06185976043343544,-0.684894113197287,8.276594955151495,-4.60489745345013
1981-11-02 00:00:00-05:00,0.06825940871700087,0.06868600424712405,0.061006567010074196,0.06143316254019737,-10.000447271825449,12.587886211957686,-0.6896209914959317
1981-10-26 00:00:00-05:00,0.06484589867018588,0.0686859986046292,0.06484589867018588,0.06825940310955048,5.264025187970787,5.921885598308295,11.111654173568741
1981-10-19 00:00:00-04:00,0.06356606537119994,0.06740616213347143,0.06356606537119994,0.06484584510326385,2.0133065096770197,6.0411113065546775,-5.000861201215246
1981-10-12 00:00:00-04:00,0.06569984004093418,0.06655302524178172,0.06185974052651313,0.06228633597493172,-5.195604835378117,7.58697769392849,-3.947067270472371
1981-10-05 00:00:00-04:00,0.058020416862526444,0.06441930378096637,0.05759382705942593,0.06356611847877502,9.558189885792382,11.851056041991866,2.054676172248082
1981-09-28 00:00:00-04:00,0.04906119635975152,0.0567406316733915,0.04906119635975152,0.05631403625011444,14.783251181198168,15.65276814150415,-11.408722763341416
1981-09-21 00:00:00-04:00,0.061006561969754375,0.06143315746463253,0.048634614795446396,0.048634614795446396,-20.279699059982597,26.315706874652673,-13.636780394430414
1981-09-14 00:00:00-04:00,0.06527249865723111,0.06527249865723111,0.06015338609321919,0.06057998165488243,-7.189118080174536,8.510098759991461,24.5614505423295
1981-09-07 00:00:00-04:00,0.06783280203273545,0.06825939176090008,0.06697961688041687,0.06697961688041687,-1.2577766607766576,1.9106930437778975,10.563943815619602
1981-08-31 00:00:00-04:00,0.06868599661860575,0.07465828780909983,0.06868599661860575,0.06953918188810349,1.2421531483851602,8.695063745899411,3.8214088507797506
1981-08-24 00:00:00-04:00,0.06484587279813603,0.06911256082935492,0.06441927747325926,0.06868597120046616,5.921885598308286,7.285526227834305,-1.22694956206163
1981-08-17 00:00:00-04:00,0.07636463008836784,0.07636463008836784,0.06868597120046616,0.06868597120046616,-10.05525578925227,11.179370042669753,0.0
1981-08-10 00:00:00-04:00,0.08617704413860346,0.08617704413860346,0.07807178795337677,0.07807178795337677,-9.405354136062662,10.381799107850606,13.664823527816573
1981-08-03 00:00:00-04:00,0.08532385846054631,0.08873659908544788,0.08447067330432091,0.0861770436167717,0.999937381664354,5.050185601999645,10.381798439450707
1981-07-27 00:00:00-04:00,0.08532381802797318,0.08575040755594233,0.08105789426834827,0.08532381802797318,0.0,5.789088564352721,-0.9900845433881478
1981-07-20 00:00:00-04:00,0.08276430198429388,0.08276430198429388,0.0772178324257847,0.0819111168384552,-1.030861283649307,7.18288688540951,-3.9997052035331215
1981-07-13 00:00:00-04:00,0.07764517206913092,0.08873657624520223,0.07764517206913092,0.08830998092889786,13.735314863197914,14.284731272404347,7.811960497452963
1981-07-06 00:00:00-04:00,0.08575042566108446,0.08959052396574019,0.07593803852796555,0.07593803852796555,-11.442960262262583,17.978454148176173,-14.009676223227242
1981-06-29 00:00:00-04:00,0.09684260907155683,0.09684260907155683,0.08788340538740158,0.08788340538740158,-9.251303501680036,10.194420260186664,15.730412703558239
1981-06-22 00:00:00-04:00,0.09982875088244902,0.10196247960998285,0.09854897616020433,0.09940216690301895,-0.4273157538877621,3.4637634836808644,13.106867519346977
1981-06-15 00:00:00-04:00,0.11092097876848069,0.11092097876848069,0.10324231535196304,0.10324231535196304,-6.922643039911231,7.437515703072267,3.8632442013972534
1981-06-08 00:00:00-04:00,0.10452206430645736,0.11262732125355564,0.10409546883766801,0.11092095077037811,6.122043710464139,8.19618040165864,7.437488584247509
1981-06-01 00:00:00-04:00,0.11305392970936408,0.11348128848989485,0.10750822215398151,0.10793481767177582,-4.528026624769553,5.555915832519539,-2.6921272111920524
1981-05-25 00:00:00-04:00,0.10708158015136211,0.11348123922693523,0.10665499621073186,0.11305388063192368,5.5773368978302225,6.400303088207786,4.742735542218335
1981-05-18 00:00:00-04:00,0.09556285989703754,0.10793481288303479,0.09385648929354795,0.10708162188529968,12.053596973419193,14.999840389783934,-5.282665852106605
1981-05-11 00:00:00-04:00,0.09385646134614944,0.09513624176568485,0.0917235015749086,0.09385646134614944,0.0,3.7206824120088,-12.350541863585473
1981-05-04 00:00:00-04:00,0.09684260527919974,0.09684260527919974,0.0934298708156307,0.09556283056735992,-1.3214996727423811,3.6527230892821687,1.8180625997791022
1981-04-27 00:00:00-04:00,0.09854894916990703,0.09854894916990703,0.09513621561326113,0.09684257954359055,-1.7314944915085326,3.587207599805129,1.33917022824952
1981-04-20 00:00:00-05:00,0.08788343349916836,0.10025538143400854,0.08788343349916836,0.09897560626268387,12.621460407120392,14.077679310239127,2.202571151187893
1981-04-13 00:00:00-05:00,0.0951362087853145,0.09556279831328367,0.08532381802797318,0.08532381802797318,-10.314044339820265,12.000143127624305,-13.793083720526534
1981-04-06 00:00:00-05:00,0.08916316196980613,0.09556281482521922,0.0878833874687846,0.09513622522354126,6.699025832840951,8.73820135706795,11.500197040351745
1981-03-30 00:00:00-05:00,0.08447067810899327,0.0908703332552617,0.08276430769948454,0.09044373780488968,7.071163425714803,9.794107848047219,-4.932387644796354
1981-03-23 00:00:00-05:00,0.0912969189961221,0.09215010416336943,0.08447067439556122,0.08447067439556122,-7.476971485588509,9.09123766651465,-6.604175760862397
1981-03-16 00:00:00-05:00,0.07892496496574454,0.08873659046070172,0.07892496496574454,0.08788340538740158,11.350578901802786,12.431586759925297,4.040137025376578
1981-03-09 00:00:00-05:00,0.08105791138272402,0.08105791138272402,0.07380507334981055,0.07593803852796555,-6.3163148018759285,9.827018257318862,-13.59228947351242
1981-03-02 00:00:00-05:00,0.09087033987208681,0.09129692965753178,0.0874568298459053,0.0874568298459053,-3.756462263689693,4.390851827573151,15.168671118227216
1981-02-23 00:00:00-05:00,0.08404408265862125,0.09129692300964404,0.08105793728997579,0.09044373780488968,7.614640964389127,12.63168797774783,3.415294110531053
1981-02-16 00:00:00-05:00,0.0891631510336892,0.09385643351477059,0.08276426792144775,0.08276426792144775,-7.176600465615787,13.402118899729171,-8.49088070642161
1981-02-09 00:00:00-05:00,0.09385649278437992,0.09385649278437992,0.08703024685382843,0.08703024685382843,-7.273067347864452,7.8435327685747085,5.154372822374942
1981-02-02 00:00:00-05:00,0.09129691293557136,0.09854898352776569,0.09087032322826065,0.09812238812446594,7.476129224337899,8.450129840758589,12.745156622693843
1981-01-26 00:00:00-05:00,0.1104943224078968,0.1104943224078968,0.09641600400209427,0.09641600400209427,-12.741214298623898,14.60164062129845,-1.7390364777986944
1981-01-19 00:00:00-05:00,0.1122007346086119,0.1130539256132884,0.10878799337386733,0.11177413910627365,-0.38020740579491646,3.9213263404542467,15.929030935409628
1981-01-12 00:00:00-05:00,0.10878799637203083,0.10878799637203083,0.10409547989292793,0.10580185055732727,-2.7449221552822864,4.507896484967072,-5.34317561888622
1981-01-05 00:00:00-05:00,0.11561418126980023,0.11561418126980023,0.10324224576421762,0.10878793895244598,-5.904329592080365,11.983404093937839,2.822340421636338
1980-12-29 00:00:00-05:00,0.12286627537740355,0.12329287073495646,0.11646739058201724,0.11774716526269913,-4.166407827518374,5.860421632897025,8.23549595343418
1980-12-22 00:00:00-05:00,0.10110858208975054,0.12158655887142811,0.10110858208975054,0.12115996330976486,19.831532403664223,20.25345065515802,2.898412067459666
1980-12-15 00:00:00-05:00,0.09342986508947938,0.09684259934388799,0.08617702658447049,0.09641600400209427,3.1961288927849885,12.376352703423962,-20.42255430897474
1980-12-08 00:00:00-05:00,0.09812238812446594,0.09854898352776569,0.09812238812446594,0.09812238812446594,0.0,0.43475848015298646,1.7698141921901334
